FYEAR,Bankruptcy Status,CUSTOMERID,Ratio1,Ratio2,Ratio3,Ratio4,Ratio5,Ratio6,Ratio7,Ratio8,Ratio9,Ratio10
1999,0,36020,0.307139483,0.887005715,1.647680762,-0.199157597,1.092963959,-0.313288673,-0.196793318,1.206762812,0.282470912,0.158896251
1999,0,36110,0.760736496,0.592493372,0.453002755,-0.369890143,0.186153945,0.039619071,0.327497319,0.428418062,1.106965205,0.793442755
1999,0,37520,-0.513596083,0.337614773,0.299014546,-0.029079962,-0.432604675,0.82999324,-0.707786127,0.476153279,2.179175451,2.4845845
1994,1,78110,-0.466129332,0.370746659,0.496066653,-0.373428966,-0.267423988,0.977798881,-0.610975074,0.456809847,0.15195105,0.047788514
1999,0,00079X10,2.023422271,0.214876406,0.182594782,6.6953604,-1.148338079,-1.505889267,2.876476871,0.287374933,-0.986442053,0.791076735
1999,0,00086T10,0.907498517,0.386879734,0.477891386,-0.34715872,1.407989257,-0.483902305,0.070259441,0.52781095,0.502465945,-0.164648016
1999,0,88630,0.438145308,0.980612124,1.066970122,0.664317524,-0.074697329,-0.845530854,0.000106464,0.461060649,1.357504124,2.105166646
1999,0,00088U10,-1.086156313,-2.241779108,-2.064231759,0.498931755,-0.919495379,0.10610267,-0.875462329,-2.208174586,-1.187234181,0.000899815
1987,1,89310,-4.382767927,-2.241779108,-2.064231759,-0.407475803,0.585853193,5.110424207,-1.227033748,-2.208174586,-1.073644862,-1.308669845
1999,0,00089N10,0.469570906,0.325610419,0.997730929,-0.21048379,0.117501113,-0.331458472,-0.124313444,0.733277356,0.493847491,0.589623062
1999,0,90710,-0.300402422,0.553180057,0.246777428,-0.348660189,0.033607873,-0.212612287,-0.442578801,0.218924464,0.208682802,-0.10541647
1999,0,95510,-0.518823351,-0.264530113,0.279493816,-0.244917939,0.072414159,0.163959559,-0.669565039,0.139257948,-0.315598702,-0.234566364
1999,0,95710,0.30467047,0.68667538,0.638302343,-0.306270688,1.897217135,-0.097791558,-0.254030468,0.580003585,1.291080033,0.953790803
1999,0,97310,0.615013361,0.20797633,0.226997107,-0.25160153,0.58070638,0.087014962,-0.258270951,0.217374932,0.953904077,1.017449084
1999,0,100410,-0.262230773,-2.241779108,-1.495916943,2.073545227,-0.345872181,-1.089083714,-0.326619575,-0.878729697,-1.247744027,-0.507020076
1999,0,00100T10,1.629597025,0.27166142,0.94067298,0.279768947,-0.812347363,-1.001289917,1.223102194,0.775800107,-0.627868496,-0.038863245
1999,0,103110,-0.469896629,0.234746953,0.321096624,-0.395818384,0.094078755,1.047824194,-0.632700958,-0.070852526,0.938679161,0.591963836
1999,0,105810,0.851574717,-0.670371397,-0.640203167,-0.406093489,0.999099176,0.30307069,0.514454311,-0.92700416,-0.301290347,-1.311960758
1999,0,108410,0.291020231,0.431432466,0.05352931,-0.394124134,-0.177206057,0.326538798,-0.217285189,0.081645021,1.446737025,1.132722243
1999,0,120410,-0.854134044,0.285965665,0.339290223,-0.384075541,-0.765176121,0.415023411,-0.930939098,0.384991953,1.123739708,1.19819773
1999,0,130310,-0.134876203,0.241647852,0.538176032,-0.383035892,0.460033236,-0.165513644,-0.549243646,0.518065195,0.015389424,-0.667820776
1999,0,00130H10,-0.744706367,0.122801147,0.108463764,-0.371456696,-1.203415456,0.889750446,-0.774561621,0.187160985,1.565121443,2.446659816
1983,1,132010,-1.439989122,-0.418259051,-1.586942623,-0.330460098,0.005709132,0.625996529,-1.063494695,-1.693321497,-0.068022506,-0.109728289
1990,1,142310,-3.327218048,-1.515459779,-2.064231759,-0.417673192,-0.000187777,2.799707849,-1.070144845,-2.208174586,-0.24861514,-0.935588976
1999,0,00143T10,-0.14227403,-2.241779108,1.243888656,-0.313634219,0.506433038,0.103895335,-0.603765476,0.741172805,-0.615570959,-0.907458813
1999,0,154710,-0.398282795,-0.029524106,0.256458489,-0.395560085,-0.446684373,0.692082994,-0.439033865,0.198081771,1.674352413,1.558233118
1999,0,162710,0.004949391,-1.483834294,-1.849061317,1.037254727,-0.8831242,-0.505640099,0.05472457,-1.891007546,-0.616406928,0.615314218
1999,0,00162H10,1.24812455,-0.070526981,-0.131540184,0.043669516,-0.69198246,-1.043737051,0.98440063,0.339991547,-0.358261844,-0.033257906
1999,0,163010,-4.382767927,-2.241779108,-2.064231759,-0.334388122,-0.063470914,5.110424207,-1.136957016,-2.208174586,-1.950156913,-1.582388316
1999,0,00163U10,1.798830192,-0.95379508,-2.064231759,1.366365958,-1.248484679,-1.505889267,2.876476871,-0.939495617,-1.176902876,-0.481042874
1999,0,00167K50,-4.382767927,-2.241779108,-2.064231759,-0.040866167,-0.492842136,5.110424207,-1.190870574,-2.208174586,-2.62823463,-1.363475682
1999,0,171210,-0.368199909,-0.308212221,0.394235569,0.336951149,-0.333700402,-0.438033231,-0.462171863,0.001430181,0.466449547,1.235044899
1999,0,173310,1.291697359,0.042041606,-1.391714109,0.473876868,-0.552184575,-1.067911898,1.189171084,-0.912151121,-0.823079213,-0.367792714
1999,0,176510,-0.937335672,0.528614574,0.129565005,-0.393304537,-0.555835612,0.582465742,-0.906004306,0.381917603,2.179175451,2.250340265
1985,1,178510,-4.382767927,-2.241779108,-2.064231759,-0.3902398,1.157234955,5.110424207,-1.187606598,0.818100093,-1.851282313,-2.10833321
1999,0,00178W10,-0.028970629,0.228285362,0.686358142,0.333176764,0.709590976,-1.137008174,0.036046673,0.807998738,-0.408208736,-0.448374928
1999,0,1.85E+12,-0.040694793,-0.181020402,0.531348834,-0.199809915,0.668772102,0.81504627,-0.350348189,0.272826816,0.760631468,1.052063384
1999,0,191240,-0.661467372,0.438759023,-0.071365141,-0.396031589,-0.338365377,0.318274163,-0.748054946,0.628509841,-0.355404372,-0.846797362
1999,0,193020,-1.294320565,-2.241779108,-1.210461807,-0.232960263,-0.665526628,-0.019202883,-1.040433147,-0.988352216,-0.627868496,-0.289418582
1997,1,193710,-1.321927052,-0.367401649,-0.391866789,-0.427117541,0.511542787,1.328904872,-0.875675481,-1.17733852,1.015322068,-0.69869185
1999,0,194010,0.475668339,0.587178625,0.545922692,0.082307817,-0.291506922,-0.502789239,-0.028072477,0.54292581,0.845721778,1.438052566
1999,0,198610,-0.647070647,-0.252020772,0.310278701,-0.26270356,-1.085107496,-0.521069526,-0.478454035,0.504711813,0.293284476,0.895441184
1991,1,202410,-4.242508648,-1.70409872,-1.198416524,-0.427117541,0.525407188,3.749895676,-1.124681114,-2.199713871,0.220135195,-1.459072741
1999,0,00202J20,0.543641869,-2.241779108,0.620936886,-0.039286491,-0.396356279,-0.125913527,0.341322308,0.781512094,-0.445688837,0.045829535
1999,0,00203R10,0.671421545,0.378645041,-0.154397884,-0.301727484,-1.214905224,-0.742206012,0.597636344,0.86250757,-0.003849626,0.603211936
1985,1,205830,-0.583576449,0.74234426,0.484150299,-0.28828358,-0.655100959,0.085406731,-0.7117597,0.359631175,-0.896405794,-0.714645758
1990,1,206210,-1.40641859,-2.241779108,-2.064231759,-0.338570281,-1.337895653,2.3069848,-0.913152937,-2.208174586,-1.937407002,-0.440812475
1999,0,00206P10,-0.751248289,0.179007588,0.355909135,-0.386039533,-0.874889582,0.39363076,-0.780645215,0.366087181,-0.013700207,-0.011832605
1999,0,00206R10,-1.032672205,0.387126434,0.750061638,-0.239707148,-0.706171854,0.454920501,-0.977263505,0.762519673,2.179175451,2.4845845
1983,1,207110,-0.691770798,-1.050963583,-0.995629953,-0.353299528,0.037946475,0.358053411,-0.762843199,-0.943374072,-0.55270902,-0.834384542
1999,0,00207R10,0.9281089,0.509431288,0.58982628,0.618477196,-0.424369349,-0.875025291,0.588458019,0.414386388,0.451777011,1.193583361
1999,0,208310,2.02262297,-0.247310146,0.004501157,6.6953604,-1.056231696,-1.505889267,2.876476871,0.400085494,-0.507442996,0.646212876
1991,1,00208L10,-1.928871697,-2.241779108,-0.687235658,-0.36227235,3.51072971,1.201968418,-1.168750838,-1.211803536,-0.898652879,-1.66888732
1999,0,00209C10,0.315862228,-0.01310222,0.047359972,-0.413098227,1.909281081,0.617426924,-0.258966077,-0.42514879,0.239878691,-0.936447055
1999,0,00209G20,-1.667417401,-1.521412225,-1.598640706,-0.204198823,0.239071763,0.666239112,-1.078924739,-1.726548435,-0.237254675,0.003047289
1999,0,00210S10,-0.670071159,-0.330289793,-0.426538341,-0.151359023,-0.558773816,-0.263405792,-0.740306676,-0.456816611,-1.15155993,-0.856946998
1999,0,00211W10,-0.197832286,0.243676902,0.388800129,-0.392446392,-0.307181729,0.539920382,-0.327608024,0.190391709,0.871041649,0.605403444
1999,0,234610,1.89229389,-2.241779108,-2.064231759,5.069827657,-1.363863457,-1.376838234,2.876476871,-2.208174586,-2.763557265,0.154183845
1999,0,244410,0.639441423,0.998075864,0.950627047,0.883255126,0.031743016,-0.858074404,0.262142404,0.907145775,1.291215521,2.069899812
1999,0,245810,-2.008369226,-2.241779108,-0.42610285,-0.192619868,2.366036201,2.384419186,-0.95312872,-1.273516515,-0.032395777,0.130684972
1999,0,00246W10,0.376823937,0.306537851,0.220488618,-0.034559949,-0.582121257,-0.210160999,-0.092965793,0.124864136,0.103479141,0.733100667
1999,0,247410,-0.173556838,0.726712354,0.780821005,-0.368459766,-0.14362946,0.250855929,-0.380329588,0.628444578,0.153763167,-0.105112495
1999,0,253994,-0.086391541,0.279184839,0.286620851,-0.327120518,-0.319809356,0.368485624,-0.377689877,0.307895662,0.486585837,0.590621487
1999,0,00253U10,1.952728875,-2.241779108,-2.064231759,0.906366924,-1.275293707,-1.292631546,2.876476871,-2.208174586,-1.691643747,-0.478421377
1999,0,256410,0.108917182,0.773890558,0.312807066,-0.405870941,1.9155526,0.22814636,-0.547970867,0.315267597,-0.138956413,-1.288369143
1999,0,256710,0.169535023,-2.241779108,-0.486324232,0.811226461,0.486801584,-0.129690864,-0.427884387,-0.155219419,-0.394278378,0.330842455
1999,0,282410,-0.324372769,0.810911138,1.364089958,0.086699032,-0.348284331,-0.129499584,-0.558400251,1.231134894,2.119785532,2.4845845
1999,0,289620,0.392333253,0.851934948,2.142463254,0.530464202,1.196731186,-0.638283518,-0.164216403,2.000564954,1.113766568,1.577367916
1999,0,292220,0.577676266,0.55649936,1.887319984,0.1135776,2.643213099,0.02041975,-0.377059894,1.360449868,0.172690659,0.300750814
1999,0,365410,2.023422271,-0.473231082,-0.831056349,2.597731051,-1.170457716,-1.400326769,2.876476871,-0.451787578,-0.406638484,0.840273569
1999,0,368710,-0.652157396,0.378270468,-0.026538092,-0.359292411,-0.848659947,0.170086563,-0.601516619,0.229218186,1.398100236,1.704667409
1999,0,370910,-0.005455723,0.140988082,-0.49000179,-0.285791148,0.74236021,-0.244884643,-0.36773844,-0.150350466,-0.460234136,-0.790782504
1999,0,00371F20,-0.177911518,-0.718190917,-2.064231759,6.6953604,-1.011581888,-1.246963134,-0.026155775,-2.208174586,-1.684065891,0.159073419
1999,0,00374N10,0.16876242,0.048561476,-0.311739527,-0.080296259,-1.358386578,0.023907673,1.578161025,-0.076616892,0.071726544,2.314327352
1999,0,383010,-0.82022432,-0.612824669,-0.420246643,-0.425769677,-1.145204923,1.436828509,-0.922595832,-0.636523873,0.024337434,-0.479067763
1988,1,387030,-2.136422467,-2.241779108,-2.064231759,-0.414432788,0.02714062,5.110424207,-1.057109177,-2.208174586,-0.6433649,-1.048662127
1999,0,388130,1.731936078,-0.449975122,-1.436705854,6.6953604,-1.363863457,-1.505889267,2.876476871,-0.930108421,-2.475515179,0.832846367
1999,0,00388N10,-0.733977068,-2.241779108,-2.064231759,-0.26564761,-0.415840675,-0.009269929,-0.769478074,-2.208174586,-1.062533319,-0.986748479
1999,0,391010,-0.102995051,-0.41989822,-0.149899654,-0.400756545,-0.40747348,1.553432789,-0.306883043,-0.356654716,0.606728973,0.412751757
1999,0,430420,1.759036252,0.595347189,-0.443212262,0.076903748,-1.14662248,-1.223027572,2.876476871,0.14789928,-1.21953806,-0.651416837
1999,0,4.30E+12,1.389002782,0.458559203,-1.287467689,0.003819813,-0.804783014,-0.779716288,0.497349914,0.544193723,-0.940427067,-0.477943315
1999,0,00430U10,0.748628149,-0.843238685,-0.182534488,0.192642881,-0.447118777,-0.468472839,-0.055941487,0.312284103,0.199879641,0.88353035
1994,1,431530,-0.445275603,0.012050331,-0.187857685,0.096372404,-0.937542561,-0.553071424,-0.585149611,0.186437738,-0.817779293,-0.032795698
1999,0,431910,-0.507499197,-0.137690598,-0.213974265,-0.405121632,-0.526400894,0.02524986,-0.534218453,-0.122505446,0.108284354,-0.449993705
1999,0,00431M30,-0.685797691,-2.241779108,-2.064231759,0.370302711,-1.363863457,-0.965714711,-0.731490455,-2.208174586,-2.763557265,-0.724911028
1981,1,437710,0.08503838,0.061398306,-0.584403113,-0.231934427,-0.591046446,-0.337553255,0.050543204,-0.377113652,-1.221045881,-1.093265826
1999,0,00437W10,-0.143819691,-0.25532017,-0.947975461,6.6953604,-1.247092493,-1.453725282,0.995549189,-0.751714835,-0.476822915,1.330172658
1999,0,440410,0.621609431,-0.483093878,-0.020153728,-0.065030769,0.416867592,-0.766740872,0.028135034,0.333301583,-0.297434722,-0.333692417
1999,0,00440P10,-0.817836595,0.061725382,0.315762306,-0.416931689,-0.280143618,1.1143106,-0.832543128,0.32483205,1.84012882,1.316096089
1999,0,4.43E+12,-0.62585902,0.281022864,-0.02568821,-0.296727353,-0.519249104,-0.040524682,-0.702652562,0.241999009,0.920934966,1.182169026
1999,0,444610,1.09891093,0.750735117,0.38997348,-0.206939027,0.84471659,-0.860278659,0.479389975,0.58189498,0.392977201,0.07455912
1999,0,449810,0.120952822,0.530450755,1.248382409,0.106889435,-0.160153939,-0.651532027,-0.300754817,1.010833007,0.686584912,1.166968085
1999,0,00450D20,-0.002893519,0.510536556,0.317929537,-0.416355757,0.504370266,0.44034579,-0.537833239,0.269462912,0.886151575,-0.097057273
1999,0,463110,-0.529633921,0.105916655,-1.002849496,-0.301572414,-1.213170615,0.491199244,-0.227858755,-1.031354359,-0.017997974,0.971653472
1999,0,472410,-0.408037752,-0.349067028,-0.416604482,-0.427117541,-0.630427691,1.5104674,-0.298604033,-0.474098037,0.796710771,-1.342625982
1999,0,481610,0.329954366,-0.171668583,0.006102982,-0.411585856,0.491719226,0.423562698,-0.358376079,0.804447226,-0.239662633,-1.225205477
1999,0,484810,0.581927106,-0.183418542,-0.977735823,-0.361900642,-0.450632183,-0.111075066,-0.287689572,-2.049460453,-0.181717895,-0.404239349
1989,1,491110,-0.692813122,0.227997745,0.278101894,-0.416363215,-0.10709458,0.925197593,-0.747266928,0.211293888,0.144250153,-0.660008106
1999,0,492010,0.745102307,0.192504847,-1.039660126,-0.295972236,-0.115441218,-0.422907158,0.320604304,-0.176965977,-0.93894108,-1.19064587
1999,0,493020,0.915603831,0.040404831,0.678287257,-0.315765747,0.755762857,0.13782675,0.025021451,-0.611707426,0.884115652,0.716583844
1999,0,493410,0.602849298,0.580033259,0.455342947,0.002630137,-0.629666024,-0.669386899,0.043212595,0.564395857,0.398728328,0.956405404
1999,0,00504X20,-0.45396778,-2.241779108,-2.064231759,3.445740523,-0.626336171,0.052969215,-0.688781133,-2.208174586,-1.845269742,-0.334241712
1999,0,00508B10,0.50249746,-0.402342026,0.204313546,3.113415442,-0.387096675,-0.373176016,-0.28077951,0.595779496,-0.116723802,1.308351237
1999,0,00508X20,-0.578342834,0.546357501,0.629889592,-0.365968373,-0.159039935,0.65680823,-0.640529643,0.437734153,1.319549968,1.310003053
1999,0,00509L70,-2.080907238,-2.241779108,-2.064231759,-0.414113666,-0.34449439,5.110424207,-0.995823559,-2.208174586,-0.675815975,-0.67955294
1999,0,512510,-0.28164553,0.523464557,0.81010735,-0.064435376,-0.391378718,-0.186193991,-0.314610024,0.654929058,1.083085288,1.707102559
1999,0,622820,1.334718419,0.039126865,-1.709937319,0.059060881,-0.644715071,-1.445235751,2.876476871,-0.725300894,-0.059825024,-0.237448546
1999,0,635130,-0.533993257,0.262990399,-0.007122229,-0.421005924,4.036249207,1.068904199,-0.736620172,0.258978882,1.646633573,-0.24575087
1997,1,00650P30,0.822215923,-2.241779108,-0.509927692,-0.290598489,-0.61419662,-0.615442587,0.015420068,-1.460099461,-1.171654535,-1.288635377
1999,0,00651F10,0.84934912,1.177463151,1.026615853,0.115122401,-0.697328548,-0.548740417,0.755112069,0.952785574,1.014452486,1.842978847
1999,0,674330,0.973782433,-0.689643923,1.992354776,-0.147255237,-0.088959006,-0.628294789,0.082197029,2.000564954,-0.452805757,-0.407694112
1999,0,675410,0.097443065,0.073386588,-0.079979357,-0.176964535,1.256209345,0.517289809,-0.465004947,-0.029697738,2.072113663,2.392407837
1999,0,685420,1.447459422,0.231104107,0.1399774,-0.065127986,-0.046571563,-0.957388084,0.860668512,0.363487865,0.105932532,0.138433922
1999,0,00685Q10,-0.272979716,0.466194516,-0.824542491,0.012917035,-0.391408615,-0.254975491,-0.519422427,-0.638622325,-0.629224434,-0.146179808
1999,0,00687R10,-3.571409286,-2.241779108,-2.064231759,-0.318548252,0.213886846,2.072893203,-1.183475885,-2.208174586,-1.63084643,-1.65068596
1987,1,690210,-4.382767927,-2.241779108,-2.064231759,-0.405053538,3.928468127,5.110424207,-1.233402895,-2.208174586,-1.922629338,-2.184097209
1999,0,709410,0.032063325,0.511493089,0.357656202,-0.037714615,4.036249207,-0.226333239,-0.481483384,0.533451691,1.420845725,0.832568389
1999,0,00709P10,-1.008732799,0.54896096,0.766678925,-0.145726846,-0.763664942,-0.624772843,-1.07919125,0.879669285,0.420437182,0.901947706
1999,0,00724F10,0.674555047,1.485390003,2.142463254,1.378731399,0.05114753,-0.509922624,-0.085873652,2.000564954,1.103505624,2.162131571
1999,0,00738A10,0.299966891,1.15421893,0.71720889,0.38942088,-0.632103365,-0.761504766,2.856391698,0.719817416,0.700219495,1.533734196
1999,0,739110,-0.655908495,0.029300589,0.297762652,-0.390091182,-1.202808535,1.378838847,-0.707660196,0.319816029,-2.478778474,-2.172489998
1984,1,753110,-1.731874691,-2.241779108,-2.064231759,-0.417982141,-1.360646728,5.110424207,-0.909410332,-1.648160736,-2.763557265,-2.213994822
1989,1,00753R10,-1.044410953,-1.197889,-0.393595901,-0.414192294,0.238061512,0.632104375,-0.851056123,0.201631551,-1.020050763,-2.058628412
1999,0,00753U10,-0.476310644,-0.311395682,-0.277307572,-0.395823352,1.069886291,0.876407324,-0.713785932,-0.243608369,-0.234051453,-0.975728434
1999,0,00754B10,-1.055378833,-2.241779108,0.455883612,-0.137812771,-0.642243234,-0.382805965,-1.009900756,2.000564954,-1.760258784,-1.510438123
1999,0,7.54E+12,1.82458817,-2.241779108,-0.758406123,4.488490055,-0.633642252,-1.395967129,2.876476871,-0.351380029,-0.925095214,-0.080068912
1999,0,00754V10,0.628569246,-2.241779108,-2.064231759,3.85813408,-1.190692188,-0.614760153,1.280953796,-2.208174586,-2.105769726,-0.193050457
1999,0,00756J10,-0.350320228,-1.308119325,-1.239356399,-0.344939785,3.605903076,1.044439804,-0.689489349,-1.136237128,-0.177022855,-0.794053846
1999,0,00756M40,-0.509675723,0.336321161,0.232624088,-0.096991926,-0.902187359,0.058856521,-0.609134475,0.780675624,1.120068814,2.099702569
1999,0,758610,-2.643203618,-0.053761755,-0.751297822,-0.427117541,0.762058467,1.246238105,-1.189048119,-1.373123539,0.421609678,-1.951009699
1999,0,00760J10,1.653233805,0.074566181,-1.050936547,-0.028460863,-0.698301399,-1.139547643,1.844499685,-0.307311168,-0.373092976,-0.199204603
1999,0,00762L10,-1.009241316,0.288269325,0.501998873,-0.246836986,-1.01106178,-0.339866001,-0.977341906,0.667037991,-0.411457129,0.114850838
1999,0,00762V10,-0.504142655,0.264365678,-0.046839865,-0.425395564,-0.855683916,1.179607497,-0.723478126,0.202116191,0.484490932,-0.322348308
1999,0,00765G10,0.135089853,-2.241779108,-2.064231759,-0.377787811,-1.085847535,-0.000588692,-0.426438296,-2.208174586,-1.349512471,-1.287304486
1991,1,769810,1.205231351,0.404386503,-0.470222036,-0.417138642,-0.017708188,0.282742837,0.681544499,-0.520006009,-0.404198442,-1.458836799
1999,0,790310,-0.380554841,0.460849035,-0.6262747,-0.313838538,-0.640406006,0.058222544,-0.49227082,-0.019104872,1.513738914,1.878959677
1999,0,792810,-0.614721451,-2.241779108,-2.064231759,0.252288312,-1.363863457,4.249208477,-0.700936228,-2.208174586,-2.763557265,-0.034879204
1999,0,794710,-1.540433761,-1.27072098,-0.408467717,-0.243342542,-0.662603708,1.070907116,-0.92476556,-0.194387598,-0.455286358,0.108020468
1995,1,795210,-1.781084351,-2.241779108,-2.064231759,-0.388451195,-1.182195596,1.456180314,-1.086907006,-2.208174586,-0.956798642,-0.488549416
1999,0,797310,1.845821527,0.371984961,0.35694421,0.11991098,-0.712776789,-0.012905583,2.876476871,0.470997362,0.4261597,1.377990995
1999,0,797410,1.302809055,0.388450993,0.580152724,1.569954282,-0.778118751,-1.1335455,1.360420197,0.717532987,0.190622899,1.205090726
1999,0,797520,1.462088058,-0.048762604,-0.767857457,2.336763279,-1.265222428,-1.29923827,2.876476871,-0.312689993,-0.920692623,0.657794406
1999,0,801530,0.835917927,0.673762212,0.099009377,-0.156031451,-0.222304052,-0.258200563,0.160846427,0.190442904,-0.393579209,-0.166708625
1999,0,00808M10,-0.062127418,0.50857145,0.102234922,-0.406132902,0.394245598,0.36870736,-0.392708056,-0.209978592,0.223850393,-0.579798738
1999,0,00817R10,0.651227799,0.051889156,-1.429973615,0.222878493,-0.71753729,-1.325764239,1.556944367,-0.82071395,-0.207714251,-0.001106315
1999,0,819010,-0.236807697,0.534405786,0.684132737,-0.167906847,0.140554008,-0.077764186,-0.321421211,0.580425664,1.294109513,1.63684811
1999,0,825210,-0.288574417,0.281412976,1.388166863,-0.268627794,-0.733477418,-0.366503312,-0.381142527,0.639435588,0.837186335,1.198025473
1999,0,00826M10,0.38850909,-2.241779108,-2.064231759,0.109726566,-1.13185195,-1.048810832,0.533392772,-2.208174586,-1.222697344,-0.494146696
1999,0,00826T10,1.549683905,-0.521087814,-0.774519347,1.093480412,-1.037339697,0.187362405,2.733404358,-0.360894086,0.17181559,1.893326952
1999,0,00832T20,-0.301908219,0.381007742,1.1686011,-0.379342563,-0.890754,0.084061977,-0.244215743,0.688857516,-0.741972029,-0.823935231
1999,0,847410,-0.479264866,0.046122633,-0.509838859,-0.261643967,-1.265923333,-0.005016578,0.008041167,-0.214311938,-0.298130527,0.828325901
1999,0,00847J10,0.702958474,0.510238845,0.425082393,-0.394705232,1.218175494,0.551754988,0.09278546,0.353407722,1.468689319,0.856728669
1999,0,848950,-0.381090236,0.473658388,0.239303844,-0.386848111,0.299536753,0.180640336,-0.646989859,0.286131765,1.19952595,0.755170623
1993,1,887810,-0.424654924,0.402313198,-1.108270523,-0.307198603,0.378586688,-0.410152831,-0.628752139,-0.685463724,-0.012571085,-0.334188829
1999,0,891610,-0.461659735,0.339406589,0.346898531,-0.382223697,-0.38755366,0.248968845,-0.584634307,0.330791107,1.311534946,1.17569395
1999,0,00900N10,0.380177782,-0.161011257,-0.337797295,-0.079518404,-0.535712797,-0.670354043,-0.109821317,-0.611245024,0.204788118,0.59305266
1982,1,910010,-2.814076722,-0.864322898,-1.274468018,-0.414873146,-0.393617078,2.507272774,-1.172733554,-2.208174586,-0.81827627,-1.364067488
1983,1,911410,-3.941985561,-1.257448228,-0.63101279,-0.419640744,0.048958386,2.705424831,-1.200326064,-1.382869761,0.493707553,-0.206630273
1999,0,912010,2.023422271,0.939218726,-1.880919504,6.6953604,-1.363863457,-1.475056605,2.876476871,-1.494314102,-2.652869141,0.275169621
1999,0,912830,-0.510351236,-0.580927023,0.372160654,-0.385585171,-0.345619142,0.215628978,-0.550205126,0.477790682,-0.036597434,-0.392059287
1999,0,915810,-0.776770752,0.84413231,0.399987198,-0.351595471,-0.689341876,0.29478476,-0.7991636,0.476285336,1.7371466,2.043440884
1999,0,920710,0.16247048,0.23704015,0.084391019,-0.387718244,1.405256475,0.259090871,-0.509260886,0.214923441,-0.025750911,-0.831016549
1999,0,00927V20,-0.506434918,0.346661477,0.597630574,-0.340459257,-0.223083669,0.042206716,-0.629218638,0.53072298,0.257140339,0.154051862
1999,0,936310,-0.397486403,0.447613322,0.256476148,-0.401476436,-0.375338126,0.612261071,-0.328946611,0.26039947,1.269230006,0.97294991
1999,0,00941P40,1.817398198,-1.222998067,-1.075850525,1.976725621,-1.226375078,-1.090668201,1.637053756,-0.720601454,-0.500823074,1.156726654
1999,0,00949P10,-0.797474032,-0.587864441,0.620261351,-0.392004363,-0.157723481,1.709422997,-0.812226367,-1.290389037,0.825632329,0.693651749
1999,0,00971T10,1.979312992,-0.216930476,-1.456625197,6.6953604,-1.363863457,-1.426085863,2.876476871,-1.148508667,-1.093150595,2.4845845
1999,0,972810,0.358213376,0.463614603,0.884495687,-0.288801202,-0.417723841,0.058864712,0.628590107,0.693861164,0.011434033,0.167262929
1999,0,990510,0.506660081,1.066149158,0.525199222,-0.098171054,-0.434348282,-0.98467222,0.360249967,0.583471855,-0.009448528,0.101123349
1999,0,1019610,0.824099078,-2.241779108,-2.064231759,0.339524088,-0.80121462,-0.613861649,0.014868262,-2.208174586,-0.744276003,0.0728498
1999,0,1019820,0.070905685,0.39602807,0.416287838,-0.337872202,0.278953774,0.445809316,-0.448159325,0.452740042,2.145120102,2.216344754
1999,0,1019930,-0.611723303,0.038686443,0.548044794,-0.338425758,-0.020261455,0.931829573,-0.729935896,0.227080567,2.157735861,2.409690766
1999,0,1.02E+13,-1.174148961,-0.018846541,0.702039454,-0.38559883,1.960801558,1.438888114,-0.857305686,0.825652911,0.393174003,-0.205204432
1999,0,1131110,1.186679447,0.862641749,0.519997443,-0.170062978,0.126745542,-1.051237946,1.529185489,0.41849252,0.409992945,0.206704207
1999,0,1161260,0.321717157,-2.241779108,-0.092035053,-0.065379733,-0.395930335,-1.250367494,0.660928886,0.213021865,-0.865149929,-1.071089916
1999,0,1165910,-0.801614175,0.507534406,0.431074854,-0.381936665,-0.298004725,0.135647148,-0.809011556,0.521550589,1.388189163,1.198107499
1999,0,01167P10,-0.414764773,0.073948096,0.030398201,-0.391901474,-1.145176534,0.631589106,-0.002538294,-0.06499836,0.446453879,0.82931415
1999,0,1234810,0.135070141,0.339731399,0.334345949,-0.395331628,-0.649246028,0.618478103,0.197227661,0.280421869,0.998089541,0.89843731
1999,0,1242310,0.507633699,0.627169402,1.394559736,4.988803054,-0.849186777,-1.438612606,2.704096495,1.145835374,-0.165757789,0.87218681
1999,0,1265310,-0.068936241,0.897159031,0.692360073,-0.306138196,-0.375466495,-0.132245574,0.020557671,0.72986975,1.031090771,1.177933796
1999,0,1307810,0.092074053,0.956297125,0.644145178,-0.294440914,0.50986071,-0.027981963,-0.299004096,0.596108193,1.367456481,1.343976018
1999,0,1381710,-0.408668871,0.673213883,0.568733624,-0.217170135,-0.296349489,0.047427175,-0.46610832,0.52289387,2.179175451,2.4845845
1985,1,1390020,-1.006911057,-0.273823481,-1.044903625,-0.427117541,-0.36401366,-0.823313614,-0.968564299,-0.689662481,-1.042163913,-2.213994822
1999,0,1434910,-1.509605121,-2.241779108,-2.064231759,-0.129960732,1.139655106,3.828539732,-0.889264751,-2.208174586,-1.791415526,-1.421791246
1999,0,1438420,-0.290042206,0.690055709,-0.23779888,-0.383903996,-0.906936111,-0.775156052,-0.24858019,-0.013653573,-0.13131237,-0.477684906
1981,1,1441910,-0.424958792,-0.615360663,0.122787584,-0.427117541,1.912604609,2.14397551,-0.664074177,-0.142041704,-0.326711739,-2.213994822
1999,0,1448210,-0.624142385,0.783478786,0.272363524,-0.359460161,-0.699623776,0.127065444,-0.559482416,0.379707509,1.071905535,1.217959732
1999,0,1535110,1.352545016,-1.71781394,-1.393311283,0.255446605,-0.901116231,-0.857679426,1.479224154,-0.83663529,-0.479141688,0.279759135
1999,0,01560D10,0.368447397,-0.503122731,-0.025932893,-0.423625648,1.688858955,0.894255585,-0.445648031,-0.99227473,0.398638239,-1.107164455
1999,0,1564410,-0.818493593,0.901022625,0.227244307,-0.393041721,-0.636121485,-0.090375579,-0.856202868,0.239490606,0.559468081,0.25925935
1999,0,01566M95,-0.265705945,0.20633287,-0.341112156,-0.42358627,-0.464795824,0.882654458,-0.342609702,-0.274794491,1.143073826,0.263813018
1999,0,01609F10,-0.928303871,0.329768623,0.879488957,-0.311025891,-0.581428028,0.228200284,-0.906234735,0.455529122,1.377444833,1.745681634
1999,0,1623010,-0.000386665,1.055093792,-0.018606563,-0.317123156,-1.095858078,-0.34179343,1.39588346,0.286789967,-0.185349076,0.268442442
1999,0,01626P40,-0.7034013,0.286081419,0.445869886,-0.36331518,1.8779507,0.301604205,-0.750409845,0.338339152,1.277285684,0.769948736
1999,0,01642T10,1.764916134,-0.934455947,-1.428388029,0.23184129,-1.31718838,0.200582811,2.876476871,-0.970453126,-0.399605058,1.640396475
1999,0,01643P10,-2.614494906,-0.246804035,-0.863770132,-0.417683983,-1.071156814,0.81160273,-1.233402895,-0.865859637,-0.869483175,-1.231407477
1980,1,1647610,-0.546099509,-2.241779108,-2.064231759,-0.266781044,-0.838098304,0.710500925,-0.711446207,-2.208174586,-1.957128312,-1.571833743
1999,0,1655740,1.189109455,0.155329705,0.172179089,-0.424133925,1.084475613,0.881871422,0.135341101,0.193467242,0.657336064,-0.759047914
1989,1,1678393,-0.200163557,0.224006829,0.246655738,-0.427117541,-1.154557826,1.198481597,-0.209601357,-0.233807376,-0.572165742,-2.213994822
1999,0,1736110,-1.028571411,0.348559582,0.43889239,-0.392125544,-0.915605324,0.653573326,-1.016696379,0.374654989,1.506858265,1.715271722
1999,0,01741R10,-0.170289838,0.75148227,0.273449383,-0.345310482,-0.434221549,0.106683966,-0.301668873,0.835771039,1.42699863,1.545142219
1995,1,01747R10,-4.382767927,-2.241779108,-2.064231759,-0.375679588,4.036249207,5.110424207,-1.198662545,-2.208174586,-0.034188088,-0.505021646
1999,0,1748610,0.762593163,-2.241779108,-2.064231759,0.358699586,-0.717763911,0.117217627,-0.019029247,-2.000784821,-0.480560706,0.560882381
1999,0,1849010,-0.080596525,0.901851814,1.081988775,0.163917401,-0.151174726,-0.008624327,-0.433423327,1.0431403,1.245409204,2.059317741
1993,1,01849X10,-1.539436604,-0.380077822,-1.134054957,-0.382425606,1.724868538,1.804491716,-0.915323856,-1.767757871,0.115313912,-0.403071031
1999,0,1852230,-0.516186042,0.356377669,0.299455468,-0.375371689,-0.853787103,0.334730024,-0.56051662,0.309226334,1.125738252,1.328644056
1999,0,1860620,-0.650732606,-0.056714772,0.695807483,-0.418137776,-0.803778929,2.434947976,-0.592697266,-0.343667932,0.643307176,0.39520675
1992,1,1871610,-0.146425133,0.029102308,-0.538496792,-0.426438163,0.778052724,1.173194922,-0.542933268,0.880901673,-0.051204036,-1.663737995
1999,0,1877210,0.222375785,0.374396095,-0.009720159,-0.416112804,0.0177996,0.617740418,-0.295201233,0.090519242,1.333822462,0.58102688
1999,0,1877330,-0.210723605,-2.241779108,-2.064231759,-0.119892182,-1.238251205,-0.513682582,-0.348507046,-2.208174586,-0.804687208,0.268476444
1999,0,01877H10,0.55556863,1.015447992,-0.173654379,-0.325999586,-1.31348531,-0.500125959,0.108917553,2.000564954,0.138962183,1.181514628
1999,0,1880210,-0.984285063,0.467880608,0.227731669,-0.393073007,-0.970076086,0.299641471,-1.027917073,0.33600394,1.409679631,1.575680193
1999,0,1880410,-0.767002278,0.492241294,0.704642519,-0.386287264,-0.032530247,1.056756423,-0.786111478,0.653716674,1.127035604,0.953180304
1999,0,1911810,0.63380314,0.870245122,-0.670166891,-0.320299689,-0.267713833,-0.612303475,0.026427743,-0.327305213,-0.024492955,-0.275127663
1999,0,1922210,0.232148013,0.62487709,-0.490147596,-0.398257385,-0.269540006,-0.534387453,0.419804238,-0.251069872,0.05861317,-0.698378912
1999,0,1922310,-0.268072531,0.181868337,0.119792676,-0.42461992,0.504934136,1.1301857,-0.386007877,0.130791308,1.128427372,-0.108884028
1999,0,01923A10,-0.261404111,-0.226102956,-0.238959145,-0.401913175,-0.36150648,-0.181741893,-0.226141734,-0.166785583,0.357551905,-0.255146115
1999,0,1933010,0.612075862,0.488839124,-0.722210725,-0.356575083,1.50038676,-0.297876353,-0.267899077,-0.499079191,-0.162396001,-0.909775847
1985,1,1951900,0.380540186,0.723082463,0.389010231,-0.35997689,0.393559619,0.052408605,-0.097599502,0.494509289,1.679351175,1.450060923
1999,0,01951W10,-1.370472688,-2.241779108,-2.064231759,-0.296448641,0.194184771,0.779520163,-0.907015515,-2.208174586,-1.226577719,-1.303486825
1999,0,1958930,-0.829234295,0.055223747,0.159774922,-0.42196484,-1.12695433,1.109874556,-0.853547123,-0.012371154,1.575713133,1.456709733
1999,0,1964550,-4.382767927,-2.241779108,-1.527045264,-0.425564969,0.62930453,5.110424207,-1.233402895,-0.187792456,-1.056683688,-1.141526405
1991,1,1984710,-2.526213005,-2.241779108,-2.064231759,-0.426521045,2.406689713,2.780018428,-0.997221292,-2.208174586,-0.559978108,-2.213994822
1999,0,1985530,0.935784899,-0.580263842,-2.064231759,0.772701522,-0.767658263,-0.960444858,0.484431164,-1.587613184,-0.277757189,0.581662565
1995,1,1988910,-0.637991511,-0.719118073,0.153134835,-0.423060288,-1.060791391,2.489534384,-0.499672689,0.0846895,-0.130776355,-0.439939223
1999,0,01988P10,1.810197004,-1.333800885,-1.679439027,6.6953604,-0.957671736,-1.347934531,2.876476871,-0.888152035,-0.32613641,1.259048694
1999,0,1992410,-0.44907783,-2.035110377,-0.842425082,-0.109254618,-0.202185137,-0.851086036,-0.544067752,-0.620455117,-0.365528689,-0.325741025
1999,0,2040910,-0.237191697,-1.2613953,0.229259032,-0.348254704,1.411514404,-0.440137206,-0.495356743,-1.610527424,-0.134552629,-0.867456629
1999,0,2077210,0.653039054,-2.241779108,0.663134132,-0.00683031,0.901531039,-0.711436398,0.041377447,0.857040294,-0.449005932,-0.515932498
1999,0,2078110,0.09232473,-0.863566359,0.79827216,-0.295065756,0.740286389,-0.183674084,-0.273047946,0.90220453,0.015024838,-0.26857326
1999,0,2081310,-0.144160325,0.20267574,0.376748748,-0.357056675,-0.664754515,0.51506126,-0.087609174,0.32547768,0.973978574,1.189856802
1999,0,2081420,-4.382767927,-2.241779108,-2.064231759,6.6953604,-0.662130565,4.563179203,-1.199529313,-2.208174586,-2.353410037,0.126565939
1999,0,2092010,-0.609927243,0.327228063,-0.460287985,-0.360047254,-0.690135391,-0.312174586,-0.690834345,-0.307924788,-0.26768336,-0.419590525
1999,0,2115210,2.003411097,-2.241779108,-2.064231759,0.162667354,-1.363863457,-0.391514568,2.876476871,-2.208174586,-2.279532581,-0.024567755
1999,0,02127C10,-0.115176441,0.007313017,-0.031564539,-0.398096236,-0.659740006,-0.132017536,-0.291091974,-0.040846375,-0.046682165,-0.482334137
1999,0,2136010,-0.678753625,0.228769378,0.245879138,-0.37371659,-0.699395587,-0.200032104,-0.659207175,0.283665992,0.559957466,0.452830356
1999,0,2144110,1.00723897,1.076151615,1.244053141,1.553718126,-0.721536583,-0.938095672,0.4951309,1.142541798,1.026706742,2.24639888
1999,0,02144D10,1.151533376,-2.241779108,-2.064231759,0.321574037,-1.363863457,-0.781991747,0.366736311,-2.208174586,-2.725157464,-0.367516855
1999,0,2145410,2.023422271,-2.241779108,-1.089090965,0.796828033,-1.104870513,-1.487507254,2.876476871,-0.411118876,-1.954499652,-1.633689469
1999,0,02146R10,-1.240259469,-2.241779108,-2.064231759,-0.360187577,4.036249207,1.916802384,-0.847278782,-2.208174586,-1.378457435,-2.146555662
1999,0,02146U10,-0.330876847,-2.241779108,-2.064231759,2.243271699,-0.075948781,-0.617446878,-0.572113084,-2.208174586,-1.141432406,-0.181182148
1999,0,2220510,-0.687807147,0.35698775,-0.149625938,-0.281391332,-1.113749588,-0.183749563,-0.701187691,0.319319062,1.223462153,2.047914144
1999,0,2311120,-1.508282822,-2.241779108,-1.551753795,-0.402909514,-1.003370512,0.338320668,-0.985573135,0.970258833,-0.683068687,-0.857732712
1999,0,2313510,-0.391757493,-0.499727981,-1.822446702,0.341901988,-0.628259511,1.115511158,-0.585271582,-1.80859781,1.293535206,2.4845845
1999,0,2317810,0.98705497,0.418188671,0.098843748,-0.234938508,-1.030849644,-0.881996572,0.39895568,0.200116961,-0.141131714,0.226358786
1995,1,2318710,-0.536162049,-2.241779108,-2.064231759,-0.427117541,2.959147525,4.858343853,-0.729774522,-2.208174586,-0.167237582,-2.213994822
1987,1,2341220,-2.124276889,-2.241779108,-1.054663018,-0.250197271,-0.918485903,0.251487199,-1.224427835,-0.806127135,-1.184219048,-0.689622139
1999,0,02341Q20,0.13126878,0.398888705,0.583239847,-0.406811865,4.036249207,0.85284134,-0.416754388,0.484375646,0.659062318,-0.508370055
1999,0,02341R30,-0.511522165,0.346351051,-0.301392356,-0.333126653,-0.301307043,0.130101922,-0.617298717,0.410142519,1.646969339,1.798597622
1999,0,02341W10,0.220785932,0.816340414,0.930265837,-0.257479025,0.412062477,-0.193750604,0.138965457,0.53574607,0.861874235,0.859925893
1999,0,2343410,-4.149070609,-2.241779108,-2.064231759,4.753475629,-1.212885391,3.617600163,-1.120646486,-2.208174586,-2.7014795,0.01089474
1999,0,2343610,-2.797684211,-0.801842474,-0.611435691,-0.424676769,1.242355998,2.183431269,-1.113612509,0.319042399,0.174085137,-1.184638023
1999,0,2347720,0.080495665,-1.807243373,-2.064231759,0.285202874,-0.984803151,-1.076851861,-0.00923089,-2.208174586,-0.87552697,-0.209388836
1988,1,2360710,0.164601835,0.124993494,0.345968375,-0.220430582,-0.282493209,0.202669167,0.042489203,-0.059931864,-0.785321895,-0.57135951
1999,0,2360810,-0.816768647,0.406278143,0.413505764,-0.380262543,-0.944955905,0.332703025,-0.873896701,0.401244352,1.596806528,1.898348332
1999,0,02364L10,-0.437911799,0.207330582,0.591480646,-0.376581601,1.751895756,0.484150611,-0.652401546,0.425411555,0.58257156,-0.048357
1999,0,2401030,0.144236311,-2.241779108,-0.99804187,-0.226395948,-0.649634405,-0.850261345,-0.204538957,-0.93723921,-1.613843383,-1.712157127
1999,0,2406110,-0.626892561,0.186962331,0.783685319,-0.404277992,0.614914833,0.963548803,-0.704732379,0.57023053,1.526772252,0.97573159
1980,1,2458210,-2.354346654,-0.551719654,0.497807137,-0.424888945,3.753634027,2.250042943,-0.985133952,0.049643728,-0.244955967,-1.962043772
1999,0,2459110,0.065408149,0.486699041,0.350775357,-0.416773398,0.017356866,0.572022073,-0.243658025,0.301860231,0.757568439,-0.09458264
1999,0,2460010,0.539664164,-2.241779108,-2.064231759,0.569887325,0.341003336,-0.510439856,-0.191959799,-2.208174586,-0.834517653,-0.352363106
1986,1,2461510,-0.957730258,-2.241779108,-2.064231759,0.252281501,-1.036871289,0.725781667,-0.82752251,-2.208174586,-1.49190761,-0.210600852
1989,1,2461810,-0.448720304,-2.241779108,-2.064231759,-0.105712927,-0.406254872,0.86718594,-0.696153668,-2.208174586,-1.303996197,-0.767400925
1999,0,2514410,2.023422271,1.181099183,-0.583040549,5.204797392,-1.23548645,-1.505889267,2.876476871,0.111256797,-1.600389494,-0.761376987
1980,1,2514710,2.023422271,-0.110458329,-2.064231759,-0.088225796,-0.291243207,-1.262685155,2.876476871,-2.208174586,-1.403542643,-1.762225348
1999,0,2519910,-2.413941729,-2.241779108,-2.064231759,-0.247656049,-1.155644885,0.831813842,-1.163379354,-2.208174586,-2.157618564,-1.3331243
1990,1,2522410,-0.819818396,-0.087296349,-1.205883526,-0.320592904,0.493311159,1.189134002,-0.793989902,-2.098972182,-0.456023603,-0.536786792
1996,1,02522Q10,-4.382767927,-2.241779108,-2.064231759,-0.378412659,3.182987947,5.110424207,-1.132168377,-2.208174586,-0.824036731,-1.218437594
1985,1,2525810,0.125141023,1.179959159,-0.037277852,-0.137259429,-0.732653807,-0.709579695,0.33302279,0.832826832,-0.411457129,-0.077390381
1999,0,2535310,-0.746669165,0.25854373,0.589914686,-0.37214668,-0.147798176,-0.039770431,-0.777236805,0.483052766,0.247926611,-0.100372448
1999,0,2553340,-0.874357477,-0.861190549,0.153626099,-0.389413898,-0.714200593,0.312865813,-0.849976484,0.61310043,-0.239166019,-0.44036124
1999,0,2553710,-0.964950982,0.261945425,0.21934649,-0.405285524,-1.015289442,0.707618935,-0.940291895,0.278237715,1.864176509,2.043727235
1999,0,2.55E+13,0.831960165,0.977627881,2.142463254,0.790062243,1.278306495,-0.843535228,0.248446103,1.803257426,1.024559315,1.466204065
1999,0,02553P20,0.179190274,-0.061159062,1.015568045,-0.0377785,-0.280407783,-0.585927843,0.138277317,0.829746796,-0.789924781,-0.550081456
1989,1,02567C10,-0.988123338,-1.669836467,-0.268437718,-0.390447395,-0.584276294,0.047572751,-0.859194203,0.233396979,-1.141657172,-1.606532418
1985,1,2590910,-4.382767927,-2.241779108,-2.064231759,-0.408738449,1.382020533,5.110424207,-1.233402895,-2.208174586,-1.210208498,-1.400616655
1999,0,2592920,0.686231291,-2.241779108,-1.32931526,-0.425524098,-0.527856835,1.282059467,-0.205567211,-2.208174586,-1.01872941,-2.213994822
1999,0,2637510,-0.085438056,1.037810335,0.412804541,-0.373065949,-0.401235285,-0.080727949,-0.314315685,0.351082516,1.40555859,1.27892396
1999,0,2664910,-0.288182607,-0.35399698,-0.380458212,-0.427117541,-0.42449489,1.033637945,-0.261055948,-1.44022618,0.689686152,-0.901249267
1999,0,2676040,1.259016057,-0.727286893,-1.785055651,0.215907798,-1.357153839,-0.995590067,2.673642474,-1.489428834,-1.078599837,0.846285908
1982,1,2680110,-1.190876226,-2.241779108,-1.155103287,-0.419136721,-1.353662926,3.515245727,-1.233402895,1.383420631,-2.62823463,-1.830223865
1999,0,2728410,1.365799925,1.201237891,1.676344448,-0.266432037,1.228583566,-0.597929992,1.142257968,1.256624035,-0.232323338,-0.702593871
1981,1,2741610,-1.127010272,0.059024587,0.040615238,-0.42427236,-0.452574332,1.217062799,-1.017927501,-0.424458677,-0.167487964,-1.203352699
1990,1,2742010,-0.641398332,-2.241779108,-1.475457474,-0.402696339,4.036249207,3.143701072,-0.75907733,-0.826963441,-0.368316438,-1.320327767
1999,0,02744X10,0.619247477,-0.334516101,-0.209231176,-0.34408216,-0.695655554,-0.989949527,2.244946887,0.17920979,-0.3752833,-0.768042976
1986,1,2756120,0.560283113,-1.016984265,-1.152351013,-0.414576242,-0.280256316,1.53283664,-0.209955605,-0.418036834,-0.250415908,-0.88750508
1999,0,2790410,0.341125053,0.709557209,0.710482508,0.251279371,-0.461962134,-1.254341589,2.330775186,0.623157531,-0.760445964,-0.650393275
1999,0,2874010,0.537585074,-0.136316905,0.671634552,-0.378220171,-0.758966779,0.157716977,2.636443064,0.683518291,0.058803746,-0.004986751
1999,0,2888210,-0.63564471,0.88304621,-0.258582517,-0.371452223,-0.667905745,-0.504726912,-0.686143509,0.102878818,-0.479205118,-0.819840288
1996,1,2931830,-0.314133981,0.178624189,0.384866853,-0.427117541,0.579054765,1.019458914,-0.642657492,0.198669825,0.834726687,-1.031087113
1999,0,2942910,0.507500799,0.157672771,-0.049541091,-0.291553618,0.419242231,-0.271362508,-0.267136167,0.36723645,-0.013621783,-0.244249386
1999,0,2956910,0.689905064,0.525738157,2.142463254,0.153414452,1.730188137,-0.011248308,-0.334557979,2.000564954,-1.128826871,-1.019137064
1995,1,2957910,0.957157792,0.27394493,0.028199832,-0.064789445,-0.549477948,-0.914773718,0.449137848,0.348338457,-0.126071324,0.116802624
1999,0,2959510,0.220073009,0.205173455,0.391184062,-0.385283473,-1.160724227,0.323287877,0.846252068,0.59837088,-0.861140464,-0.598183222
1992,1,2960910,-1.737526554,-0.797761255,-0.673362742,-0.423318307,-0.036432823,1.627254837,-1.04643604,-0.919056616,0.149212915,-0.885610802
1999,0,2968310,-0.087169316,0.419547825,-0.359199647,-0.14423233,-0.322558279,-0.57835473,-0.438400994,0.042501147,0.20575129,0.444511509
1999,0,02968P10,-0.537905315,-0.965873619,-1.932141499,-0.396529683,2.228738655,0.513875421,-0.720837551,-2.208174586,-0.887128345,-1.957451901
1999,0,2989910,-0.811415876,0.321689591,0.339310444,-0.373933507,-1.011433982,0.520352685,-0.87876446,0.314468732,0.402772729,0.729157017
1999,0,2991220,-0.731962345,0.063524111,-0.282280763,-0.073671476,-1.283063747,-0.743975969,-0.717874786,0.004089512,0.56039709,1.923754943
1985,1,3010010,-0.863267391,-0.945063881,-2.064231759,-0.165556166,-1.135723961,0.958613084,-0.878891407,-2.173774885,-1.861510432,-0.852143063
1999,0,3011110,1.030347097,-0.625224226,-0.718443345,6.6953604,-1.311129461,-1.505889267,2.876476871,-0.35181813,-0.564724338,1.173781468
1999,0,3014330,-2.549359294,-2.241779108,-2.064231759,-0.299243579,-1.260513278,2.470041535,-1.16182865,-2.208174586,-1.911504695,-0.698577477
1999,0,3014520,0.88384155,-2.241779108,-2.064231759,6.6953604,-0.947938338,-0.992999355,0.508614819,-2.208174586,-1.718163683,0.131214711
1999,0,3037110,-0.094178883,0.82508457,0.657021155,-0.397094722,0.030859059,0.006174285,-0.519822285,0.499538196,0.038579436,-0.632298842
1999,0,03037B10,1.258951573,1.485390003,0.644408284,0.758790799,-1.005718309,-1.505889267,2.876476871,0.691582068,-0.833896442,-0.686379124
1999,0,3040510,-1.031503661,-1.300352382,-1.022656186,0.160901886,0.03278909,0.554929887,-0.863246605,-0.386574522,-0.613043939,0.047672696
1990,1,3040810,-1.973198311,-2.241779108,-2.064231759,-0.367609048,-1.125196021,0.302399475,-1.094657238,-2.208174586,-2.535012456,-2.213994822
1996,1,3049310,-0.098706193,-1.057693034,-0.895052923,-0.427117541,0.448322017,1.60844666,-0.516969317,-2.208174586,0.13288986,-1.665787487
1999,0,3050610,-0.321775664,0.847864595,0.870063851,-0.28898933,1.252863031,-0.259775632,-0.525870421,0.688297083,0.721342971,0.421408106
1999,0,3055610,2.022944458,-2.241779108,-2.064231759,6.6953604,-1.363863457,-1.505889267,2.876476871,-2.208174586,-2.763557265,-0.632764902
1999,0,03070L30,0.532757364,-2.241779108,-2.064231759,-0.120671608,-1.14121883,-0.633701807,-0.128781253,-2.208174586,-1.737893528,-1.059585221
1999,0,03070Q10,-0.974640306,0.235437457,0.264781727,-0.413833401,-0.481473268,0.893556919,-1.018045682,0.118627652,0.620449913,0.0973944
1999,0,3071010,0.146218173,0.845797082,0.247918711,-0.390270732,-0.034468601,0.254820314,-0.200779787,0.435516789,0.85683573,0.451228185
1999,0,03072A50,-4.382767927,-2.241779108,-2.064231759,-0.21149987,-1.176192716,5.110424207,-1.233402895,-2.208174586,-2.633040605,-0.496444394
1999,0,3.07E+13,0.177800883,0.041540232,0.379004755,-0.388555048,4.012027099,1.198536329,-0.54524724,0.331261521,2.002668154,1.317134435
1999,0,3078950,-0.273749904,0.213754319,-0.184926239,-0.40053768,0.828563128,0.458926094,-0.549029378,0.172309877,1.631998644,1.012232493
1983,1,3090110,-0.843587372,0.182250677,-0.193373431,-0.426589261,-1.363863457,1.304617538,-1.233402895,0.103057452,-1.196161598,0.780084175
1999,0,03099Z93,-0.496057154,0.320547679,0.548158929,-0.383526543,-0.794142019,0.054682281,0.184367581,0.452006862,0.519441583,0.46213654
1996,1,3109510,-1.632994673,0.216810722,-0.485905571,-0.425584036,0.104699556,0.605733947,-0.998355659,-0.441580579,-0.492952304,-1.998503639
1999,0,3110010,-0.775105246,0.669536933,0.853174668,-0.358520208,-0.016000369,0.582125321,-0.791172119,0.637462323,1.066435126,1.011530085
1999,0,03113V10,-0.707691582,-0.274673708,-0.294527178,-0.417383567,-0.925524203,0.622949743,-0.696960166,-0.471368042,0.974145807,0.63568359
1999,0,3116210,0.226146981,0.526464867,2.142463254,3.327761557,-0.451928019,-0.830135367,-0.003981889,1.890659623,1.575597887,2.4845845
1999,0,3153510,0.879238771,0.757701693,-2.064231759,-0.369850907,-0.331480602,-0.54958706,2.805294637,-1.846368557,-0.565827738,-1.094735813
1999,0,3.15E+13,-0.379400003,1.000329221,-0.282709186,-0.267517441,-1.321260541,-1.107073012,-0.328602446,1.010559066,-1.327177007,-0.551230928
1999,0,3165210,-0.391175394,0.30826176,0.486532536,-0.19436082,-0.147052288,0.155796117,-0.454258965,0.403712204,1.353995878,1.812172844
1999,0,3203710,0.320489556,0.41858257,0.462374876,-0.3544194,-0.362238482,-0.540726948,0.234775348,0.539148794,0.482089273,0.196425607
1999,0,3209230,0.669298172,-2.241779108,-0.668816515,-0.17870637,-0.95748945,1.133143525,0.942449231,-1.047401805,-0.260420323,0.703224245
1999,0,3209510,-0.019576259,0.614407657,1.106375418,-0.333145368,-0.011033576,1.744200263,-0.102037006,0.396298863,1.101614802,1.371868971
1995,1,3215310,-0.736133309,0.057795952,-2.02143326,-0.096856541,4.036249207,0.522385332,-0.775398312,-2.208174586,0.580256425,0.506474754
1999,0,03232P40,-0.256758693,0.244586572,1.375518827,-0.301884795,-0.546313349,-0.559317817,0.293324072,0.446747321,0.190177596,0.184645993
1999,0,3233250,1.229100116,-0.019907674,0.247052172,-0.295751683,0.532973799,-0.909359293,0.824425415,0.388410081,-0.573933987,-1.195550854
1999,0,3251110,-0.771831917,0.444858525,0.10415023,-0.319987662,-1.186111457,0.296750739,-0.82005102,0.183659279,0.956640433,1.8844249
1999,0,3251510,1.038154439,0.011190653,0.062539809,1.005706146,-0.912081138,-1.227839257,1.747983559,0.168861133,0.292028916,1.188440624
1999,0,3265410,0.557283931,1.000563332,0.564120047,0.570521214,-0.639222642,-0.790200065,0.200621465,0.700945896,1.24485711,2.22122781
1999,0,3265720,1.354571474,1.485390003,0.314373085,0.225729424,-0.39826306,-1.204450169,2.323480906,0.524103987,0.58262095,0.862481306
1999,0,3268110,0.620978054,0.884805295,1.115518297,-0.191909207,2.392943023,-0.16963369,-0.097363513,0.921214285,0.907997223,0.731486358
1999,0,3274410,1.400931356,0.649809916,0.709343176,0.700231157,-0.49365138,-1.276056903,2.876476871,0.900028615,-0.125655018,0.27353218
1999,0,3306610,-1.857208481,-1.771374846,-2.064231759,-0.419148263,0.370326365,2.754802456,-0.933320394,-2.208174586,-0.725578252,-1.635940094
1999,0,3416410,-0.167391123,0.235671715,0.119022964,-0.41587426,1.550928026,0.745199015,-0.601469587,0.261908339,1.087289424,0.008519128
1994,1,3438510,0.655487656,0.510821858,0.019567683,-0.394601557,0.886074171,-0.131621868,-0.055278248,0.13743456,0.063850484,-0.821153774
1999,0,3439310,0.157220107,-0.32976023,-1.158509993,0.669102561,-0.991051232,-1.254218398,0.602435862,-0.835627102,-0.515470737,0.217434285
1999,0,03444Q10,-0.149422089,0.955203411,0.490004297,-0.37087294,-0.180561021,-0.135227887,-0.452008441,0.706769399,0.299452888,-0.04866179
1988,1,3462440,-0.353096472,0.225647242,0.193157192,-0.417796397,-1.074502139,0.503370234,-0.530464474,0.040348164,-0.224983775,-0.569250464
1999,0,03462H40,0.104270608,-2.241779108,-0.303116234,-0.410553712,-1.359496901,0.782793558,-0.032796352,0.421578753,-1.838694333,-0.913954198
1999,0,3466310,0.672834978,1.017318794,0.176661005,-0.396976862,0.261099428,-0.123472196,0.748368027,0.224026358,0.792075432,0.108849635
1999,0,03485P20,-0.324214433,1.045656394,0.219783516,-0.199837047,-0.872059097,-0.761292698,-0.272812268,0.500390169,2.0801165,2.4845845
1999,0,3491810,2.023422271,-1.233731809,-2.064231759,6.6953604,-1.275191034,-1.505889267,2.876476871,-1.731363632,-1.171775804,0.383937448
1999,0,3512820,-0.606045192,0.286804688,0.549640218,-0.286415222,-0.768309724,0.195064609,-0.649561491,0.802570599,1.419221369,1.98618729
1999,0,3522910,-0.845690582,1.358792396,1.038655143,-0.187195821,-0.330978211,0.493833553,-0.879410912,0.847592915,2.072755986,2.4845845
1999,0,3525510,1.129605516,-0.133685174,-0.2197665,0.228899705,-0.91008156,-0.981736046,1.710459874,-0.391934487,-0.609973805,0.045764554
1999,0,03525V20,-1.484825413,-2.241779108,-0.5227793,-0.408652307,-1.323069968,-0.829087851,-1.233402895,-0.253450057,-2.252706734,-2.213994822
1999,0,3529010,0.655095221,0.630359579,0.354195462,-0.380973766,0.728406344,0.469642101,-0.119931634,0.686719245,1.486815375,1.098344219
1999,0,3611510,-0.111044263,0.433955794,0.906793075,-0.266821577,0.238709805,-0.622669836,-0.12174647,0.672011176,1.132752452,1.025331775
1999,0,3634010,-0.878769446,-1.410138035,-2.064231759,-0.048485472,-0.096304042,1.699880636,-0.94024459,-2.208174586,-1.536471417,-0.950169516
1999,0,03634M10,-0.445666403,0.065559736,0.083634539,-0.389044704,-0.044909869,0.484885571,-0.679172119,0.248923511,1.653547907,1.411252135
1999,0,3638410,0.312081982,-0.26406715,-0.434707062,0.229983341,-0.672181813,-0.789803724,-0.141474896,0.086228534,-0.249230273,0.384553804
1983,1,3662810,-0.320386463,0.671812185,0.089584211,-0.360342356,-0.264376702,-0.311275095,-0.277213615,0.308101303,0.357151956,0.06490977
1999,0,03662Q10,1.271351658,0.753735532,1.196584762,0.204000125,-0.527267693,-0.955535778,0.725004449,1.276203107,0.002167711,0.467133285
1999,0,3664210,-1.064144217,-2.241779108,-2.064231759,-0.285332486,0.141310471,-0.162065576,-0.892297653,-2.208174586,-1.247744027,-1.497224702
1999,0,03737P30,-0.951337345,-0.085581778,1.312604176,-0.393283697,-0.773799809,-0.016494233,-0.884667213,0.71589902,1.344335895,1.24663876
1999,0,3741110,-0.743648458,0.294994642,0.329791024,-0.333749311,-1.112696891,-0.043087605,-0.768274514,0.356099401,1.200815663,1.869469698
1983,1,3746010,-1.723319201,-0.382608746,-0.92394586,-0.330224083,-1.357259971,0.299195871,-1.233402895,-0.425366547,-2.523843039,-1.101632409
1999,0,3748910,-0.203070694,1.239349835,1.200996613,0.484906418,-0.737655784,-0.936437755,-0.234011616,0.997507693,-0.176322877,0.568370921
1999,0,3759810,-0.219095113,0.425626882,0.081850346,-0.405833527,0.599031617,0.56720393,-0.47379512,0.282148924,1.028534205,0.320131643
1995,1,3759970,0.860773046,-2.241779108,-2.064231759,-0.424722915,-0.340296937,5.110424207,1.925838444,-2.208174586,-1.951888305,-2.213994822
1999,0,03760F10,-4.382767927,-2.241779108,-2.064231759,0.233592919,-1.079147222,5.110424207,-1.198858224,-2.208174586,-2.756893443,-0.867692189
1997,1,3779210,-1.368143302,-2.241779108,-1.362465986,-0.424567075,1.000483986,2.325044219,-0.896699351,-1.687997392,-0.10865316,-1.432989568
1999,0,3783310,0.95767645,0.66143796,0.314230838,-0.109382609,-0.033444852,-0.400157083,0.142628422,0.884046692,1.816601705,2.261293246
1992,1,3792810,-4.382767927,-2.241779108,-2.064231759,-0.399634777,2.361418423,5.110424207,-1.233402895,-2.208174586,-0.591446309,-0.728088157
1999,0,3793310,-0.340123103,-0.578559258,1.050807494,-0.320761218,0.313018125,1.077947448,-0.517549632,2.000564954,1.072910233,1.200992595
1999,0,3794810,-0.853943897,-0.986597737,-0.336184484,-0.300205779,0.448665879,-0.020628405,-0.838455265,-0.371767513,-0.378878847,-0.613455345
1996,1,3.81E+33,-3.728620445,-2.241779108,-2.064231759,-0.368472234,2.972179682,3.059458917,-1.149537043,-2.208174586,-0.310909938,-0.777560467
1999,0,03814F20,-0.563146418,-1.619006007,0.669634908,-0.408417134,0.47493936,0.862712725,-0.67927221,0.46546025,-0.552607226,-1.414946593
1999,0,03819M10,0.021816276,0.180725752,0.410689598,-0.378198426,-0.643583544,0.408122485,0.948061645,0.213484231,0.13981958,0.068615682
1999,0,03820C10,0.692313747,0.865291213,0.37217431,-0.337525959,1.633879042,-0.123022273,0.236265305,0.344233779,1.265509249,0.825773314
1999,0,3822210,0.878908228,0.917731807,0.797707207,0.509536575,-0.559091101,-0.538899819,0.280761627,0.850247839,1.724225367,2.4845845
1999,0,03822W40,2.023422271,0.237393431,0.203496517,6.6953604,-1.193402297,-1.505889267,2.876476871,0.42177403,0.400321138,2.4845845
1999,0,3823710,0.97524626,1.082463861,1.036101121,-0.156230378,0.177727675,-0.907681748,0.492254591,0.892000486,0.241760222,0.125924146
1999,0,03823Y10,0.769784214,-2.241779108,-2.064231759,0.26230323,-1.363863457,-1.338008045,2.876476871,-2.208174586,-2.763557265,-0.98453964
1999,0,03824B10,-1.03770426,-2.241779108,1.940325809,2.410606882,0.560042991,-0.034638144,-0.869914125,1.987447616,-0.884181341,0.160187615
1999,0,3833610,-0.034533331,0.751411148,0.657153984,-0.295542759,-0.285058286,-0.062926244,-0.154356574,0.564158188,1.025612385,1.190128865
1999,0,03836W10,-1.059421262,0.261727462,0.361853533,-0.369761504,-1.152305782,0.562027328,-1.13044285,0.302642523,0.559235488,1.158485654
1999,0,3839910,-1.065803885,-0.372267837,-1.129215476,-0.381481416,-0.482252915,1.285365602,-0.957624007,-1.711843394,-0.277846252,-0.356586696
1999,0,03840P10,-0.778255621,0.169847722,0.102944251,-0.410245694,1.418489738,0.793784429,-0.794126058,0.255646434,2.179175451,1.495726458
1999,0,03841P30,-1.077647623,-0.078799745,-1.683240288,-0.38294625,1.537071373,1.239837125,-0.835426525,-1.165601643,-0.638089755,-1.303473407
1999,0,3846510,-1.38663271,-0.103984782,0.165134265,-0.362601456,-0.784166382,-0.433294139,-1.119947503,0.457429355,-0.32320088,-0.476192212
1999,0,3849620,-0.525823125,0.639911989,0.243833978,-0.348286623,-1.144248157,-0.505623982,-0.596297382,0.345513891,0.853904438,1.310633736
1999,0,3850530,0.707277104,-2.241779108,-2.064231759,-0.089162323,-1.004916754,-0.013919355,0.118108341,-2.208174586,-0.522483444,0.359220897
1999,0,03875W10,-0.543275769,-0.694377097,-0.263348789,-0.416925279,-0.487392851,1.233466657,-0.646593362,-2.135543218,0.544111208,-0.022836324
1999,0,3891620,-0.595833281,0.399613189,0.107651961,-0.412121728,-1.087140657,0.605606798,-0.340635699,0.154475758,0.382659421,0.319493101
1999,0,3.92E+13,-0.137422102,0.505369545,0.443298672,-0.386024405,0.378351308,0.439115708,-0.61253003,0.507021361,0.791312454,0.345671938
1981,1,3937510,-0.30956272,0.771031286,0.271516521,-0.396921068,-0.172972655,0.021425858,-0.369909192,0.643710618,0.99017936,0.508620082
1999,0,03937R10,-0.033790995,0.115129445,0.368393594,-0.33040823,-0.067585145,-0.379990643,-0.306332764,0.480229915,1.046658441,0.899328302
1999,0,3938010,-0.823122305,-0.037657258,-0.061814959,-0.41666648,-0.626435155,1.128658692,-0.862048543,-0.865366556,1.271516211,0.858645924
1999,0,03938L10,-0.361338279,0.229019539,0.157897044,-0.404088602,-0.491226276,1.006809405,-0.518845407,0.20913694,1.70933227,1.549551135
1999,0,3948310,-0.300464057,0.313337255,0.064893952,-0.355103181,-0.226561249,0.080682408,-0.513435655,0.240237152,2.151731828,2.207060107
1999,0,03957P10,-0.846669736,-1.19447193,0.249568626,-0.427117541,-0.580596258,2.468206888,-0.833773311,-0.544290134,0.274879878,-1.152992284
1999,0,3967010,0.975632993,1.26477296,0.703019406,-0.233227253,0.844230908,-0.578026126,0.103672193,0.319186667,0.80972233,0.625124975
1999,0,3967510,-0.643135953,0.197606318,0.186160483,-0.38385877,-0.887016285,0.4780785,-0.474337567,0.078334225,0.066475462,0.128367893
1999,0,3976210,-0.034107986,1.18423974,0.860229185,-0.230967553,1.920309304,-0.464964105,-0.36440606,0.810373999,0.650791776,0.322713548
1999,0,3.98E+13,-0.137784372,0.843384432,1.710031307,-0.251327065,4.036249207,-0.862316293,-0.37973341,1.495368964,-0.054899643,-0.927398573
1999,0,4.01E+13,0.543745496,-0.36067546,-0.585795735,-0.224530143,0.162329878,-0.812848973,0.068062789,-0.91000252,-0.845869181,-1.159280183
1986,1,4013810,-0.300427533,-2.241779108,-2.064231759,-0.424668435,-1.039445464,4.248233526,1.64700586,-2.208174586,-0.660358914,-1.019653404
1984,1,4015010,-1.277501374,-0.072938639,-0.509402614,-0.403121254,-1.162256372,-0.202570302,-1.083273618,-1.088362323,-1.209540897,-1.350402068
1999,0,04033A10,0.905341455,-2.241779108,-2.064231759,0.011230175,-1.060607356,-0.99235724,0.867994417,2.000564954,-0.641004655,-0.002919171
1999,0,04033V20,0.368519392,-0.339954709,-1.437659368,6.6953604,-1.077590153,-0.75996858,-0.124632807,-1.022961424,-0.128849186,2.066640134
1999,0,4044820,-0.431185994,-2.241779108,-0.596465127,-0.369817452,-1.321874912,-0.357057884,-0.652003094,0.259021121,-1.663000866,-0.965081026
1999,0,4071210,-0.953958666,0.929990064,0.782765393,-0.312540845,1.290244494,-0.466164105,-0.938922679,0.741559955,0.228248958,-0.290697514
1999,0,4079010,-0.918872006,0.184626458,0.821012162,-0.399983927,1.284772873,0.519077064,-0.850131913,0.56973635,1.312823516,0.592503432
1999,0,4156020,-0.959964166,0.147295526,0.122354746,-0.417793675,-0.544235689,1.017240823,-1.001241284,0.127925611,0.075976964,-0.582969728
1999,0,4206810,1.379051753,0.672717527,1.119780293,6.6953604,-0.534951713,-1.031764658,1.009051848,1.40203025,0.184956974,2.339434705
1999,0,4216680,0.8318663,0.200663709,0.261271696,-0.101637687,-0.160453116,-1.271992834,2.825712933,0.413276935,-0.651052649,-0.999615363
1999,0,4268220,-0.227166397,-2.241779108,-2.064231759,0.195861709,-1.075596446,0.147723596,-0.531314099,-2.208174586,-1.248479217,-0.04859113
1999,0,4269830,-0.026647743,0.191121281,0.267189717,-0.187250927,-0.167858252,-1.15544918,0.031955059,0.404326921,-0.713674768,-1.07406081
1999,0,4.27E+13,-0.025005218,-0.654263874,-1.861953482,-0.208683672,-1.107743078,-0.091926578,-0.401817923,-1.373337645,-0.482794808,0.332225903
1999,0,04269Q10,0.32252594,0.337730493,0.328480451,-0.214609248,-0.147932864,0.04333283,-0.136844707,0.588756911,1.021906904,1.371916673
1997,1,4272710,0.675578747,0.495029567,-0.401029018,-0.415536929,0.290804078,0.409193071,-0.063724798,-1.108888369,0.13154636,-0.869316286
1999,0,4273510,0.567829988,0.564374552,0.356243715,-0.376047958,0.973319918,0.376681234,-0.056657401,0.297924023,1.98214497,1.62632349
1996,1,4276910,-1.398141173,-0.306252262,-0.705586594,-0.420246268,0.497835876,1.250135947,-1.004105789,-0.594165698,-0.326237032,-1.454152613
1999,0,4279710,-4.382767927,-2.241779108,-2.064231759,-0.403473665,-0.868733088,5.110424207,-1.233402895,2.000564954,-2.763557265,-2.196638156
1999,0,04289L10,1.382998868,-0.160728417,-0.761138411,6.6953604,-1.175454085,-1.082258433,1.465577446,-0.372858352,-0.266333771,1.868276819
1999,0,4311320,-1.002494943,0.19908565,0.227963287,-0.389154672,-1.150936758,0.687205385,-1.109261724,0.263591894,-0.337937912,0.003988642
1999,0,4313610,1.740485449,-0.22680961,0.094615176,5.474487067,-0.878284505,-1.424121796,2.876476871,0.447697218,-0.100588885,1.041698214
1999,0,04314Q10,0.285819643,-1.833839699,-2.064231759,5.096099886,-0.825525341,-0.82935792,-0.130955719,-2.208174586,-1.100884743,0.461147524
1999,0,4316810,-0.00673384,0.750013631,-0.198107143,-0.393267324,-0.085561951,0.179811106,-0.563540499,-0.160865114,-0.512815081,-1.117589239
1999,0,4335310,-0.508065707,0.200194779,0.692884428,-0.391481052,0.423142341,1.025730316,-0.6815552,0.573243949,1.689351644,1.392083634
1999,0,4341210,-0.566331051,-2.241779108,-2.064231759,-0.326706296,1.80252505,1.059321729,-0.744446943,-2.208174586,-0.204528567,-0.536965696
1999,0,4342010,-0.488431223,-2.123874694,-0.274325602,-0.310949102,-1.323666698,1.576918452,0.100940908,0.099687658,-1.530431878,-0.088776125
1999,0,04349Y10,1.929281123,-0.603783778,-1.542377708,6.6953604,-1.066116249,-1.3886129,2.876476871,-1.193253818,-0.645964621,0.795485819
1999,0,4420910,-0.415391869,0.571195797,0.096290344,-0.392908976,-0.162730843,0.394885198,-0.530465492,0.413161331,1.863373088,1.623836515
1999,0,04516H10,1.570651959,0.741013121,0.356751877,-0.080061498,0.14634202,-1.214463081,2.876476871,0.42971102,0.214709439,-0.034636751
1999,0,04516X10,-0.599551428,1.111411045,0.719639342,0.095325596,-1.08860661,-0.343726212,-0.674921449,0.859198312,0.199410254,1.369608155
1999,0,4529530,-0.687832504,-2.241779108,1.409614263,-0.107275263,-0.56009498,-0.727195551,-0.738917628,1.336575232,-1.540139798,-1.411060866
1999,0,4529720,-1.343662427,-2.061616987,-1.081210265,-0.249227236,-1.281927126,-1.011224773,-1.233402895,-2.208174586,-1.649015397,-1.016398515
1999,0,4532710,0.771166456,0.049785687,-0.780734241,-0.324000952,-0.607903937,0.081736701,0.271355881,-0.412328628,0.496365194,0.686594803
1999,0,4538420,-0.655269007,0.100660172,0.067244368,-0.314004432,-0.74777981,0.120353251,-0.735550289,0.130087942,0.642073814,0.988333533
1999,0,04538V10,-0.125763267,-0.234619375,0.504029346,-0.299107691,-0.072872522,-0.323729607,-0.540132297,0.700519747,-0.774621824,-0.996690034
1999,0,04544X10,-0.676792838,-0.155988467,-0.38161414,-0.420866011,-0.99543547,0.653954577,-0.554253103,-0.436852096,0.248389212,-0.239248786
1999,0,4570994,0.59153029,0.734026263,1.171782518,-0.363038435,1.10548849,0.265761185,0.241943367,0.770946398,0.783106152,0.330388092
1999,0,04621M10,0.598340393,0.808803984,-0.541981046,6.6953604,-1.330743089,-1.505889267,2.876476871,1.181262925,-2.763557265,-1.590458212
1999,0,4622410,0.406991877,0.690654251,0.806666814,-0.306194264,0.053185131,0.00159998,0.099390327,0.704226308,0.780505408,0.777640953
1999,0,4.62E+23,1.675490755,-0.049495211,-0.628433992,-0.020390218,-0.74163367,-0.994568416,1.1947798,-0.287692877,-0.254665783,0.087581364
1999,0,04622V10,-1.902878498,-2.241779108,-2.064231759,-0.336349754,-1.009636793,2.107368656,-1.230827125,-2.208174586,-1.875571766,-1.349898968
1999,0,4634620,-0.822811534,0.277377391,0.111427293,-0.301953394,-0.634302239,-0.236396694,-0.833936163,0.287943085,0.708720282,0.931949086
1999,0,4635310,-0.277457779,0.967637648,1.10702149,0.076747579,-0.353706927,-0.15598965,-0.563029698,0.495953961,2.179175451,2.4845845
1999,0,04638F10,0.835580634,1.368263715,-0.072732996,-0.282935934,-0.242434228,-0.800944939,0.221782212,0.251388168,-0.127131407,-0.361557359
1999,0,4643310,-0.454840883,0.867874481,0.620079668,-0.313760894,-0.42144988,0.018401665,-0.536314013,0.644097204,-0.085319806,-0.036423676
1999,0,04648X10,0.928672687,0.081797563,0.273612331,0.830428278,-0.603707422,-0.727621609,0.171536855,0.316029737,0.506984638,1.509101582
1999,0,04651M20,-2.865112978,-2.241779108,-2.064231759,-0.363264832,1.292563107,4.420123162,-1.035454567,-2.208174586,0.709147014,0.729925492
1999,0,4661310,-0.014363036,0.416279486,0.214410225,-0.408095987,0.053835924,0.275708074,-0.289736022,0.287380838,0.802737527,0.103504801
1999,0,4678940,-0.5286713,0.335501174,0.588018167,-0.402936945,-0.834739651,0.139344625,-0.358756119,0.24980392,1.440360751,1.307026259
1989,1,4855310,-0.083320503,-0.626088385,0.341014633,-0.373366022,1.346219857,-0.382093782,-0.405354799,-2.208174586,-0.228844557,-1.104028526
1999,0,4907920,0.132793333,0.412521737,0.967565162,-0.352231048,-0.646805533,-0.779631578,-0.032287622,0.600598406,0.120337714,-0.160889367
1999,0,4915610,-0.282457157,0.494132793,0.797457095,-0.375977436,0.306511649,0.618541947,-0.393179684,0.472655662,0.554163223,0.226984559
1999,0,04915Q10,-4.382767927,-2.241779108,-2.064231759,-0.423418078,0.194063336,5.110424207,-1.233402895,-2.208174586,-1.277319103,-1.489279491
1999,0,4916420,-0.251496276,0.252796289,0.400091938,-0.395813264,-1.043024752,0.933680636,-0.0481199,0.279251498,0.918672961,1.205322017
1999,0,4930010,-2.285932298,0.030727978,-0.208885635,-0.414577693,-1.199587583,0.00736007,-1.233402895,-0.09042252,-1.21640375,-1.459449199
1999,0,4940820,0.304396104,-0.244165065,0.490857462,-0.219892214,-0.963959644,-0.57091931,1.152746727,0.255599302,-1.144477558,-0.786167626
1999,0,4951310,0.030815372,0.469818801,0.288372648,-0.111054118,-0.632028384,0.225086396,-0.317536526,0.289995704,1.210551013,2.024727993
1999,0,4956010,-1.143612114,0.240074628,0.106957088,-0.372775522,-0.744488799,0.504045544,-1.053587739,0.210274869,0.950423254,1.106019827
1999,0,4956710,0.780972696,-2.241779108,-2.064231759,-0.070887851,-0.954868183,2.233399141,0.4697685,-2.208174586,-1.917028001,-0.846413892
1999,0,4990410,-0.013679977,1.440970908,0.134814359,-0.364595203,-0.505063772,-0.575711546,1.164230471,0.349305441,-0.090997876,-0.456667861
1999,0,5009510,-0.402059596,0.867236753,0.918087467,-0.162931862,-0.801095964,-0.563753898,0.086054616,0.73851982,0.345271304,0.844228912
1989,1,5075310,0.952059692,-1.15258525,-1.54787992,-0.423813949,-0.010480693,2.104780418,0.948704516,-1.86434923,-0.92095025,-2.065166
1999,0,5075710,1.094597029,0.374421787,0.352651046,-0.282895253,1.38512673,0.024145139,0.294608174,0.493770252,1.156121447,0.989028149
1993,1,5090410,-0.264664313,-2.241779108,-2.064231759,2.817732904,-1.150037755,-0.808809034,-0.483343342,-2.208174586,-1.593302834,0.076088827
1999,0,5152410,0.363218306,0.192712057,0.007009622,0.075376105,-0.99991715,-1.341876459,2.876476871,0.2756415,0.181684286,0.543076481
1999,0,5152620,-0.699989152,-2.241779108,-2.064231759,-0.352919072,-1.263076147,1.363338967,-0.752684065,-0.998769734,-0.945261102,0.018315074
1999,0,05155P10,-0.485005993,-1.059904987,0.213761251,-0.28423696,-0.680311106,-0.764443915,-0.318319944,0.57216104,-0.323472041,-0.350293332
1996,1,5248110,-1.833370488,-2.241779108,-2.064231759,-0.350927603,1.267634837,-0.009735073,-1.141756995,-2.208174586,-0.880790035,-1.556385061
1992,1,5266310,0.115556917,0.487400815,-0.465981393,-0.404556332,1.590604603,0.305742996,-0.530202877,-0.237593094,-0.72010559,-1.851098046
1999,0,5266610,0.059110955,-1.850075201,-1.30771082,-0.387138885,-0.042896471,0.739216366,-0.473948304,-1.328308367,-0.515864826,-0.947093089
1999,0,05275N10,1.786931162,-1.07358995,-2.049470617,0.557691114,-0.898706686,-1.035922776,1.373185734,-1.50815112,-0.175870029,0.66158555
1999,0,5276910,0.124199148,0.201363251,0.073623569,-0.045469017,-0.355835089,-0.591677841,-0.349969567,0.18643621,1.01883753,1.494885927
1991,1,5277010,-3.930985805,-0.582160941,-0.665201505,-0.423695221,-0.56891523,2.23960856,-1.202407709,-2.208174586,0.076794557,-0.691662841
1999,0,5280010,-0.679499477,0.067576782,0.491658287,-0.316437159,-0.19554788,-0.187044664,-0.741722874,0.477061171,1.628015872,1.717860828
1999,0,5301510,-0.246044449,1.228430942,1.069551482,0.548452615,-0.302395233,-0.666163659,-0.410158976,0.905063268,1.776228469,2.4845845
1987,1,5328910,-2.208278946,-2.241779108,-2.064231759,-0.423694177,0.729998018,3.562133888,-1.074030463,-2.208174586,-0.789693363,-1.955202258
1999,0,05328X10,-1.167198932,0.243888355,0.520663036,-0.333397715,1.50523615,0.28243841,-0.900270474,0.830254061,0.313690356,-0.09479182
1988,1,5329110,-0.425261634,0.065623897,-0.336205136,-0.389806903,0.006257892,1.057564133,-0.667608483,-0.129038964,-0.046277502,-0.409874362
1999,0,05329W10,-0.367138401,0.341792193,0.090997676,-0.385161534,0.990151527,-0.023124761,-0.59083336,0.309381784,2.179175451,1.783868938
1999,0,5333210,-0.527482088,0.806850085,0.699283641,-0.316472329,0.039792735,0.209005366,-0.66104385,0.607159005,1.6584545,1.779410888
1999,0,5343610,-0.670768745,-0.073977943,0.280875927,-0.416893518,-0.884703074,0.927860029,-0.590614643,0.129311032,-0.522695753,-1.004685291
1999,0,05343P10,0.558885371,0.017387315,-0.089684065,-0.329416201,-0.000400399,-1.057743458,0.527300417,0.23667514,0.100251177,-0.527219878
1999,0,5346720,-3.381643292,-2.241779108,-2.064231759,2.238506671,-1.363863457,2.531891254,-1.093403564,-2.208174586,-2.763557265,-0.270642841
1999,0,05348F20,-0.029795564,-1.752556703,-1.595985191,-0.282115449,-1.160414543,-0.816783647,0.122981165,-1.27068804,-1.834800802,-1.549054876
1999,0,05349Y10,-0.116028318,-2.241779108,-1.700729,0.267645494,0.296020395,-0.345400662,-0.532310974,-1.760739376,-0.570352125,-0.143295065
1999,0,05354K30,-0.166400841,0.03364554,-0.146868861,-0.405135724,-0.363098771,0.650405447,-0.518890404,-0.67126241,0.101308897,-0.39309282
1999,0,5361110,-0.616319984,0.949092669,0.951729841,-0.168463571,0.266737315,0.487184702,-0.713285485,0.663720161,1.623413036,2.107368332
1999,0,05367P10,-0.02225221,-0.605497632,-1.92439636,-0.289735364,0.263208084,-0.205944882,-0.432423291,-2.208174586,0.783078993,0.714572963
1999,0,5369010,1.929890391,-2.241779108,-2.064231759,2.152984871,-1.363863457,-1.270914727,2.876476871,-2.208174586,-2.310443403,0.076779145
1999,0,05379B10,-0.723862715,0.160127632,-0.133513934,-0.418243865,1.031682762,0.874333433,-0.766113701,0.161342787,1.917169471,0.966345245
1999,0,5380130,-1.244403994,-2.241779108,-2.064231759,1.100454785,-0.78796557,-0.186156643,-0.962411646,-2.208174586,-1.278905058,-0.07378926
1999,0,5380210,-0.241277005,-0.856956219,-2.064231759,1.456173427,-0.592293719,-0.183923272,-0.27271446,-2.208174586,-1.274480274,-0.102151316
1999,0,5380710,0.887832243,0.96526569,0.357763238,-0.36324134,1.030339778,0.008698261,0.215799942,0.501037612,1.830325887,1.449995971
1999,0,5384320,0.379098633,1.407491383,2.141365826,1.108254629,-0.915412381,-0.917517783,0.028697788,1.776810037,-1.534347098,-0.565313308
1999,0,5389310,1.802008444,0.584926935,1.724178363,3.949409302,-0.214728505,-1.331788535,2.876476871,1.459846355,0.212377031,1.054083576
1999,0,5390410,-0.848659134,0.430476302,0.82252653,-0.343561721,-0.906062566,0.23492861,-0.883136564,0.591969795,-0.531162182,-0.299284892
1999,0,5430310,-1.22729685,0.447341977,1.578798486,-0.25477282,1.004657117,1.921777834,-0.892125986,0.868235846,1.757842582,2.14594451
1989,1,5430810,-2.650434587,0.152692587,-0.046314356,-0.30600998,-0.763787133,1.24455842,-1.233402895,0.014804599,-0.883067198,-0.457126027
1999,0,05453N10,1.69365929,-0.264944479,0.220860447,6.6953604,-0.953079731,-1.505889267,2.876476871,0.708726696,-0.443325322,1.130867389
1999,0,5454610,-0.906598314,-2.241779108,-2.064231759,-0.288937027,-1.267436652,0.481748223,-0.89844073,-2.198319866,-1.553888596,-0.533200124
1999,0,5459910,-0.840526507,-0.104458805,-0.824018938,0.008488091,-0.079346859,0.440093917,-0.808570402,-0.614248285,-0.156187184,0.439352308
1999,0,05459Q70,-0.052048894,-0.651192208,0.782977086,-0.397245423,-0.941547978,0.032311524,0.134846696,1.465133764,-0.877947399,-1.13445622
1999,0,5461510,0.826680868,0.279528451,-0.183450166,-0.263379528,0.128564813,-0.645139061,0.20693206,-0.618089073,0.121993626,-0.075619258
1997,1,05461P10,-2.213139023,-2.241779108,-2.064231759,-0.353492471,0.839218104,2.924189545,-1.080299977,-2.208174586,-0.971014295,-1.133894983
1999,0,05462D10,0.695281779,0.482969253,0.284545398,-0.246264099,-0.069151256,-0.296603774,0.371209144,0.321503616,0.19718169,0.249491027
1999,0,05462R20,-1.656675745,-2.241779108,-2.064231759,-0.404861804,-0.03770199,1.92002098,-1.112867064,-2.208174586,-1.305352872,-1.889172608
1999,0,5492410,0.822103242,0.54982686,0.956015114,-0.170010235,0.057246375,-0.843866924,0.223202162,0.634563514,-0.261823218,-0.387074623
1991,1,5500510,-0.232058661,-1.699647118,-1.026567466,-0.399784694,0.596465664,1.4152957,-0.620890345,-1.06549902,-1.060971074,-1.774028063
1999,0,5509010,-0.959879951,-0.328721003,-0.074785638,-0.427117541,-1.074878379,1.559271093,-1.025912016,-0.596871465,-0.13054811,-0.981443696
1999,0,05523R10,-0.499017029,0.819467888,0.090526346,-0.352802797,-0.922249262,0.135241607,-0.676274039,0.237776692,2.061441858,2.4845845
1999,0,5526250,0.353132404,0.674139904,0.605691526,-0.300921246,-0.264434798,-0.000925155,1.533309373,0.387244905,2.179175451,2.4845845
1999,0,05529L10,-3.215016494,-2.241779108,-2.064231759,1.393045553,0.124523064,1.668645781,-1.151384415,-2.208174586,-1.370569884,-0.144964866
1999,0,05534B76,-0.750457576,0.516322732,0.301029427,-0.100651698,-0.944230434,-0.244246712,-0.781394584,1.090409462,2.149802486,2.4845845
1999,0,5541310,-1.093026623,-2.241779108,-1.530103299,-0.421305102,-0.898373119,3.433935591,-0.937068274,2.000564954,-0.903802147,-1.29659497
1999,0,5543420,-1.052010567,0.838847934,0.29531484,-0.354606502,-1.115770167,0.097341271,-1.05001908,0.375903864,1.908345796,2.4845845
1999,0,5548210,-0.758222622,0.382788137,-0.097720003,-0.275238329,-0.677438728,-0.029373154,-0.78524911,0.007614715,1.146413613,1.594142012
1999,0,05548J10,-0.347412702,0.957895706,0.925614204,-0.093848372,3.059239301,-0.205078017,-0.622441955,0.798817694,1.667016165,1.651034738
1999,0,05561N10,-0.422832771,1.131198061,1.068518238,-0.280381576,2.460398534,-0.51088908,-0.627294235,0.877511828,0.85540528,0.339914029
1999,0,5562210,-0.740070961,0.794332479,0.361217895,-0.154074623,-0.322859891,-0.07371996,-0.773485787,0.48430869,2.179175451,2.4845845
1999,0,5566210,1.478034381,-2.241779108,-2.064231759,0.081711347,-1.128880793,-0.608836549,0.546254438,-2.208174586,-1.830945134,-0.951729248
1999,0,5571010,0.331922799,-2.241779108,-2.064231759,3.031247056,-1.09856316,-1.218950438,0.587423277,-2.208174586,-0.81476115,0.575608666
1999,0,5.58E+13,-1.356115858,0.702962174,0.487436166,-0.196123771,-0.808557602,0.115520617,-1.027153274,0.476083922,2.179175451,2.4845845
1999,0,5592110,-0.733969794,0.931763866,0.7681979,0.232398161,-0.722387367,-0.399527808,-0.770756263,0.655675421,1.312273629,2.337110916
1994,1,5593110,-0.86922125,-0.26924349,0.10027175,-0.144370089,0.007677326,0.795791542,-0.805761508,0.291456413,-0.203852255,0.237608891
1999,0,5594110,-0.829784008,0.259064832,0.41752378,-0.351915043,-1.071495003,0.362520723,-0.894431111,0.418371732,-0.930338108,-0.571137187
1999,0,5594410,0.88862186,0.282249646,0.620203205,0.039687469,-0.116645779,-0.865821767,0.476494172,0.416001547,-0.487754596,-0.332959196
1999,0,5596630,-0.64417956,-0.192587328,-0.081201604,-0.422001656,-0.167835322,0.719501829,-0.751299843,-0.821894719,0.649728706,-0.345628565
1999,0,5596910,0.687759625,0.044359503,-0.486604214,2.749322803,-0.741804734,-0.901322026,0.732946103,-0.137756352,-0.454908305,0.834326093
1999,0,5603210,1.242290552,0.472303097,0.394590684,-0.284106517,0.470449114,-0.389607829,0.535035493,0.549386741,0.045755065,-0.207600423
1999,0,05644L20,0.387692476,0.354330158,-0.342817582,-0.313815367,2.010952131,-0.534259632,-0.161417893,-0.136729205,0.023148028,-0.658078199
1999,0,05651Q10,-0.711811638,0.083691561,-0.827772782,-0.303647803,-0.564753475,-0.080257548,-0.750309896,-0.82802251,-0.026209342,0.111131314
1999,0,5652510,-0.399454357,0.903831516,0.900138903,-0.321532782,0.278182551,0.165402802,-0.620208648,0.736428511,0.347558898,0.212224507
1999,0,5654310,-0.180886521,0.804018414,0.077603911,-0.405546997,0.239282406,0.170697079,-0.296058398,0.275165083,0.025842854,-0.79658997
1999,0,05699Z93,-0.621652494,0.389101234,0.288258013,-0.408635543,0.081789397,0.750440029,-0.707303323,0.217693981,0.795620674,0.1749309
1999,0,5710110,1.782899754,0.061354973,-0.485639843,6.6953604,-1.363863457,-1.386253506,2.876476871,-0.117479603,-1.929949326,0.892717057
1999,0,5714910,-0.185254307,0.136240217,0.661026582,-0.396401248,2.462503763,0.524398648,-0.615726857,-0.246309896,0.827347316,-0.062294356
1999,0,5722410,-0.139885202,0.062140994,0.064301723,-0.316641776,-0.648231602,0.106969397,-0.085128973,0.146289212,1.697875186,2.091640557
1999,0,5766520,0.169794593,1.344583333,1.345137484,0.17569721,0.146474689,-1.053660634,0.376956087,1.042497719,-0.297100635,-0.217051809
1999,0,5774110,0.648243188,1.305573253,0.945598348,-0.165228358,0.162840794,-0.480804204,0.30695024,0.796115009,0.879618159,1.036877002
1999,0,5826410,-0.158921817,0.32338598,0.320776561,-0.396535751,0.274901736,0.164348154,-0.557873589,0.348150838,0.519472244,-0.116240805
1999,0,5849810,-0.481633537,0.410237242,0.498155809,-0.392414927,0.106302654,0.647772918,-0.602453241,0.366909185,1.603563995,1.302633785
1999,0,5851610,1.073735654,0.789357558,1.262583239,-0.207887689,0.226351336,-0.568034338,1.06291625,0.958385373,0.125344686,0.061467021
1999,0,05858H10,1.064800171,-0.166774779,-1.063019629,4.58888817,-1.319157282,-1.388644158,2.876476871,-0.677537861,-0.253287943,1.808137677
1999,0,5865910,0.08376755,-2.241779108,0.158273786,1.26126243,0.29107059,-0.351933434,-0.227051486,0.142138665,-1.408800021,-0.689798854
1999,0,05873K10,-1.084468647,-0.222732229,0.276589751,-0.393889688,-0.656528323,0.962597916,-0.940862285,0.321609627,1.038139383,1.029143576
1999,0,05874B10,0.233500791,-0.737770347,0.289119978,-0.423914109,0.076880374,1.691186325,0.190221837,-0.048543045,0.787976738,-0.23906127
1999,0,5978410,0.139468345,-0.462777097,-0.272075425,-0.386142051,-0.099796616,1.587329361,-0.281263541,-0.041235938,0.849130257,0.746453838
1999,0,6007700,-0.688369701,0.239493447,0.369415175,-0.410753027,-0.967548712,0.670470557,-0.653925713,0.336974086,0.455315176,0.294200616
1989,1,6081510,-1.821006493,0.122365422,-2.064231759,-0.418023953,2.277755538,2.097003993,-0.926694534,-2.208174586,0.092212023,-1.076317186
1999,0,06646V10,0.516008992,-2.07079657,-2.064231759,-0.183559044,-0.969647635,-0.154258587,-0.167624152,-2.208174586,-0.652294023,-0.010362085
1989,1,6690610,-0.833272211,-1.970729448,-2.064231759,-0.386185824,1.712181449,1.039255819,-0.794181924,-2.208174586,0.01715293,-0.659744531
1999,0,6738310,-0.243081131,0.77647462,0.947226761,-0.114197484,-0.337444864,-0.119004604,-0.516880036,0.807424821,1.11164693,1.670835922
1999,0,6777410,-0.322723647,0.321700596,0.418895496,-0.375532829,0.256222533,0.369804787,-0.598026603,0.45565286,1.592554309,1.354219004
1999,0,6780610,-0.104655111,0.775631509,0.400976913,-0.370689203,-0.014267207,0.372258425,-0.314537235,0.481020936,0.909401274,0.708045357
1999,0,6790110,-0.482963586,0.590150732,0.365465211,-0.05155739,-1.079179061,-0.936123447,-0.023606707,0.523384258,1.236743357,2.095320594
1999,0,6822110,-0.840058003,0.573628855,0.270614631,-0.395311642,-0.868574993,0.726499026,-0.854320939,0.218187598,-0.5669606,-0.673889605
1999,0,6830610,0.610403625,0.803220075,1.38402074,0.009052839,0.066057675,-0.439640611,-0.022176653,1.049912858,0.775541589,1.189266423
1999,0,6846310,-0.397789799,0.793182469,0.675526057,-0.33419159,4.036249207,-0.173769682,-0.623620359,0.595715017,0.678747933,-0.103235313
1990,1,6850610,0.980876604,-0.281782863,-1.029405486,-0.414678399,0.904598617,0.26287992,0.113141771,-0.732330208,-1.089487175,-2.213994822
1999,0,6862610,-0.857905022,-0.332500263,-0.19703401,-0.398883733,-1.028563979,-0.27713741,-0.982558701,-0.196165526,0.040180209,-0.12306926
1999,0,6879810,1.131022673,0.863028615,-0.995575245,-0.353457241,0.344295986,-0.568616875,0.889546548,-0.873622654,0.318153128,-0.227049931
1989,1,6956710,0.242950511,-1.256615982,-0.832911265,-0.279840356,-0.888557121,0.189102844,0.21168761,-0.818047658,-0.775558358,-0.355023247
1999,0,6984210,-0.790531579,-2.241779108,0.939912088,-0.204324281,-0.324550467,-0.088751195,-0.795204412,1.093675469,-1.325386182,-1.202841016
1999,0,7012010,-0.042987427,-0.505408882,-2.001369731,1.990236963,-1.289348944,-1.162478479,0.241768649,-2.19017395,-1.331689782,0.399235229
1989,1,7012120,0.095346505,-1.672422012,-1.338207565,-0.346703029,0.291705527,0.847605481,-0.452175804,2.000564954,-0.090267797,-0.255239193
1999,0,7020310,-0.003112477,1.110617411,0.077803214,-0.286618446,-0.076569968,-0.843986031,-0.051685742,0.460885205,0.728556628,0.500768712
1999,0,07132T10,-4.382767927,-2.241779108,-2.064231759,-0.388920303,-0.67035076,5.110424207,-1.233402895,-2.208174586,-1.443820557,-0.983080552
1999,0,7181310,-0.374147476,0.308783435,0.614223223,-0.242463643,-0.630451169,0.380477189,-0.561991145,0.660789688,1.832192026,2.4845845
1999,0,7190010,-0.440129918,-0.944631717,-0.935975734,-0.394244273,-0.925164535,0.453700808,-0.459643746,-1.271884551,0.657297563,0.70724194
1990,1,7286910,-1.322415546,-0.851963387,-2.064231759,-0.423605026,1.43760632,1.525313527,-0.870760018,-2.208174586,0.001771898,-1.412817037
1999,0,07301P10,-0.032532749,-0.136832341,0.1763333,0.608804164,0.145585489,-1.081585137,1.734755508,0.34678518,-0.939615838,-0.718894137
1999,0,7317610,-0.907794205,0.203649324,0.352458025,-0.322568601,-1.101994551,-0.243204804,-1.001203128,0.338021436,0.194847838,0.714664081
1981,1,7323910,0.717803115,0.970108372,0.218216758,-0.366825555,-0.755960792,-0.118428131,-0.28846508,0.736024487,-0.369966439,-0.47362757
1999,0,7330210,-0.273486321,-0.243941823,0.583013353,-0.412503195,-0.45058439,1.221715676,-0.388155457,-0.265361042,0.969024969,0.561963843
1999,0,7332010,0.353865378,0.266678756,-0.26533384,-0.095383053,-0.788266602,-0.58185159,-0.043151803,0.194421993,0.208156503,0.773432514
1999,0,07384R40,-0.47694513,-2.241779108,-2.064231759,-0.192819792,-1.129659513,-1.060208498,-0.536795856,-2.208174586,-1.479855373,-1.159674513
1999,0,7391710,-0.720158507,0.054114329,-0.713578013,-0.38556679,1.367597163,0.736805969,-0.772274177,-0.337293558,0.884376313,0.316155591
1999,0,7428010,-0.924686025,0.146193619,-0.195615526,-0.398166476,-1.0817445,0.39130644,-1.018522194,0.049562453,0.280459144,0.407713429
1999,0,7557110,1.114226037,1.062860551,2.142463254,1.539863169,0.744562265,-0.843951339,0.587601476,1.837766971,0.461959607,1.14829248
1999,0,7565320,-1.555121865,1.223388164,0.304884259,-0.324218487,-1.193088659,-0.758522285,-1.233402895,-0.323137208,-1.071472837,-0.740787209
1999,0,7581110,-0.152325623,0.20251779,0.501037072,-0.379276407,-0.409167106,1.114800946,-0.424583727,0.446672846,1.332395117,1.404027425
1999,0,7588710,-0.490430557,1.043705089,0.716711111,-0.259149004,-0.507092033,0.222470194,-0.639048914,0.525411332,1.584786645,2.097455187
1999,0,7589610,0.592143792,1.046582683,1.441199233,0.411424118,1.077376861,-0.536048676,-0.122651725,1.115961732,1.347295504,1.844907053
1999,0,7690220,-0.728507015,-0.075285862,0.19491852,-0.340103108,-0.967832188,-0.40611951,-0.761079747,0.461082031,-0.868465958,-0.785175246
1985,1,7702220,0.174335884,-2.09319124,-2.064231759,-0.243142271,-0.125901544,1.025732268,-0.330705635,-2.208174586,-0.603730229,-0.313085954
1985,1,7726610,-2.414365763,0.130724448,-1.009529461,-0.425906527,-0.505529183,1.056309382,-1.151238999,-1.883254189,0.472487902,-0.634485416
1999,0,7734730,0.872341173,1.485390003,1.094495152,0.839770591,-0.299352925,-1.256221245,1.564767173,1.237651501,0.25499881,0.687938053
1999,0,7745410,-0.027293989,0.698093884,0.566220406,-0.358703927,-0.078238464,0.379663584,-0.083961167,0.44807738,1.01807881,0.934262023
1989,1,7784210,0.443319429,0.032798093,-0.639310415,-0.408591866,1.295046371,0.337269842,-0.254217225,-0.521433189,0.224280976,-0.816773813
1999,0,7791430,-1.266657925,-0.10399323,-0.434125229,-0.378374686,-1.131560158,1.088479396,-1.004277619,-0.705615969,1.012379491,1.654356509
1999,0,7810710,0.33189681,0.008016128,0.510906272,-0.327511019,2.206195039,0.201453675,-0.454831447,0.712109762,0.532291598,0.060352038
1999,0,7813710,0.882644189,0.303234412,0.207966131,-0.405077105,1.947135052,0.626062991,-0.157643163,0.244027565,1.119890144,0.217239974
1999,0,8055510,-0.672813776,0.255033601,0.258399184,-0.373382553,-0.971354464,0.3731873,-0.593220707,0.411176169,1.240349155,1.593671314
1999,0,8143710,-0.053948825,0.965120773,0.770557256,-0.276246871,0.038298956,-0.087391647,-0.098227679,0.609739414,1.355664073,1.497217902
1995,1,8149910,0.249434422,-0.020451204,-0.956338248,-0.425691401,0.688696472,0.96147201,-0.299833852,-0.755754388,0.708269814,-0.746225554
1987,1,8152510,-2.090531794,-0.48348323,-0.381347703,-0.270975407,-0.339953922,0.363669213,-1.213550566,-0.35581331,-0.878525876,-0.736790434
1999,0,08160H10,0.004796313,0.30267728,0.063372738,-0.379644801,-0.072811197,0.308637807,-0.427374504,0.218979835,1.045773716,0.793176043
1990,1,08165P10,-0.506888106,-2.241779108,-2.064231759,0.150121724,0.019006812,0.242013858,-0.712952117,-2.208174586,-1.5068712,-1.0254859
1999,0,8179540,-0.057274171,0.664786043,0.616294344,-0.247333472,-0.517722981,0.134916617,-0.488784508,0.531765558,1.360833904,1.860315987
1999,0,8185120,-2.141009819,0.024812624,-0.41544731,-0.419698433,-1.279212496,0.661702956,-1.090743613,-0.692057466,-0.81693586,-0.782491295
1999,0,8190610,0.992062355,-0.023969478,2.038364753,1.317684777,-0.161441883,-1.146585302,1.500212671,2.000564954,-0.414894132,0.142401138
1999,0,8204720,-1.222986845,0.772530559,1.136295836,-0.277080402,0.684448789,-0.325682816,-1.116492342,0.879443287,0.310682214,0.083662208
1999,0,8265710,-0.583890038,-2.241779108,-0.015087497,-0.045434956,-0.348307838,-0.151637514,-0.722229239,-0.208640196,-0.448731708,0.006527939
1999,0,08345L10,-0.725696991,-0.374359116,-0.299746427,-0.426415714,-1.288959245,0.520141731,-0.742884394,-0.525236463,-0.665399512,-1.061130816
1988,1,8352110,0.323101194,-1.579180285,-1.79717777,-0.427117541,2.021768933,2.857833163,-0.443742749,-1.855149073,0.215032609,-1.626567387
1999,0,08437M10,-0.022291908,0.581755816,0.760539111,-0.405499513,-1.132022801,0.562292244,2.876476871,0.891715638,0.79840691,0.989575712
1988,1,8441910,-4.382767927,-2.241779108,-0.901011421,-0.427117541,-1.301746169,5.110424207,-1.210989648,-2.208174586,-1.583247066,-1.670265032
1999,0,08449G10,-0.917776847,0.193697708,0.165131178,-0.213553365,-1.173062722,-0.405497363,-1.031349079,0.202455926,0.39137573,1.321022514
1999,0,8578910,-0.616678429,0.644123968,0.661765565,-0.194144883,-1.016477019,-0.271912139,-0.36024793,0.687676879,0.023415956,0.743281706
1999,0,8651610,-0.26048281,0.601682817,1.024444946,-0.056669096,3.345526124,0.322952033,-0.645616091,0.880213994,2.098664634,2.293454213
1995,1,8655310,0.58656793,-0.049738656,-0.43607955,-0.412171191,0.983747326,0.353548035,-0.114333175,-0.766509212,1.256924785,0.316700989
1999,0,08659G10,-0.029420111,0.493427798,0.742282666,-0.367272244,0.728960201,0.576715793,-0.447714351,0.568948198,0.103994351,-0.318233734
1996,1,8782240,-0.240408242,-2.241779108,-2.064231759,-0.421660534,2.824493772,0.284670534,-0.633732649,-2.208174586,-0.542408744,-2.213994822
1999,0,8825520,-1.054588741,-2.241779108,-2.064231759,0.730659746,-1.249502939,-0.278675343,-0.90993739,-2.208174586,-2.126780633,-0.50376924
1999,0,8930210,0.295340728,0.829218788,0.335415675,-0.314470014,1.055084189,-0.378897332,-0.258123318,0.405284478,1.711041359,1.434925875
1999,0,08947W10,-0.759364958,0.501611862,0.481460906,-0.300597266,-0.179284227,-0.260118476,-0.789673151,0.437530464,-0.27093374,-0.379062671
1986,1,9001810,-0.59882176,0.139191122,-0.052841262,-0.154701572,-0.371435179,-0.324834191,-0.680358933,0.230968138,-0.276182814,0.005856953
1999,0,09056N10,0.057490069,-2.241779108,-1.720636475,-0.230061008,0.184685615,-0.56792697,-0.367695457,-1.363371388,-1.058593601,-1.298759107
1999,0,9057220,0.099906436,0.630812642,0.29983991,-0.389116539,-0.449215432,0.435957534,-0.324537775,0.23077301,0.860029182,0.671920254
1999,0,09057G60,-0.403791643,-0.50280501,-0.295114494,-0.406970601,0.507973305,0.366273566,-0.679516731,-0.90211609,-0.060883737,-0.942467869
1989,1,09058K10,-0.108383544,-2.241779108,-2.064231759,-0.125294098,0.727406447,0.677733107,-0.600960081,-2.208174586,-1.074687878,-0.916142306
1999,0,09058M10,-0.224957318,0.513200339,0.055636854,-0.329407126,-0.525503472,-0.58568916,-0.13139558,0.258058653,-0.456602403,-0.66871479
1999,0,09058V10,0.255262928,-1.262452126,-0.937375142,6.6953604,-1.341320621,-1.505889267,2.876476871,-0.361680684,-1.278111288,0.931958673
1999,0,09059T20,1.524068396,-2.241779108,-2.064231759,4.300657901,-1.238504725,-1.318143497,2.876476871,-1.174855028,-1.560946013,0.059588234
1999,0,09060C10,-4.382767927,-2.241779108,-2.064231759,-0.249732684,-0.884079599,5.110424207,-1.193088928,-2.208174586,-2.372993676,-1.062596803
1994,1,9.06E+13,-1.133081204,-0.412200121,-0.384882427,-0.282593818,-0.835835151,-0.437509887,-1.016934966,-0.414395933,-0.358714091,-0.130092226
1999,0,09061G10,1.157718851,-0.600293604,-1.982655432,4.697127146,-1.303592003,-1.470430646,2.876476871,-1.675182142,-0.871241188,0.83494217
1999,0,09061H30,1.154218094,-2.241779108,-2.064231759,-0.176542288,-0.028523937,-0.79096295,0.358012873,-2.208174586,-0.815254356,-0.961422313
1999,0,9062410,-0.528341378,-0.464233437,-1.472595238,-0.130219732,-1.113338223,-0.409605924,-0.650037321,-1.572753568,-1.590503259,-0.866987767
1999,0,09062W10,-0.796484003,-2.241779108,-2.064231759,-0.176518744,-0.447473022,0.283094745,-0.791049875,-2.208174586,-1.413458116,-1.098636119
1999,0,09062X10,2.00623793,-0.078136005,0.719709555,1.416596459,-0.944565721,-0.153146506,2.876476871,1.043143703,0.250120016,1.867546884
1999,0,09063P10,-1.895930587,-2.241779108,-2.064231759,-0.092264094,-0.159800747,1.499274478,-0.981673389,-2.208174586,-0.874207731,-0.268051471
1993,1,9064810,1.082676033,-2.241779108,-2.064231759,-0.405660318,-0.084398729,3.144020893,0.695640279,-2.208174586,-1.169236917,-1.60371914
1999,0,09065A10,0.472308905,-0.318937433,-0.28422714,0.723295743,-1.115938626,-1.505889267,2.876476871,-1.118214106,-1.391328859,-1.291227577
1999,0,09065H40,0.606167652,-2.241779108,-2.064231759,0.73910247,-1.330889613,-1.058574096,0.618198808,-2.208174586,-1.223940471,0.559474141
1999,0,09065N10,0.663259073,-2.241779108,-2.064231759,0.905829541,-1.098074874,-1.245157162,1.172681361,-2.208174586,-1.36917063,-0.497995211
1999,0,09065U10,-1.855469006,-1.606333665,-1.355106175,-0.252379822,-0.33168407,0.042938154,-1.112438761,-1.698265314,-0.595990554,-0.453085226
1999,0,09066L10,1.973331049,-2.241779108,-2.064231759,6.6953604,-1.17284606,-1.301576355,2.876476871,-2.208174586,-1.626622304,0.194404723
1995,1,09066N20,-1.865924821,-2.241779108,-2.064231759,-0.296545457,0.212997945,1.882459421,-0.97517953,-2.208174586,-0.398240804,-0.214232409
1999,0,09066V10,1.179131821,-2.241779108,-2.064231759,1.349187751,-1.037448133,-0.819810544,0.414193515,-2.208174586,-1.317075983,-0.064747183
1999,0,09066Y10,1.261716042,-2.241779108,-2.064231759,0.288953674,-0.959634397,-0.604663115,0.265365149,-2.208174586,-0.784225109,0.143950138
1999,0,09067J10,0.599985691,0.303854485,0.34937925,0.515153466,-1.109174617,-0.657796865,1.087109855,0.764667503,0.349940483,1.706315313
1999,0,09068C10,-0.591258482,0.503424398,0.437271317,0.399377618,-0.79725792,-1.18533982,-0.590709424,0.662763259,-0.301155372,0.228757012
1999,0,09069N10,-0.497247703,-0.698074724,-0.118628682,-0.392585388,2.316169381,0.482951911,-0.716632377,-0.101009798,0.711096315,-0.136152705
1999,0,9091110,-2.34940455,-2.241779108,-2.064231759,0.417811297,1.589673252,2.525148632,-0.970130346,-2.208174586,-0.869652965,-0.123205308
1999,0,9093110,1.588167665,1.264566416,-0.372347091,0.029420111,-0.68293893,-1.173905539,1.804972886,0.21322936,-0.891949471,-0.762795946
1999,0,9093530,-1.504707947,-2.241779108,-2.064231759,-0.39984633,-1.066272526,3.701181081,-0.892006901,-2.208174586,-1.990111687,-1.749102955
1999,0,9128320,-0.578511742,0.117326699,-0.169008824,-0.380579918,-0.22254461,-0.410650059,-0.574972989,0.049368206,-0.312475964,-0.888156434
1999,0,9173610,1.381976064,-2.077967017,-1.855548274,0.942791121,-0.68783113,-1.232526517,1.940000603,-1.712781427,-0.773731939,-0.203512954
1999,0,9179710,-0.475855443,0.08416651,0.711438469,-0.338138564,-0.103662443,0.833362434,-0.665757569,0.60925059,1.695583847,1.904415434
1999,0,09180C10,-1.17555744,-0.23724195,0.091510157,-0.331063816,0.832895643,-0.694291831,-1.146246423,0.249580956,-0.2055346,-0.866427915
1999,0,9182610,0.077407986,0.815335782,1.048665214,-0.003588181,-0.127982302,-0.30719903,-0.008439257,0.828313973,0.822462443,1.339830135
1999,0,9190220,-0.151042751,0.275390762,0.523671741,0.229162328,-0.906313436,-1.437059351,0.972967775,0.700904234,-0.089847818,0.076461582
1999,0,9191710,0.656241013,-0.289651776,-0.405592128,0.632605974,-1.363863457,-1.388412552,2.876476871,0.398357522,-2.202318877,-0.064574323
1999,0,9193210,0.238061118,0.437608238,2.142463254,0.833458095,0.053689461,-0.507426678,-0.338838205,2.000564954,-0.43510548,0.280832203
1984,1,9202020,0.769625793,-1.905598239,-2.048375698,0.65348217,-1.174663855,-1.387614148,2.549254097,-1.402177519,-2.323515622,-1.727936224
1999,0,9211310,-0.86244064,0.538881029,0.428448781,-0.362992435,-0.050487923,0.460816513,-0.839314459,0.477788701,1.004911792,0.900268755
1993,1,09347L10,-1.62755959,-0.566781169,-1.056504018,-0.209259255,-1.270315696,-0.399878074,-1.136177785,-1.587996701,-1.740939546,-0.773169717
1999,0,9367110,-0.553713799,0.502563836,0.469168283,-0.37077244,-0.892529381,0.789857557,-0.727212271,0.406913854,1.453035503,1.85754397
1999,0,9367910,-0.905031789,0.109712447,-0.094337865,-0.36726975,-0.787856774,-0.755397837,-0.970946012,0.061547955,1.690552653,1.608852024
1999,0,9369810,0.491725321,0.585374825,0.020199615,-0.350592918,-0.405980341,-0.191386307,0.134338119,0.120948873,-0.039746747,-0.222222246
1999,0,9518010,0.128291079,-1.743147392,0.728633398,-0.398571232,-0.04765761,2.880320895,-0.119898695,-0.093977714,1.013835641,0.915557804
1999,0,09534T50,2.023422271,-0.901865057,-2.064231759,6.6953604,-1.144238308,-1.446986464,2.876476871,-2.208174586,-0.302547817,1.668424323
1999,0,9539520,-0.733437545,-0.543015365,-0.849741285,0.374859329,-1.2348969,-1.205556892,-0.761487999,-0.524829099,-1.239313978,-0.238423087
1999,0,9600510,-0.630255171,0.848564934,0.072048315,-0.345361559,-0.486741688,0.118216335,-0.624666945,0.247643182,-0.47633979,-0.557364228
1999,0,9605510,-1.240657127,0.37816433,0.291496991,-0.352832884,0.47366219,0.113313726,-0.946994561,0.292644412,1.165738458,0.914461172
1999,0,9622730,1.040578494,-1.627923516,-2.064231759,0.074420666,-1.052079019,-0.453283644,-0.018028041,-2.208174586,-1.007191443,-0.091189558
1999,0,09624C10,-1.328649792,-1.317878806,-0.729615587,-0.39184811,-0.903248609,0.02900483,-1.153002952,-0.753635212,-0.370689473,-0.537093596
1999,0,09624G10,-1.04322089,-2.241779108,0.757968328,-0.427117541,-0.506286879,0.926788986,-1.020921612,0.869141976,-1.438556305,-2.213994822
1999,0,09643P10,0.115279815,0.890049093,1.361543853,-0.216422815,0.363591012,-0.190638682,-0.014733284,0.970620864,1.134302121,1.272733841
1987,1,9660610,-0.901106066,-0.491099933,-1.948385721,-0.191636349,-0.216287377,1.195910479,-0.805629515,-1.817220175,-0.869709578,-0.441961834
1999,0,9676110,-1.414188508,1.251345503,0.733377635,-0.276664509,0.370144876,-0.661860574,-1.162058187,0.674409684,1.083152291,0.889831799
1999,0,9702310,-0.564391373,0.624909843,0.384335606,-0.335333762,0.437650239,0.472777218,-0.699535774,0.536879218,2.179175451,2.4845845
1999,0,9769810,0.13506168,-0.392642538,1.013417996,-0.23259732,-0.584045322,-0.520463488,0.066523079,1.128790879,-0.461829744,-0.316907575
1999,0,09776J10,0.344954667,0.473367528,0.217536976,-0.414233824,0.634196175,0.044016779,-0.133056108,0.268718192,0.979247292,-0.053080279
1987,1,9792010,-1.331051201,-0.119019783,-0.497276692,-0.404152999,-0.698090903,0.997989185,-1.021182051,-0.8294682,-0.368604293,-0.661427013
1999,0,9792410,0.858096494,0.601062358,0.181370533,-0.231698926,0.813673221,-0.929927962,0.591408856,0.355223543,0.724991057,0.357780608
1999,0,9852930,0.467563995,0.435336569,-0.136779116,0.389949584,-0.864309926,-1.008636587,0.348543304,0.183056504,-0.557780776,0.140977633
1999,0,09852Q10,-0.400090942,0.335705907,0.20180711,-0.292404702,-1.03249779,-0.455186146,-0.407281778,0.338454226,-0.664588697,-0.31061773
1999,0,9853610,-0.931925902,0.321627635,0.8769974,-0.056482661,-1.021855676,-0.317486683,-1.026426317,0.716450086,-0.022449733,0.887351697
1999,0,9857010,0.305417535,0.4296398,0.134094327,-0.377599053,0.216232213,0.146625475,-0.392859334,0.251875295,0.738135743,0.338945554
1999,0,09858M10,-3.557131055,-1.355234393,-0.5806857,-0.410766494,-1.363863457,2.857820218,-1.174928716,1.471036004,-2.763557265,-1.018907322
1999,0,9946950,-3.192384033,-0.918826109,-1.394420079,-0.415037733,-0.150260109,1.659674099,-1.148506862,-2.208174586,0.029030354,-0.620249205
1999,0,09950M30,-0.80784628,0.241737254,0.311541001,-0.407153281,-1.07452176,0.781803593,-0.903124615,0.262555522,0.003020819,0.018166203
1999,0,9970910,-0.461280335,0.236410042,0.414636081,-0.3678162,0.394555194,0.159442949,-0.691654318,0.426472652,1.5329139,1.26070622
1999,0,9972410,-0.857212784,0.331020557,0.362427328,-0.393221677,-0.442318217,0.344311767,-0.858191586,0.409144644,1.454110505,1.266531058
1999,0,9984910,0.847723973,-1.123121713,1.255626028,0.016619674,-0.385319108,-0.668880577,0.260717657,0.593611536,0.585293331,1.054472925
1982,1,9986930,-3.088038939,-1.387169058,0.010948296,-0.384184678,4.036249207,2.707450573,-1.046892553,0.232387644,-0.877600717,-1.683450585
1999,0,10055710,0.931014104,0.684818555,0.819706131,-0.124490297,0.396656861,-0.826372285,0.526702119,0.764109282,0.410381143,0.352716126
1999,0,10113710,-0.747324917,0.430551283,1.251013166,-0.116333106,-0.4785521,-0.035463831,-0.778009404,0.800927386,1.51156795,2.204014739
1999,0,10138810,1.80190665,0.325267735,0.546808104,3.466954196,-0.572496262,-1.109870919,1.759603329,0.6001518,-0.185782623,0.970289093
1999,0,10170210,-0.880633465,0.073218531,-0.364521535,-0.34696238,-1.281697761,-1.082713584,-0.90238154,-0.067772229,-1.879889283,-1.676088691
1999,0,10170620,0.396253904,-0.262068121,-0.10584171,-0.347133288,0.427630649,0.143357436,-0.10618503,0.532392184,0.098531265,-0.229761146
1999,0,10190610,-0.877778659,-0.352669525,-0.33551418,-0.27047097,-1.336122662,-1.267917198,-1.014524844,-0.035751344,-1.475395982,-0.761110046
1999,0,10211F10,0.288391772,-2.241779108,0.384738434,0.297251973,0.100520872,-1.067786189,0.148828195,-1.8487711,-0.744771458,-0.634564631
1999,0,10256510,-0.101050422,1.397975388,0.545321635,-0.049992876,-0.6323898,-1.162617963,1.340471926,0.642576946,-0.326697346,-0.234361209
1999,0,10304310,-0.198756841,1.090917,0.391324835,-0.312818721,0.30748654,-0.377743636,-0.46652652,0.385698109,1.101688161,0.922313129
1999,0,10330410,-0.73465374,0.270899207,0.44795502,-0.410133187,-0.605522946,0.878646141,-0.756354241,0.290210884,1.092261298,0.780085095
1999,0,10330910,-0.613320586,0.207974634,0.537824076,-0.347623678,0.39025175,0.373787174,-0.677410265,0.407002615,-0.055153534,-0.340751877
1996,1,10335810,0.47683776,0.167513604,0.216490459,-0.05833026,-0.274356185,-0.633733421,0.1050535,0.415647516,-0.321464142,-0.072948497
1999,0,10363210,-3.288454192,-2.241779108,-2.064231759,-0.38984241,-1.363863457,0.813490226,-1.233402895,-2.208174586,-2.763557265,-1.636153008
1985,1,10390110,-0.599772185,0.731625941,0.287688013,-0.343502707,-1.07214486,-0.698463064,-0.678866211,0.38173686,-0.852210545,-0.776393439
1999,0,10467410,0.442389117,1.266748263,1.02344509,0.135991936,0.13931958,-0.831988992,0.1457624,0.859521393,0.798802027,1.127443333
1999,0,10501Q10,-2.444139176,-1.1228502,-2.064231759,-0.347369194,0.194633047,1.805958814,-1.026827428,-2.208174586,-0.304638889,-0.326768747
1999,0,10511J10,-0.245999413,0.615444086,1.062055508,-0.189835368,-0.661593985,-0.940061648,-0.141593932,1.055865501,-0.142006994,-0.038783257
1983,1,10518710,-0.764859555,0.1448114,-0.945645323,-0.422342453,1.53205657,1.139135936,-0.785245811,-0.330703057,0.302997255,-1.068859894
1999,0,10531R10,1.405011192,-1.194188076,-0.23092187,5.459788276,0.932795699,-0.86366804,0.630835789,-0.833188766,-0.647383992,0.34356766
1999,0,1.05E+14,-0.994664204,-0.336228589,-1.854136982,-0.420795495,0.431224893,1.368505813,-0.819199936,-2.208174586,-0.346680915,-1.468698152
1989,1,10542340,-0.570002495,-1.657434257,-2.064231759,-0.427117541,0.634582264,4.179314683,-0.559921349,-2.208174586,0.728977609,-0.870936696
1982,1,10542510,-4.382767927,-1.451254937,-2.064231759,-0.427117541,-0.62913112,3.670487483,-1.204058237,-2.208174586,0.700678119,-0.632062301
1999,0,10553210,-0.270597128,0.261695028,0.56743392,-0.384808062,-0.780666954,-0.386107124,-0.148051217,0.424110474,1.111590312,0.967271526
1999,0,10575520,-1.690659718,-1.520907483,-0.604649686,-0.409807521,0.413225169,0.748019933,-1.141059254,-1.711508323,-0.237656903,-1.097832922
1999,0,10637210,0.907254906,-0.109173442,-1.137066164,6.6953604,-1.00857846,-1.262275171,2.13923269,-0.768744513,-0.359026286,1.337290412
1999,0,10676410,-0.735586173,0.339202927,0.319458024,-0.416261324,-0.676191285,0.626648091,-0.771102353,0.20525203,0.619908192,0.083445588
1999,0,10678610,1.921879033,-0.771579898,-2.064231759,5.70326697,-1.363863457,-1.329925055,2.876476871,-2.208174586,-2.763557265,0.289135849
1999,0,10690230,-0.09118334,-0.027060705,0.538624853,0.012971195,-0.739292805,-1.03895925,0.219966207,0.705497757,0.325088367,0.737193924
1999,0,10708310,-0.378040631,-0.347003474,0.33640653,-0.378802643,0.881544354,0.482646921,-0.680482155,0.480482175,-0.499396536,-1.134123974
1995,1,10709010,0.24329954,-0.126524275,-1.177598213,-0.423797641,1.438997453,0.217717892,-0.493186172,-0.807823217,0.356304578,-1.267786716
1990,1,10717710,0.72618707,0.327343879,0.868589153,-0.387584336,1.773505952,0.083164241,-0.150025413,0.764098725,-0.087541914,-0.997430081
1999,0,10788P10,-1.227079969,-0.735396738,-0.694680451,-0.375737864,0.005399799,0.018404566,-1.017780423,-0.809248309,-0.378206291,-0.865673327
1999,0,10805710,0.524752576,0.017483454,0.286192361,0.904214164,1.488882129,0.072758209,-0.364782158,0.437573259,-0.24009045,0.40118138
1999,0,10843T10,0.085594168,0.069693199,0.624163656,0.634674845,-0.300796031,-0.179978128,-0.490981883,0.480255034,-1.034969812,-0.226389371
1999,0,10876310,0.899362581,0.535066145,1.086253283,-0.163908591,0.459686367,-0.641935935,0.91441089,0.889618101,0.314439553,0.260892892
1999,0,10904310,-0.098698998,1.33303939,1.197402537,-0.259828234,0.562447477,0.163727881,-0.45209654,0.914987754,1.258651014,1.361246984
1999,0,10917810,-0.9899157,-0.639140769,-0.177021167,-0.417699847,-1.242209085,1.226475869,-1.056481029,-1.021324262,-0.560444992,-0.457875299
1999,0,10947340,0.635015846,-0.014108801,0.108935534,-0.330665129,1.778413576,0.677644113,-0.187759868,-0.87021272,1.316865861,1.083978577
1999,0,10947N10,-0.353510413,-0.476338435,-0.456283594,-0.241938503,-0.00126729,-0.736901988,-0.438283837,-0.662936919,0.19792977,0.059338527
1999,0,10949Q10,-0.179793225,0.435776777,0.731354269,-0.356589087,-0.678993063,-0.07784879,-0.59535586,0.724474406,0.842362211,0.910207826
1999,0,10950220,-1.067857401,-2.241779108,-2.064231759,0.312765685,-1.295205214,-0.263117375,-0.898558642,-2.208174586,-1.766188696,-0.101627083
1999,0,10964110,-1.004968623,0.98987865,0.767911464,-0.153258083,0.572038559,-0.424182423,-1.01644061,0.594580593,1.34572754,1.495294966
1999,0,10969610,-0.657634082,0.393462771,0.107164792,-0.37052891,0.502068125,0.513982119,-0.734936831,0.207762201,1.656957476,1.434149092
1980,1,10979910,2.023422271,-0.26637043,-0.103826387,1.439798819,2.556339664,-1.259390782,2.876476871,2.000564954,-0.549843348,-0.618819538
1999,0,11012210,-0.04635432,1.485390003,2.117481622,0.542631593,-0.041288562,-0.104537305,-0.426887076,1.722935498,2.179175451,2.4845845
1990,1,11016510,0.476077197,-2.241779108,-2.064231759,-0.100488811,-0.721301249,0.132900379,-0.428878551,-2.208174586,-1.611262791,-1.085756911
1999,0,11039410,-0.30301389,0.525042708,0.011526744,-0.387138822,-0.744110638,0.203044973,-0.323793497,0.194046356,0.750719829,0.686364122
1999,0,11041930,-0.931515524,0.390151361,-0.148554847,-0.406795392,-0.630523659,0.687561103,-0.897863002,0.104791576,2.150367443,2.012596871
1999,0,11044810,-0.213603602,0.565410853,-0.376731829,-0.38919874,-0.068098971,0.44851521,-0.491442752,0.341220725,2.179175451,2.301925484
1999,0,11076310,2.023422271,1.045991966,-0.081186499,-0.196742446,-1.318975852,-1.505889267,2.876476871,0.226054698,-2.330216989,-2.213994822
1999,0,11101310,-0.205677757,-2.241779108,0.938716974,-0.047012626,0.200644407,3.178676295,-0.610639991,-1.585049936,1.450399073,2.465955515
1999,0,11131M10,-0.740344568,-1.101930765,-2.064231759,-0.123593033,0.954705193,0.946533493,-0.776629593,-2.208174586,-1.112306365,-0.952217175
1999,0,11132010,0.930066084,0.403479296,1.460169608,6.6953604,-0.376951932,-1.169487689,1.070789684,1.054720575,0.836771075,2.4845845
1999,0,11132B20,-0.892707779,-1.559806515,-2.064231759,-0.34384876,0.192663265,1.283175628,-0.811487992,-2.208174586,-0.202513603,-0.266787397
1999,0,11138110,-0.421704315,0.420472894,0.654189916,-0.390258328,0.775714407,0.569618086,-0.672041946,0.673674975,-0.730768428,-1.466192721
1999,0,11141260,1.951321694,0.228778818,0.063104079,6.6953604,-1.057689399,-1.163107859,2.876476871,0.420886069,0.241667559,2.398790907
1999,0,11162130,1.427199776,-0.268848868,-0.141358015,6.6953604,-0.716371319,-0.757992627,0.473214616,0.254974074,0.035589316,2.107457787
1999,0,11400320,-1.018803988,-2.241779108,-0.510193214,-0.324959009,0.815602628,0.366069503,-0.880579526,0.453481161,-1.045060883,-1.438298594
1980,1,11433110,0.621858159,0.692899396,1.193020494,-0.346923935,0.910793087,0.190569094,-0.259832511,0.716170091,0.021171689,-0.408671032
1999,0,11433610,0.984987542,-0.378726153,-1.64467175,0.656198275,-0.326307496,-0.639289591,0.120375169,-1.510932535,0.459880559,1.296462394
1999,0,11434010,1.163565152,-0.140911339,-0.427225236,0.002863292,-0.715408796,-1.042518054,0.939978585,-0.178848,0.199677453,0.567614038
1997,1,11482210,-0.416165196,-1.518551246,-0.522901951,-0.406928546,-0.577592042,-0.356538232,-0.372153188,-0.730167466,0.043758492,-0.645053683
1999,0,11499Z93,0.3019628,0.578187931,0.890542008,-0.26273917,1.171815025,-0.442623755,-0.19356578,0.734436145,0.645203398,0.361923859
1999,0,11523610,-0.837274954,0.872089396,1.097765996,-0.172305992,-0.530052449,0.101270037,-0.806692974,0.878070987,0.409554925,0.945990941
1999,0,11563720,0.141501704,1.150686598,1.112756899,-0.108827595,-0.199875973,-0.339192836,-0.28075003,0.913937295,1.347091504,1.816639857
1999,0,11573610,0.587963781,0.484174022,0.51140269,-0.399382903,1.397056638,0.266357483,-0.131760397,0.475534722,1.282326763,0.493139149
1987,1,11575910,-1.176707118,0.120456116,-0.617282979,-0.412885605,0.239496521,0.94443245,-0.971466522,-0.3293202,0.45173862,-0.318835358
1987,1,11666210,-3.444238654,-1.3426663,-0.562512307,-0.427117541,0.486849004,3.501287768,-1.057403532,-2.208174586,-0.093363977,-1.962043772
1999,0,11704310,-0.277761079,0.728225396,0.624797019,-0.365625881,0.066687914,0.256431522,-0.54344917,0.189655211,1.674259869,1.548448769
1999,0,11742110,0.198468878,1.094664077,0.01405833,-0.342800842,-0.16371757,-0.149448143,-0.123591222,0.215221212,0.785830921,0.657647682
1999,0,11776910,-0.933406488,-0.208317692,-0.05791946,0.074233411,-0.312916427,-1.048287669,-0.96939044,0.238873132,0.051629732,0.255018836
1999,0,11776U30,1.982997523,0.079455746,-0.057750765,6.6953604,-0.90675599,-1.396272708,2.876476871,0.231829926,-0.17942795,1.366047855
1999,0,11825510,-0.192065149,0.626077856,0.829366465,-0.369016245,-0.444215341,0.717967437,0.212051049,0.539040336,0.90642839,0.955749866
1999,0,11844010,0.995368415,1.404721104,1.747986877,0.166956476,0.762805411,-1.078157331,0.831285915,1.358508218,0.709101616,0.732790662
1986,1,11850210,-1.822519365,-0.415518575,-1.073363526,-0.419714962,0.844643953,1.771418284,-0.974294555,-1.504016605,-0.477390814,-1.60115314
1999,0,11988293,-0.741971717,0.829720731,0.736556399,-0.272622349,0.842178856,-0.52473752,-0.773892682,0.701841725,1.071570915,0.841574505
1990,1,11990610,-1.365892401,-1.90501226,-1.446525005,-0.40288086,2.196149714,0.83251486,-0.90894936,-1.445655627,-0.400314944,-1.440086419
1990,1,11991410,0.088016062,-0.384216503,-2.064231759,-0.394882585,-0.970911209,0.132837374,-0.541409557,-1.806980144,-1.260128293,-1.474459813
1999,0,11991810,0.121064742,0.793293838,0.642656623,-0.134109648,-0.169556845,-0.951621741,-0.035995445,0.626539426,0.095818341,0.080892961
1997,1,12008410,-2.474749805,-0.223394575,-0.620206237,-0.427117541,0.179524175,1.834289625,-1.148627102,-1.478431396,0.604086244,-0.93463935
1999,0,12011310,0.247881722,0.475001272,0.457123033,-0.39636177,1.154835929,0.08141704,0.268005206,0.403818675,1.100241238,0.325831921
1999,0,12073840,0.055790065,0.451986077,2.142463254,-0.240493807,1.342940577,0.276883856,-0.469215569,0.834710287,1.575277015,1.640749547
1999,0,12136210,-0.00943715,0.724104103,-0.190758053,-0.406100757,0.487093618,-0.200297742,-0.068450391,0.063737456,-0.151616692,-1.171376284
1999,0,12157993,0.053302782,1.077676574,0.312813848,-0.3515118,1.001310886,-0.274874995,-0.464651847,0.500898987,1.409811834,0.971772989
1999,0,12189T10,-0.884250727,0.393848884,0.44619226,-0.384050306,-0.944923395,0.387687879,-1.031462269,0.431859305,1.972987446,2.296579628
1999,0,12201120,-0.750466954,0.187723267,0.278550187,-0.311627442,-1.05340827,0.062715436,-0.783639738,0.115974044,1.530626769,2.270251166
1999,0,12229510,0.308759727,0.957924207,0.56791981,-0.368932225,0.118400975,-0.035288484,0.095689202,0.503939298,0.489252881,0.108182383
1987,1,12284410,-0.877084983,-2.241779108,-2.064231759,-0.327894127,-0.416796888,5.110424207,-0.858197663,-2.208174586,-2.125434322,-1.715532433
1999,0,12290110,0.371827863,-0.161929993,-0.267243561,0.866419645,-0.198308783,-0.778390585,-0.110374576,0.074203409,-0.192815426,0.525878734
1999,0,12364910,0.095890586,-0.195416746,0.639827243,-0.364949777,1.470661665,0.304449478,-0.101549942,0.540193727,0.748086463,0.226497893
1999,0,12372010,-0.123936474,-0.690811983,-0.914486903,-0.390401056,-0.871813104,0.129128376,-0.386698563,-0.615255165,-1.035743616,-1.267275084
1999,0,12466110,-0.156254743,0.703874303,0.910078072,-0.246219271,0.109540165,0.003549831,-0.403534167,0.671553607,0.794320683,0.951789617
1999,0,12476510,-0.263135316,0.486208185,0.589527631,-0.319912188,-0.302459209,0.495062924,-0.595660269,0.646384879,1.157746755,1.392077345
1999,0,12476920,0.796950749,0.631158174,0.593267123,-0.305305995,-0.0372042,-0.638759005,0.915844747,0.578529329,-0.792386149,-1.17320579
1999,0,12480510,0.207252645,0.279461943,0.410059074,-0.244043333,-0.593723549,-0.554556414,0.457374512,0.177478569,0.857788922,1.125233343
1992,1,12483110,-0.060181601,0.362740396,0.796949877,-0.388808002,-0.730062949,0.451499251,0.689641174,0.458193212,-0.482624147,-0.664923974
1999,0,12485720,-0.642418696,0.278607326,0.17263287,-0.204372329,-0.784989028,-0.105714749,-0.683389009,0.205127369,2.11007478,2.4845845
1999,0,12486710,1.09186933,0.994371191,0.150142888,-0.325731779,0.566258183,-0.719826815,0.234296093,0.025652316,-0.210517508,-0.804096636
1999,0,12489V10,-0.761931164,0.92344393,0.458283932,-0.312016748,-0.021967959,-0.454231426,-0.799020853,0.477771475,1.26646744,1.178076963
1999,0,12490030,-0.411021145,0.538656185,0.347128158,-0.389868024,-0.130413848,0.228362106,-0.518429843,0.364025134,1.275994865,0.951433897
1999,0,12491110,-0.450092209,0.473274575,0.381485352,-0.412471867,0.9205702,0.346220249,-0.678784831,0.362365057,0.102822007,-0.972324411
1999,0,12500110,0.362106845,0.643605333,1.857351903,0.877979703,-0.499527319,-1.231258939,1.188384895,1.346394439,-0.730688675,-0.282166572
1993,1,12500510,-1.649782171,-1.611006917,-0.175364747,-0.427117541,0.096410134,1.636060876,-0.973690085,-0.212594298,-0.015186667,-1.536493616
1999,0,12507110,0.575472368,1.093782728,0.900770933,-0.302952021,2.033313523,-0.269438229,-0.042570158,0.766460018,1.284248663,0.88686846
1999,0,12507310,0.074200093,0.215297435,0.903717398,-0.058746509,0.634069692,-0.520484577,-0.398685804,0.735124229,0.119198755,0.201701948
1999,0,12512T10,0.992290352,-2.241779108,-2.064231759,-0.2293326,-0.470235265,-0.819169564,0.379823354,-2.208174586,-1.974193853,-2.201970823
1999,0,12512W10,0.309705194,0.122506751,-0.58169354,-0.320928969,-0.128003109,-0.872898743,1.169602392,-0.145863766,-0.268378518,-0.73541936
1999,0,12513710,-0.810290225,0.763528756,1.352794316,0.056649769,0.155643448,-0.664600792,-0.856968783,1.016174636,0.772594728,1.11145424
1999,0,12514110,0.155827081,0.030062936,-0.132095339,-0.398175404,-0.850613609,0.897096244,-0.200045121,0.067729428,-0.383635572,-0.491094422
1999,0,12515110,0.505987336,0.311024988,-0.380480456,-0.376891467,0.606870261,0.415697578,-0.249439426,-0.145013062,0.535224452,0.083391048
1999,0,12518010,0.071110164,-0.227071111,-1.106588638,-0.319095562,2.164326079,0.110395532,-0.537681436,-1.404666587,-0.148399752,-0.684087197
1991,1,12518510,-0.18330099,-1.301184419,-0.549631777,-0.427117541,-0.208935695,2.747691076,-0.197916464,-0.315816169,0.547275955,-1.251593866
1999,0,12525R10,-0.150343241,0.465305924,0.636616836,-0.25893571,-0.416729987,-0.212471403,-0.386760422,0.375255059,0.687642904,0.930820847
1999,0,12541C20,-0.325214367,0.124479595,0.266356298,-0.425714484,-0.79161634,1.102432268,-0.393013983,0.238989743,0.863339541,0.006614278
1999,0,12541M10,-0.748612937,0.292257965,0.306561623,-0.38472139,-0.937291203,0.204288555,-0.779894105,0.371125414,0.839635375,0.971261627
1999,0,12541W20,-0.334067976,0.608244212,0.891867368,-0.035333223,3.520943009,-0.003207174,-0.651133358,0.789097092,1.42089553,1.461879609
1999,0,12549610,-0.829961262,0.072328689,0.58751735,0.210154935,-0.412665832,-0.255261803,-0.957448571,0.089126465,0.784789845,1.609641968
1999,0,1.26E+14,-0.919252994,0.312455593,0.052026819,-0.409448999,0.057451089,0.378062918,-0.984235136,-0.007533535,1.370284694,0.732737509
1999,0,12561W10,-0.847477634,0.409470032,0.2550353,-0.392810745,-0.869378628,0.631244391,-0.933062372,0.334957653,0.992877017,1.085345586
1999,0,12562M10,-2.537652179,-0.249338925,-0.963520079,-0.426831611,-0.954086666,0.792770434,-1.233402895,-0.76985733,-0.736674576,-1.826938337
1999,0,12562N10,-0.343835154,1.485390003,2.142463254,1.610839413,-0.804886222,-1.457695623,0.430785942,2.000564954,-1.255607285,-0.865004823
1999,0,12564R10,0.767998251,0.536791065,0.591083567,-0.347897063,2.362716093,0.357540947,-0.210906848,0.760862433,1.433456609,0.988165707
1986,1,12572510,-3.789913036,-2.241779108,-2.064231759,-0.186768578,-0.801318273,1.622610041,-1.233402895,-2.208174586,-1.761867257,-1.059014356
1999,0,12575030,1.09979882,0.718254464,-0.528955371,0.334901775,-1.297151253,-0.670894532,0.286284024,1.422928516,0.407872478,2.1972024
1999,0,12582P10,-0.635064327,0.471600748,1.273488195,-0.202504335,-0.737159969,0.014345957,-0.667075432,0.790049672,0.289609228,0.857435264
1999,0,12589610,-0.890849376,0.088278926,0.207548436,-0.411954475,-0.932752383,0.949884022,-0.921465463,0.235918173,1.814592854,1.802250988
1999,0,12590210,-0.111875116,1.485390003,0.037596673,-0.322717443,0.434490962,0.194344235,-0.290515311,0.007943122,0.644587654,0.506977792
1999,0,12590610,0.457503584,1.383340346,0.423260077,-0.330185932,-0.107101624,-0.482200035,-0.207005149,0.456405535,0.726683424,0.517658063
1999,0,12591930,-0.048281275,-0.262475855,0.37950548,-0.402019117,-0.30158502,0.473151561,-0.332085641,0.350438996,-0.42306831,-0.989825931
1999,0,12593210,0.826808975,-2.179019848,0.421933457,-0.151216301,0.137120599,-0.20081697,0.186691611,0.721345437,-0.598325188,-0.489904042
1999,0,12596130,-0.652664736,0.050012236,-0.620481394,-0.420015065,-0.396729449,0.629892132,-0.742724334,-0.433838019,-0.482283045,-1.439208617
1999,0,12596510,0.670618333,-0.140026134,0.572119408,-0.406652753,-0.032840811,1.047423649,0.09376242,0.289578089,1.179980359,0.733039621
1999,0,12615N10,-0.752164617,0.295020052,0.72176136,-0.321626273,-0.047438101,0.606651888,-0.780152006,0.57171611,0.045023028,0.06805814
1999,0,12618T10,0.91292521,0.407808438,1.113293047,0.372963429,-0.239937971,-0.738592276,0.239998473,0.92624472,0.064940084,0.638135488
1999,0,12619F10,1.081848661,-2.241779108,-0.014690955,0.459948787,0.329016714,-1.085116875,1.830988692,0.608355331,-1.018976828,-0.929661374
1999,0,12626K20,-0.107776741,0.515393828,0.464973132,-0.304107895,-0.253716646,0.410975314,-0.285441431,0.566760429,1.8483633,2.187040506
1999,0,12628C10,-0.66201468,0.501624586,1.393847519,0.534371853,-1.093990054,-1.357612364,2.876476871,1.668159944,-0.696226253,-0.05212199
1999,0,12634910,-0.371957021,0.124481081,2.142463254,0.413752941,-0.052584782,0.141495084,-0.607503809,1.552985285,0.648330626,1.551978293
1999,0,12638910,1.286488092,1.002571326,0.231542061,-0.27651037,0.198093085,-0.817402739,1.20297822,0.339070031,-0.077121016,-0.4408527
1999,0,12640810,-0.888576765,0.457691346,0.156044397,-0.400369029,-0.788811473,0.593413999,-0.914581115,0.115689837,2.041298266,2.08567585
1999,0,12642Q10,-0.244139114,-2.241779108,0.68055517,-0.29791202,-0.54391134,-0.454994524,-0.187944859,0.709120502,-1.867075268,-2.064420087
1999,0,12643110,-2.513336045,-2.241779108,0.15457128,0.207377374,3.379393945,2.079542394,-1.015271629,-1.884069791,-0.857061446,-0.495489205
1999,0,12650110,-0.132973233,0.937814397,1.045641721,-0.055312311,0.087698102,0.478450642,-0.44111603,0.765342558,0.94281382,1.55430928
1999,0,12650F10,-0.557890447,0.301167335,0.143120222,-0.266968758,-0.867474098,-0.239168109,-0.431248056,0.158741594,0.84427912,1.356414798
1999,0,12660110,0.525368908,0.450511387,-0.230393313,-0.305539387,-0.2715141,-0.762254271,1.289511199,0.311465471,-0.980483117,-1.358929148
1999,0,12660F10,-0.23614459,-0.750011499,-1.837925845,-0.121254174,-0.45329422,-0.771400193,-0.427246092,-1.53099951,-0.525394894,-0.371622645
1999,0,12665010,0.012186068,0.667155662,0.862760897,-0.148395707,1.438256845,-0.106474161,-0.468132105,0.691510498,2.179175451,2.451586126
1999,0,12673P10,-0.565675024,0.502668508,0.879657867,-0.213883114,-0.984669392,0.211267835,-0.606581642,0.377793171,1.814592854,2.4845845
1999,0,12683020,-0.287036031,0.597063765,0.143351439,-0.251868351,-0.895721437,-0.14023224,-0.42467825,1.257374284,2.16177701,2.4845845
1999,0,12690610,-0.841733276,0.411655556,0.255883659,-0.37913269,-1.045461166,0.154971723,-0.942940495,0.106164017,0.342403773,0.578511352
1999,0,12692510,-0.058121947,-0.433315193,0.028113079,-0.31305683,1.053798456,0.60486652,-0.624146712,0.2627898,-0.056571057,-0.279603155
1999,0,12705510,-0.382403664,0.771912584,0.545897669,-0.336485767,-0.337436674,0.21625275,-0.535929961,0.462800388,1.306652885,1.438404111
1999,0,12709710,-0.860946153,-0.053842049,0.134860129,-0.375540879,-1.086036111,0.578084446,-0.913029855,0.200356438,0.397367884,0.822400992
1999,0,12715030,0.092662211,0.494821641,0.544864213,-0.277250538,1.82954657,-0.273292046,-0.447858908,0.579817317,0.374224117,-0.023992814
1999,0,12719030,0.220614975,0.88288018,0.630535684,-0.299755224,0.877295253,0.076290857,-0.154145384,0.53710168,0.773495988,0.610607488
1999,0,1.27E+14,-0.716225521,0.486936484,0.67141279,-0.2205279,-0.398337339,-0.176572637,-0.76342122,0.969107239,1.865899227,2.342357237
1999,0,12723310,-4.382767927,-2.241779108,-2.064231759,-0.424193091,1.40553177,5.110424207,-1.232711808,-2.208174586,-1.888667976,-2.213994822
1999,0,12738710,-0.618748382,0.560300527,0.024721571,0.36908993,-0.531367359,-0.627943509,-0.705859222,0.051375877,1.13280105,2.014630821
1999,0,12753720,-0.510100762,-0.583501976,0.100020139,-0.298405895,-0.770197768,0.734043308,-0.279785061,-0.150015466,0.240688121,0.74483889
1999,0,12763910,-0.109843781,-2.241779108,-1.891832727,-0.416264329,-1.124134681,0.587890203,2.876476871,-1.993240435,-0.929152398,-1.209162823
1999,0,12770310,-0.265572288,0.778600399,0.158162357,-0.407858796,0.516686649,0.143427836,-0.299964016,0.456230061,0.648402001,-0.220687008
1999,0,12803020,-0.490957353,0.522262293,-0.829000942,-0.414673338,0.022424082,0.634035117,-0.592170466,-0.37983726,0.602583558,-0.192111563
1999,0,12804A10,-3.835200633,-2.241779108,-2.064231759,-0.250006873,-0.439367811,1.845008961,-1.233402895,-2.208174586,-1.650229757,-1.253877524
1999,0,12812610,-0.46803043,0.147509794,0.074869311,0.695694387,0.508707016,0.33604186,-0.706790843,-0.534320626,0.123993804,0.982870004
1999,0,12913L10,0.655358872,0.382444362,1.654142175,1.352112539,-0.409155593,-1.28436862,1.292934112,1.313230123,-0.363865399,0.157830489
1999,0,12932K10,-1.034552756,-2.241779108,-2.064231759,-0.42145108,-0.877899005,0.776648682,-1.078399642,-1.369266255,-0.575521395,-1.285847259
1999,0,12960310,-0.293288355,0.814064853,0.073913059,-0.347598911,-0.453458125,-0.105061893,-0.370288009,-0.135296025,0.61495359,0.575201829
1999,0,12989X10,0.069173242,0.485308954,0.25034372,-0.350660953,0.487135662,0.045571722,-0.511208844,0.509441086,0.163032345,-0.216497499
1999,0,12991410,0.411275804,-2.045413865,-2.064231759,-0.328467864,-0.826418464,-0.30896161,0.017924452,-2.208174586,-0.349110291,-0.246698862
1999,0,13019910,-0.650210653,-2.241779108,0.229033181,-0.330100696,-0.878867864,-0.614965816,-0.630329361,0.455203689,-2.192647956,-2.213994822
1999,0,13043910,0.768120009,-1.368160908,-5.79E-05,0.786746973,-0.111466893,-0.357142068,0.423264096,0.221829575,-0.143164968,0.701280197
1999,0,13078810,-0.882454646,0.511969119,0.300874966,-0.367615966,-0.98191165,0.502417104,-1.009828169,0.338901305,0.471875704,0.815927157
1999,0,13087210,1.271089406,-0.441043276,-1.153041586,6.6953604,-1.254111257,-1.313966312,2.876476871,-0.756941492,-0.65330961,1.381350317
1999,0,13100420,1.020621349,0.427977274,-0.916160279,-0.242579853,-0.754942114,-0.755589977,1.555993748,-0.417975714,-0.937326329,-0.871277028
1999,0,13119310,0.322673724,0.933345124,0.681837025,0.318272261,-0.067597138,-1.042154711,0.237949494,0.707360926,0.964128576,1.364478733
1999,0,13123X10,-0.493706847,-0.03906251,0.025087249,-0.344058109,-1.218008455,-0.023086223,-0.258079648,0.181806025,-0.208226344,0.469927902
1999,0,13125510,-0.285687529,0.156258358,0.069600011,-0.404634087,-0.074093706,0.279338814,-0.460691718,0.213097528,-0.288211195,-1.010342062
1999,0,13134730,-0.545006064,0.214057013,0.130573926,-0.341870458,-1.149697475,0.656888309,-0.302628098,0.272372217,1.014443199,1.850600299
1990,1,13135610,-0.842072664,-2.241779108,-0.345430719,-0.41904109,2.438111352,1.143755604,-0.795634739,-2.208174586,-0.527801687,-1.959989333
1989,1,13142910,-2.384292714,-0.005727708,-0.95732357,-0.388270144,-0.374518757,0.864922394,-1.137349883,-1.3303662,-0.164933808,-0.416610752
1999,0,13172260,0.01755482,-2.241779108,-2.064231759,0.005263829,-0.839905804,0.054328907,-0.547181774,-2.208174586,-1.11968212,-0.344163536
1986,1,13173810,-2.084674869,-0.180531599,-1.717631615,-0.42581918,0.593831422,1.529050017,-1.095271713,-1.72009287,-0.609356749,-2.125443962
1999,0,13191010,1.765766889,-2.241779108,-2.064231759,1.776661874,-1.168647116,-1.247185944,2.542241094,-2.208174586,-1.34050099,-0.117613629
1999,0,13191610,0.607645264,0.561389575,1.036804705,-0.084980033,1.261837637,-0.511497649,-0.17191005,0.936412787,-0.323829116,-0.443551306
1999,0,13200810,-4.382767927,-2.241779108,-2.064231759,-0.179034017,1.23479428,5.110424207,-1.105353904,0.545139347,-1.155964111,-0.364548297
1999,0,13201110,0.031674482,0.473448847,0.562630295,-0.284834429,-0.570353182,0.100189365,0.401179498,0.488852764,0.8075678,1.158150947
1999,0,13262610,-0.863987257,0.417934054,0.345278212,-0.395882189,1.72772116,0.427979345,-0.815293618,0.272378239,0.919453243,0.121416249
1999,0,13321L10,-0.30539925,0.456196515,-0.03199911,-0.351909169,-1.096479325,-0.544751795,0.39233662,0.293361781,0.97890046,1.332713711
1999,0,13325510,0.411530019,-2.241779108,-1.941427555,-0.410901321,-0.736416029,5.021530563,2.876476871,-2.208174586,-1.428232955,-1.543116695
1999,0,13342B10,-0.129008468,0.014586338,0.311190536,-0.218141463,-0.251617362,-0.044327311,-0.428636838,0.308134268,1.248769062,1.633568105
1999,0,13376510,-0.54641819,-2.241779108,0.362131831,-0.224543226,-0.338609591,0.550236073,-0.704952139,0.992069463,-1.41930215,-1.189204332
1999,0,13442260,0.412416126,-0.868688722,-1.16233206,-0.225713244,-1.087831293,-1.21995939,2.876476871,-0.847594328,-0.407555179,-0.242151384
1999,0,13442910,-1.825991135,1.345145549,1.412903809,-0.198726201,-0.061974035,1.315616843,-1.084845469,0.980866524,1.83491704,2.4845845
1997,1,13462410,-0.548102291,-0.648199877,-0.994138669,-0.423368315,2.322582486,1.430738728,-0.71647931,-2.208174586,0.535343935,-0.934289041
1999,0,13470K30,-0.738944637,0.742003938,0.02915916,6.6953604,-1.340119241,-1.505889267,-0.166573932,0.329995607,-1.283379779,-0.290613621
1999,0,13492010,-0.941330624,1.115178043,0.211388889,-0.227426521,0.513714007,-0.644902731,-0.930594492,0.237681606,0.87264271,0.750517541
1999,0,13529410,-0.191156321,-2.241779108,-2.064231759,-0.383675232,0.525717713,1.536739389,-0.523358493,-2.208174586,-0.552581782,-0.981948327
1999,0,13531210,-2.096359895,0.393171628,0.440689767,-0.418903856,-0.878465272,0.26722775,-1.233402895,0.376216172,-0.577656907,-1.278376608
1999,0,13535J10,-0.138751231,-0.112180826,-0.057784958,-0.380114337,-0.072629623,-0.402583079,-0.457160831,-0.027344822,0.199948285,-0.361521204
1999,0,13562F10,-0.698774622,0.446916118,0.532995022,-0.385652165,-0.73581836,-0.075771186,-0.722200538,0.448581741,-0.112626003,-0.344175994
1999,0,13592810,-0.569298285,-0.01414189,0.191921456,-0.336166455,-0.874734895,-0.382711446,-0.245668486,0.295184632,0.578337566,0.771399214
1999,0,13604610,-0.876796674,0.239894909,0.572914059,-0.273670229,-1.010955819,0.172992347,-0.972752689,0.565945906,0.653843851,1.386064577
1999,0,1.36E+14,-0.825939659,0.215076874,0.283276696,-0.40506858,-1.22933949,0.700072034,-0.994287423,0.238788169,-0.758473809,-0.497045622
1999,0,13634810,0.684785207,-2.241779108,-0.495769258,-0.421686737,0.171559225,1.687278099,0.027307728,-0.674738506,-0.491139509,-1.561766822
1999,0,13637510,-0.801810855,0.318798044,0.373359956,-0.375894263,-0.976029587,0.300802872,-0.851338566,0.384442071,1.755730499,2.13917384
1999,0,13638510,-0.723163252,0.344654529,0.40800924,-0.344015143,-1.123133643,0.248835773,-0.705113141,0.38759146,1.135039533,1.838707259
1999,0,13645T10,-0.885498823,0.609086627,0.376036561,-0.37278372,-0.746109382,0.108433657,-0.90375595,0.308077999,2.061185745,2.259153196
1999,0,13656110,-0.703344826,0.216846725,0.039131255,-0.384391607,-1.190064297,0.45154202,-0.726566946,0.224370944,0.21778719,0.710386752
1999,0,13663Q10,1.469701115,-2.241779108,-0.423886189,2.018486373,-1.344718324,-1.397027202,2.876476871,0.087956651,-2.763557265,-1.141734203
1999,0,13668120,-0.375426685,0.469388479,0.373744177,-0.361113374,0.003756607,0.379840007,-0.617053388,0.363977736,1.713399821,1.670264276
1999,0,13671783,-0.599319964,0.471272664,0.629105016,-0.371602247,-0.827629544,0.233058603,-0.471942864,0.438190609,1.411432198,1.63283928
1999,0,13690710,0.416120791,-0.097641861,1.704574306,-0.200958349,0.440984248,0.265199091,-0.420922302,1.472155517,-0.027493066,0.106563721
1999,0,13691610,-1.012781926,-0.393994469,-0.888338647,-0.353020106,-0.961144734,0.911558818,-1.000565752,-0.821251831,0.024367123,0.463780749
1999,0,13700310,-0.870557027,-2.241779108,1.287801746,-0.417180829,-0.297003258,0.147286645,-0.858646554,1.184583535,-0.838108631,-1.87687119
1983,1,13705110,-0.556366224,0.453924799,0.495932906,-0.296741178,-0.772739755,0.633948323,-0.463211534,0.249139599,-0.109484494,0.341043968
1999,0,13710C10,-0.052948246,0.433383062,0.800988787,-0.389997393,0.350975761,0.352571761,-0.380303057,0.575169789,1.114358923,0.653242995
1999,0,13722510,-0.546932244,-2.241779108,-0.593720786,0.728536284,-1.307929607,-1.505889267,0.137907806,-1.162431677,-1.235592402,-0.355702993
1989,1,13722J10,-0.12348626,-0.773959869,-0.061851221,-0.274723858,0.006884979,-0.766592887,-0.398998105,-1.054339744,-0.495852485,-0.819989801
1999,0,13757610,-0.768200464,0.301935342,0.435780608,-0.368643767,-0.535299502,0.267012567,-0.787753122,0.403512386,1.319374672,1.371210543
1999,0,13758B10,0.233939119,1.144679584,1.467154668,0.716737531,-0.482946484,-0.798030783,0.075609664,1.751676247,-0.096444259,0.691193901
1999,0,13763910,-1.213513536,-0.105840249,-0.138739704,-0.4257152,-1.022523044,0.727827668,-1.051255391,-0.263632965,-0.179418022,-1.005096139
1999,0,13764V10,-0.854419976,-0.35471895,-0.455090475,1.118358403,-1.363863457,-1.484482138,-1.183920848,-0.143860777,-2.763557265,-0.167613168
1999,0,13769410,-0.869422498,0.454849489,-0.020205572,-0.419714493,0.039967309,0.711977623,-0.833762282,0.072719254,0.165036227,-0.848749798
1999,0,13779810,0.73607982,0.519941496,0.282079939,-0.366854563,-0.146282141,0.028082327,0.551889632,0.355928882,0.410466361,0.138459314
1999,0,13800630,0.010544521,0.565115161,0.268667953,-0.233101729,-0.231820229,-0.216272221,-0.415572804,0.294296326,2.179175451,2.4845845
1999,0,13809810,0.887811237,-0.212899041,0.850380793,-0.284381571,0.886945021,-0.33709839,-0.026913925,0.47610376,-0.089531147,-0.431482125
1999,0,1.38E+14,-0.735961383,-0.06211378,0.183054872,0.284891766,0.880633346,-1.100095613,-0.767213056,0.39827793,-0.447129339,-0.523425818
1999,0,13890630,-0.575502934,0.538208366,0.385636018,-0.176420487,-0.944843227,-0.150188083,-0.508407953,0.730186965,0.89644263,1.711097499
1999,0,13957Q10,1.12011547,-1.015177721,1.191496337,0.522819793,0.844265548,-0.946642356,0.60265134,1.248282833,-0.857665138,-0.734214015
1999,0,13981810,0.792370465,-1.246144041,-1.422516924,-0.043209523,2.482076519,-0.493087996,0.294019326,-1.057374766,-0.627407303,-0.893904733
1985,1,14021520,1.415753832,0.416970993,0.237950667,-0.309323262,0.515168201,-0.93979476,1.092187726,0.600342171,-0.85909571,-1.577208928
1999,0,14047510,-0.066443907,0.257643914,0.104622993,-0.365980575,-1.053378203,-0.226952517,2.849089673,0.25904431,0.007240441,0.208680816
1983,1,14055610,-4.334520714,-1.743775207,-2.064231759,-0.425594452,4.036249207,4.402354543,-1.126063523,-2.002995081,0.408994902,-1.148995182
1999,0,14057U30,-1.597662433,-2.241779108,-2.064231759,3.828766871,-0.336402006,0.14362921,-1.017386206,-2.208174586,-1.69936926,-0.250197262
1999,0,14066K20,-1.639111842,-2.241779108,-2.064231759,-0.381440594,-0.527841409,0.029381507,-1.068863303,-2.208174586,-1.171169831,-1.583877509
1999,0,14071N10,1.53119593,0.783367201,1.510244263,1.933583247,-0.167768233,-1.131793837,1.526262127,1.083820124,0.289192328,1.080375033
1999,0,14075430,-0.807115301,0.76435159,0.547308888,-0.374060383,0.652461707,0.137599525,-0.820922074,0.403068741,1.131169392,0.698375333
1999,0,14075T10,-4.382767927,-2.241779108,-2.064231759,-0.39105314,-1.053412168,4.859834962,-1.208463684,-2.208174586,-1.219948715,-0.704037607
1999,0,14078110,-0.255726153,0.93850299,0.83514473,1.093897551,-0.641408862,-1.234061391,0.364950183,0.763933709,0.041581289,0.72491279
1999,0,14090910,-0.382286608,0.371164865,0.429545079,-0.363904918,-0.232269175,0.470008171,-0.369993824,0.423715132,1.051268348,1.013287403
1989,1,14140G10,-3.392391833,-2.241779108,-2.064231759,-0.398531639,-0.104104759,2.558189781,-1.133923215,-2.208174586,-1.141769603,-1.510530128
1986,1,14146520,-0.747324917,-0.442829006,-1.615152777,-0.418501841,0.631215024,1.44626866,-0.778009404,2.000564954,-0.924119843,-2.051837129
1999,0,14147M40,-1.430284571,-2.241779108,-2.064231759,-0.134957694,-0.729652754,1.658030308,-0.931143288,-2.208174586,-1.145270874,-0.330131925
1999,0,14148P20,-0.92191606,-0.999890324,-2.064231759,0.259617074,-1.232281808,-0.821900867,-1.230561226,-2.208174586,-1.270726513,-0.061192438
1999,0,14149Y10,0.101480754,0.622136381,0.642862597,-0.194245808,2.041515266,0.163659477,-0.392666746,0.478574523,2.179175451,2.4845845
1999,0,14159730,0.611145976,-2.241779108,-2.064231759,0.894387129,-0.409153785,0.491329864,-0.362673749,-2.208174586,-0.854274461,0.289176647
1999,0,14159U20,1.286599474,-2.241779108,-2.064231759,0.893994458,-1.363863457,-1.344902884,2.876476871,-2.208174586,-2.763557265,-0.543974824
1999,0,14159W10,0.201017519,-2.241779108,-2.064231759,0.480597217,-0.536584385,-0.229849025,-0.420658933,-2.208174586,-0.360058279,0.553530388
1991,1,14160230,-0.672115557,-0.548405959,-0.322088697,-0.427117541,0.63697683,0.980108093,-0.763365812,2.000564954,0.061413568,-2.213994822
1999,0,14160C10,-0.292392304,-2.241779108,-2.064231759,-0.037710318,-0.972629442,1.396133525,-0.610888692,-2.208174586,-1.481441327,-0.409277881
1999,0,14166510,-0.353374373,0.125239163,0.461864369,-0.227812169,-0.213232808,-0.211524201,-0.470685863,0.458307742,0.491297239,0.700436397
1999,0,14166N20,-0.58929854,-2.241779108,-1.845901025,-0.168730801,2.080102237,0.192654827,-0.730213971,-1.451972256,-0.532079253,-0.702125806
1991,1,14168610,-0.740620082,-0.042474135,-0.817838769,-0.425779513,0.782391687,1.436307876,-0.775465626,-1.157683491,0.288537185,-1.169963638
1999,0,14171A10,-0.400102932,-2.241779108,-2.064231759,0.345664962,-0.335147109,-0.484086693,-0.544667627,-2.208174586,-1.139638846,-0.574720505
1999,0,14172810,-0.429706291,-2.241779108,-2.064231759,0.475276832,-1.363863457,-0.490828464,-0.60224793,-2.208174586,-2.750339772,0.07703942
1999,0,14179410,-2.495578208,-2.241779108,-2.064231759,0.886706963,-0.350961704,1.854668437,-1.028070158,-2.208174586,-2.008692827,-0.81067578
1990,1,14185910,0.032227772,-2.075197171,-2.064231759,-0.421794932,1.567975087,2.156964258,-0.344531607,-2.208174586,-0.429283506,-1.724316482
1999,0,14233910,0.147479811,0.995213662,0.857701866,-0.313415665,0.30920843,0.087946357,-0.126073237,0.700423039,1.286563333,1.267467469
1999,0,14290320,-2.69992343,-0.178028178,-1.032056244,-0.427117541,-1.347325037,0.402114833,-1.233402895,-1.02303414,-1.356794719,-1.606520466
1999,0,14343640,-1.047447018,0.218038643,0.201040843,-0.420525835,-0.696774466,0.669924936,-1.148719453,-0.039314114,0.81210224,0.155898576
1999,0,14365830,-0.985357078,0.994858551,0.578253755,0.318888936,-0.90174959,-0.751219115,-1.00553559,0.933688495,1.593851843,2.4845845
1986,1,14376310,-0.185365177,0.423720332,0.16915944,-0.303706772,-1.223308246,0.448476228,-0.373952157,0.514798297,-0.324959589,0.639394916
1999,0,14390510,-0.615092469,0.172544244,0.274986741,-0.41125506,-1.026211691,0.233358607,-0.2561977,0.245842382,0.391281601,0.185115704
1999,0,14428510,-0.4908774,0.502959807,0.225876611,-0.388400674,-0.649435053,0.238531307,-0.551113391,0.267431161,1.111723428,1.024144764
1999,0,14457710,-0.426804734,-0.333219644,-0.136214537,-0.387637187,-1.241745405,-0.05279108,-0.30490217,0.246389335,-0.720455141,-0.355124205
1999,0,14690010,-0.281266969,0.470668718,0.341400343,-0.406233142,-0.163781427,0.395195952,-0.398644539,0.27228162,1.478562724,0.996297604
1999,0,14719510,-0.066768092,0.715513104,0.474347186,-0.39020737,-0.203247003,0.225818552,-0.244794492,0.21925107,0.651537163,0.274712934
1991,1,14728010,0.196437255,0.694262979,1.33922888,0.213936468,-0.362592409,-0.819046756,-0.194509098,1.235570682,-0.023312631,0.449629253
1999,0,14744810,-0.436457113,0.128932874,0.152195243,-0.410801913,-0.941727443,0.421618527,-0.258099343,0.198716713,0.666591895,0.451659972
1999,0,14752810,-1.085622113,0.875663879,0.589460641,-0.311093291,1.117196397,-0.073880163,-1.021072456,0.532811359,1.223541201,0.988096553
1999,0,14754D10,0.857750328,0.54277271,0.369677403,-0.361090687,-0.367571473,0.072031074,2.612636948,0.176341325,0.706623267,0.608106261
1999,0,14791010,-2.300617328,-2.241779108,-2.064231759,-0.167439801,-0.996454747,4.495740086,-1.146219402,-2.208174586,-1.581879864,-0.359681204
1999,0,14841110,0.237365232,0.624362534,0.223234704,-0.390657529,0.559108813,0.392984807,-0.266669,0.254269194,0.960221483,0.431917581
1999,0,14871110,-0.083498452,0.10963078,0.410764263,-0.393485698,0.910142855,-0.241499208,-0.539070572,-0.752655899,0.443520883,-0.421039714
1999,0,14886520,0.371716962,0.500829593,0.279788768,-0.395320795,0.583083859,-0.001633617,-0.135759225,0.535584246,0.409887415,-0.342132891
1999,0,14888110,0.473520235,-2.241779108,2.142463254,0.205651061,1.065645532,0.04111297,-0.411283193,2.000564954,-0.09410779,0.298023256
1999,0,14888T10,0.482093761,0.723626484,-0.275712421,-0.080254013,-0.910624211,-1.152747263,1.64775305,0.213075612,1.115453854,1.559136409
1999,0,14901610,1.942328187,0.942916329,1.7306706,1.363208765,-0.732495588,-1.194897402,2.342263248,1.275675561,-0.306932707,0.507940958
1989,1,14910910,-4.382767927,-2.241779108,-2.064231759,-0.400768392,2.757550311,5.110424207,-1.233402895,-2.208174586,-0.981607694,-1.565068929
1999,0,14912310,-0.31793529,0.557878295,0.329920136,-0.37908788,-0.54191364,0.816354374,-0.551368244,0.349594585,2.179175451,2.479610975
1999,0,14917H10,-0.689635304,-2.241779108,-2.064231759,4.686139969,2.354039178,-1.43103313,-0.629088352,-2.208174586,-1.763482282,-1.789843309
1999,0,14920510,0.659257899,1.003007135,1.037354024,-0.250363832,1.018476956,-0.581668371,-0.000871355,0.899084156,0.898208703,0.648720977
1999,0,14947910,-2.020751529,-2.241779108,-0.474072724,-0.422708333,1.79567252,5.110424207,-0.946394403,-0.895443095,0.313005691,-0.671060602
1999,0,14949910,-0.884602563,0.223249157,0.391048395,-0.274997319,-1.056934748,-0.56119025,-0.908585749,0.468299898,-0.955250134,-0.592955767
1999,0,14950710,-0.289889714,0.693202808,0.030527084,-0.384739769,1.520722375,-0.28404709,-0.572983496,0.176896518,0.886751685,0.051523548
1999,0,14960010,-0.952451656,-1.097893311,0.14073513,-0.408962059,-1.099480207,0.083135369,-1.058392872,0.065474944,-0.870446281,-1.110539843
1990,1,14983110,-0.156265221,-2.241779108,-2.064231759,-0.420607274,-0.417814062,-0.645237215,-0.469136111,-2.208174586,-1.574778395,-2.213994822
1999,0,14983V10,-0.592858058,0.323833949,-0.212922738,-0.349916376,0.837409449,0.698264092,-0.735207039,0.013058069,0.00513936,-0.318939723
1999,0,15083810,-0.40459275,0.127873651,0.425146809,-0.397568235,0.311556677,0.514029476,-0.549072066,0.284412055,0.595298752,0.024295006
1990,1,15091510,-4.018185609,-0.451868961,-0.878708939,-0.422537937,-1.261619425,1.783469987,-1.233402895,-1.029776743,-0.566828705,-0.539166135
1999,0,15092110,2.023422271,0.891286984,-0.132120881,1.199745461,-1.302163385,-1.505889267,2.876476871,-0.046692819,-0.247859363,0.844584179
1987,1,15100810,-0.600392108,-2.241779108,-2.064231759,-0.256757481,-0.543286967,0.866975328,-0.7484549,-2.208174586,-1.070626142,-0.717084533
1999,0,15101Q10,0.464015344,0.129194118,0.12658357,0.240010418,0.879909293,-0.470653272,-0.16549114,0.2852066,1.75845179,2.267138811
1999,0,15102010,1.093527994,-2.241779108,-2.064231759,1.241227417,-0.461593761,2.937802456,0.259225722,-2.208174586,-0.346423666,1.326633711
1999,0,15103A10,-1.312378448,-0.377029362,-1.790055208,0.271903748,-1.316440867,1.697759881,-0.991471784,-1.778096179,-1.661746818,0.514348721
1999,0,15114K10,0.194857604,-2.241779108,-2.064231759,0.520695477,-0.582843036,0.142949915,-0.439701404,-2.208174586,-1.503216906,-0.576741647
1999,0,15115L10,0.917905777,-2.241779108,-2.064231759,0.087532139,-1.323304398,-0.878905105,2.082512656,-2.208174586,-1.623957468,-0.191290972
1988,1,15116210,1.101962028,0.942790886,-2.064231759,-0.397470726,-1.363863457,-0.371995984,-0.042981813,2.000564954,-2.763557265,-2.031742622
1993,1,15117210,-1.063827404,-0.480245405,-1.348713351,-0.350549349,-0.738367388,0.883186833,-0.932686179,-1.114615184,-1.107533093,-0.983535166
1999,0,15129088,-0.779287908,0.548611581,0.626586766,-0.135684968,-0.91890509,-0.218778597,-0.811661353,0.656376638,1.72292643,2.4845845
1999,0,15132N10,0.459180933,-0.081931722,-1.242904937,4.922774924,-1.206410585,-1.243400459,0.96006727,-0.883517018,-1.776087664,-0.120082289
1999,0,15133V20,-0.851465082,-1.363501307,0.702797899,-0.374194057,-0.89565228,2.88879331,-0.903501113,0.208960136,0.823633163,1.407182957
1999,0,15189T10,-1.253980842,0.28069838,0.128771866,-0.409210773,-0.718749303,0.824984585,-0.985348643,0.48840591,2.179066905,2.077260649
1986,1,15234710,0.637080754,0.338234811,0.228757894,-0.253010238,-0.484082288,-0.380108182,0.007094561,0.460720325,0.019558252,0.174146645
1999,0,15343510,0.045705172,0.195785818,0.369247018,-0.37505205,1.243698411,0.294944678,-0.536442807,0.437387208,0.14376714,-0.49018094
1999,0,15352720,-0.176557225,0.29297294,0.257281184,-0.407502878,0.440172801,-0.145961731,-0.497461437,0.284248627,1.267502593,0.418287083
1999,0,15459P10,1.706754178,1.485390003,-0.166302513,1.023408397,-1.323047631,-1.504691934,2.876476871,0.465358871,-1.833511408,-0.783311402
1999,0,15541110,0.745715987,1.002268604,0.176734162,-0.353187889,0.877487126,-0.133610693,0.195411039,0.361274297,0.890377512,0.448660648
1999,0,15577110,-0.553535025,0.343429516,0.228451405,-0.407800215,-0.536585048,0.308121113,-0.532623601,0.309241253,0.753304656,0.297152135
1999,0,15640B10,-0.174034388,-0.139417204,-1.980506329,0.47783563,-1.195565465,-1.105099542,-0.220869469,-1.653194387,-1.218854577,-0.173052636
1989,1,15641010,0.254709371,0.168502053,0.142053423,-0.416840685,0.728989998,0.918858055,-0.500228197,0.2564294,0.466628637,-0.54011725
1999,0,15643110,0.539879887,0.205781596,-0.744811437,-0.280248273,0.684186264,-0.329048413,0.119455194,0.198319619,0.871960633,0.701558362
1999,0,15649210,-0.64060049,0.075717052,0.607067358,-0.35728805,-0.594621463,-0.460471166,-0.536142764,0.546132988,-0.388281904,-0.648234394
1999,0,15669710,-1.390869371,-0.185160153,0.706174385,-0.398211882,-0.007963097,0.652797164,-1.044023548,-1.447222116,0.19261283,-0.314513086
1999,0,15670010,-0.763116748,0.56842514,0.538171001,-0.277406274,-0.976234208,0.212359071,-0.816959106,0.451547199,1.302341611,2.070945623
1999,0,15670S10,-0.52129115,0.321632965,0.634149976,-0.385445984,0.177792233,0.580977867,-0.572584162,0.431869419,1.34092667,1.04995856
1999,0,15671010,0.734591158,-0.34140704,0.062058679,0.20712648,-0.333509943,-1.273208037,1.747459303,0.436872049,-0.287858686,-0.232519063
1999,0,15671310,0.887249428,0.845414114,-0.782152416,-0.330586491,-0.737552438,-1.172959994,1.440880899,0.080845062,-0.392830251,-0.846138478
1999,0,15671P40,-0.42485539,0.292411303,-0.116673642,-0.404727845,-1.065294716,-1.164376705,-0.315227434,0.004817611,0.127410498,-0.545908651
1999,0,15678210,0.080230256,0.732712779,-0.041956655,-0.277445467,-0.796754512,-0.314008961,0.446645878,0.102952103,0.669927465,1.049742452
1999,0,15708510,1.712241288,-2.241779108,-2.064231759,1.855827044,-1.314619336,-0.975594403,1.13488031,-2.208174586,-1.292977293,0.713366538
1999,0,15722810,1.239030647,0.010057982,-1.29893012,0.396840355,-0.314501598,-1.312766511,2.39971259,-1.10571661,-0.63139121,-0.562518223
1999,0,15745J20,-2.292971806,-0.422133331,-0.870979594,-0.427117541,-0.986907937,1.221487332,-1.051895856,-2.208174586,-0.537087999,-1.583607521
1999,0,15746910,-0.667312238,-0.179360495,0.029649679,-0.375591014,-1.040392998,-0.619643427,-0.648180795,0.201221692,-1.010084942,-1.166024524
1992,1,15748810,-0.468270435,-0.034819054,-0.602713856,-0.405339754,-0.191064377,0.726350741,-0.683126453,-0.626747808,-0.767120713,-1.423634456
1999,0,15849610,-0.680616053,0.655447435,0.621195489,-0.394776496,1.003449707,0.293292193,-0.748211037,0.394406124,1.458929715,0.827061101
1999,0,15852010,0.593791193,0.467246318,0.378861082,-0.330091376,0.541563432,-0.503255335,0.586131397,0.402628681,0.27092077,-0.183145949
1999,0,15860910,-0.605204382,-1.399486868,0.551401865,-0.423271439,0.273377103,1.633842989,-0.746577552,0.69900528,-0.312281607,-1.490308592
1999,0,15871110,1.814568401,0.323001606,1.131668501,1.770132314,-0.75602639,-1.364253171,2.876476871,1.112203331,0.036073865,0.776142047
1999,0,15918610,0.036759726,0.661250473,0.882103454,-0.30120248,-0.186218858,-0.224616668,-0.081047757,0.653189738,0.259040464,0.22607376
1999,0,15956610,1.041354603,-0.585214987,-2.064231759,0.020447324,-0.667472816,-0.857121377,0.382800795,-2.208174586,-0.191769418,0.23906399
1985,1,15962010,-0.154714471,0.310917982,-0.006701928,-0.300371999,-0.635525295,0.519746549,-0.565516946,0.181599751,-0.454590224,-0.170978381
1999,0,15976510,1.588157452,-0.691608826,-1.345302404,0.418270716,-1.001894584,-1.349411447,2.876476871,-0.809932841,-0.647254748,-0.164687975
1999,0,16113310,-0.085985112,0.988379494,0.315320912,-0.30253755,0.347326875,-0.260346478,-0.4169242,0.494199103,1.16857279,1.064097679
1999,0,16115Q30,-0.36790667,0.191015651,0.196604124,-0.413276079,-0.598265433,1.0380677,-0.498085634,-0.449235126,0.610625817,0.187977739
1999,0,16117M10,-0.824881733,0.115368946,-0.256833816,-0.401909062,-1.294603219,-0.033731762,-1.109126652,0.091993269,1.238759447,1.875218622
1999,0,16133R10,-0.303157093,-0.147771739,-0.18788184,0.217620922,-1.011160892,-0.279409891,-0.425243157,0.014061807,0.95274986,2.222882832
1999,0,16139930,-0.84028602,-2.241779108,-0.606351323,-0.348124369,-1.359220477,-0.09799459,-1.034173944,-0.568904061,-2.591750234,-1.327868035
1999,0,16150R10,-0.274927578,1.068360579,1.191427555,-0.265436587,0.05915203,-0.170888775,-0.514078842,0.997252452,-0.094163832,-0.126810636
1999,0,16245610,-0.574531516,0.028848729,0.800596346,-0.402621314,-0.692882369,1.142145989,-0.571374041,0.385793257,0.617608889,0.488400774
1999,0,16251020,1.01639931,-2.241779108,1.500908055,-0.285176916,2.599613421,0.421085255,-0.116900142,1.454075825,0.434513457,0.108529367
1999,0,16282510,-0.123789196,0.273754792,0.009268708,-0.401110321,-0.935640077,0.611979643,-0.374479261,0.161640453,0.703804174,0.707725736
1999,0,16307210,-0.231915689,0.649886285,0.748569365,0.829524178,0.395037939,-1.122509566,-0.215544864,0.762120563,0.678328256,1.075644978
1999,0,16359R10,-0.645228791,0.730262119,0.238545873,-0.337906316,-0.160199173,-0.098898358,-0.707187631,0.423773281,0.783987355,0.693489869
1981,1,16374210,0.509257873,-0.097667665,0.168047602,-0.411281165,0.521801604,1.209354809,-0.014907581,-0.332009651,-0.236715181,-1.077545456
1999,0,16389310,-0.624961448,-0.00062406,0.199444232,-0.395916417,-0.743839786,0.820242591,-0.702444042,-0.195117698,1.390156811,1.429539196
1999,0,16411R20,-1.054197821,-0.15966556,-0.540046316,-0.152005983,-1.326884921,-1.024115661,-1.032623497,-0.220864768,-1.451604622,-0.341395201
1999,0,16444H10,-1.111942174,-2.241779108,2.142463254,-0.334496672,0.218337017,5.110424207,-0.857569025,2.000564954,-0.36972572,-0.006825494
1999,0,16515910,-0.065768687,0.80303854,0.190859661,-0.387947836,-0.421266614,0.212842424,-0.303873451,1.321132735,1.156962744,0.952779905
1999,0,16516710,-0.711931118,-2.11216837,0.662607845,-0.416356623,-0.907135293,2.231504175,-0.722687089,0.373333092,0.686754738,0.570642955
1991,1,16519510,-0.894499968,-0.102262254,-0.0783045,-0.421940344,0.730240304,0.691646264,-0.817237463,-0.257945426,-0.133746713,-1.470629962
1999,0,16530310,-1.033948674,0.452698657,0.409421773,-0.372224933,0.186503627,0.340015132,-0.933592321,0.442172549,0.516208879,0.188178597
1999,0,16676410,-0.794142759,0.859508865,0.304335951,-0.269316869,-0.501361106,0.106391243,-0.812722468,0.451176807,2.179175451,2.4845845
1999,0,16725010,-0.534078232,0.313763461,0.341376494,-0.389915246,0.886262157,0.451869761,-0.697996165,0.474945897,0.941461147,0.362781666
1999,0,16808810,0.479920712,1.308694559,1.09415526,-0.236431233,0.324520951,-0.801724674,0.291590396,0.814240864,-0.097702492,-0.386610634
1999,0,16861510,0.459686209,1.054020543,2.142463254,0.49608688,1.117379374,-0.852069703,0.491330918,1.569679654,0.358253405,0.620843263
1990,1,16871010,-0.974373409,-0.391913067,-1.028437886,-0.427117541,0.636441241,1.310023163,-0.818294468,-2.208174586,1.023277875,-0.613065049
1999,0,16889210,-0.727026104,-0.464322911,-0.912834892,-0.404912206,-0.913806964,0.636482577,-0.754188449,-0.621809533,0.267018334,0.1398225
1999,0,16890510,-0.232986411,0.417145857,2.092569553,0.04432602,1.413195101,-0.709847062,-0.469855796,1.46888872,0.754889082,0.793286901
1991,1,16936410,-3.300657714,-1.892944194,-1.009369447,-0.391605648,-0.105338194,1.436521156,-1.207520422,-1.263285933,-0.809570544,-1.188660103
1999,0,16937420,-2.611472351,0.146930873,1.062825185,-0.374068193,-0.280821902,0.905249986,-1.149959168,-0.164123212,-0.564462076,-0.766359568
1999,0,16937R10,-0.829158089,0.16440739,0.052867659,-0.416421349,-0.97321787,0.713994443,-0.857713823,0.150187522,1.178776953,0.964098769
1999,0,16939N10,-0.024446594,-2.241779108,0.160850254,0.141950955,-0.098852841,-1.183244716,0.03842061,-2.208174586,-1.41256663,-1.527794042
1999,0,16939T10,-4.382767927,-2.241779108,-2.064231759,-0.416710174,0.205850361,5.110424207,-1.220323166,0.187708457,-1.587723314,-1.845765678
1999,0,16940910,-0.785871114,0.184883774,0.192948368,-0.412193173,-0.917135474,0.539517284,-0.808393537,0.131765008,1.285350057,1.111609636
1999,0,16941M10,-0.231186677,-0.747117329,0.87332481,1.128247439,-0.879472285,-0.558471339,-0.438863861,0.477355923,1.708115355,2.4845845
1999,0,16941V10,1.213018886,-0.350868226,-1.751814062,-0.0205924,-0.497350262,-1.393171541,2.876476871,-1.689222009,-0.951753127,-1.282250971
1999,0,1.69E+14,-0.838913341,-1.234699335,-0.728492738,-0.374375275,-0.467516879,0.211945846,-0.840482254,-0.669050696,-0.434047422,-0.682393316
1999,0,16946710,0.295590978,-0.214539795,-0.251661954,-0.350861647,0.345062031,-0.138483219,-0.425940751,0.221213081,-0.208354471,-0.650062231
1999,0,16990510,-1.077736378,0.580777025,1.17230075,-0.280359277,-0.985915272,1.012737492,-1.055520989,0.927327823,0.374781457,1.195334037
1991,1,17002910,-0.626352567,-2.241779108,-0.250309753,-0.257525862,-0.197068509,-0.733154255,-0.622179644,-1.510872872,-1.01700179,-1.269158323
1999,0,17003280,-0.233892284,-0.086041286,-0.057828434,-0.419314122,-0.264625332,0.612235492,-0.335730906,-0.033450681,1.469483463,0.716086982
1999,0,17038810,-0.340049465,0.40920983,0.818481245,-0.19386366,-0.46542912,0.277235895,-0.379968925,0.603181349,0.762940733,1.313377799
1999,0,17104610,0.463150908,0.419695634,1.975207566,-0.122599605,1.38679173,-0.50835309,-0.019728622,1.412295731,0.327412126,0.21493994
1999,0,17111710,-0.058895082,1.222018937,0.786308437,-0.313935707,0.366988879,-0.47849875,-0.428175071,0.657584302,0.540396215,0.236966382
1989,1,17113310,-0.347205756,-2.241779108,-2.064231759,-0.367659069,-0.705471027,1.209537021,-0.635386922,-2.208174586,-0.482602819,-0.359453239
1989,1,17117020,-1.75535411,-2.241779108,-2.064231759,0.002254751,-1.23088953,0.824019001,-0.993037195,-2.208174586,-2.287542714,-0.915556822
1999,0,17132220,-0.734216941,0.965040755,0.368606434,-0.261253152,-0.443758196,-0.287563279,-0.770785381,0.393745139,0.658690812,0.880726879
1999,0,17134010,-0.509810186,1.028319457,0.695377083,-0.157083938,0.356465632,-0.037296611,-0.647618225,0.743893293,0.972673464,1.247532886
1999,0,17143D10,-0.052338153,0.459218478,0.394276607,-0.412113974,2.263055283,0.578960255,-0.620811378,0.431940815,0.511327246,-0.660559364
1999,0,17160530,0.231124508,-0.532990762,-1.279736283,-0.343089491,-0.201852219,0.262446287,-0.128226727,-2.208174586,-0.013393133,-0.114968432
1999,0,17162W20,-0.317012108,0.039457289,0.144845198,-0.372745565,-0.718481285,0.53211585,-0.446841675,0.288028766,1.697901346,1.930972034
1999,0,17163B10,-0.153790606,0.693905173,1.033723809,0.851705072,0.609213949,-1.041080465,-0.234954328,0.844866212,0.979090213,1.43630352
1999,0,17170810,-0.71207656,-0.415659601,-0.623552921,0.019897065,-0.931104583,-0.213558245,-0.755812899,-0.650058822,-0.067835156,0.852830272
1999,0,17177930,1.280942271,0.554900147,-0.259333625,1.711605718,-0.574190129,-0.956341377,1.333354484,0.0768239,0.808141458,1.934126316
1999,0,17179400,-0.787063786,0.120597162,-0.0380109,-0.427117541,-1.020517592,0.550538527,-0.836336522,0.124945492,0.882035774,-2.213994822
1999,0,1.72E+14,-0.161657492,-2.241779108,-0.035717119,0.647134518,-0.914262659,-0.456540249,0.229611008,0.18690754,-1.106605876,-0.022774025
1999,0,17187110,-0.823769239,0.16584171,-0.025327655,-0.300799475,-1.18303434,0.127707218,-0.919944457,0.146910865,1.146276578,2.120143034
1995,1,17216710,-0.2507361,0.566346498,-1.843122983,-0.277304394,0.275623141,0.06532859,-0.626116673,-1.4731029,0.092021832,0.05305687
1999,0,17244C20,-1.323814556,-2.241779108,-1.128359663,-0.393889523,0.38469593,0.544392125,-1.040005313,-1.809058837,-0.320740377,-0.965997496
1999,0,17252910,1.314464609,0.493512346,-0.024188907,0.170411174,-0.655149701,-1.280771759,2.212717399,0.370078075,-0.242562307,-0.054835991
1995,1,17256520,-3.231386009,-1.651474316,-1.546747513,-0.427117541,-0.302160874,2.441224782,-1.082047359,-1.282408275,-0.446388968,-1.77397964
1999,0,17259510,0.047120515,0.460526085,0.466748588,-0.328589782,-0.512236648,-0.059591589,-0.458213436,0.266610108,0.923902171,1.055295855
1985,1,17267910,-0.427876334,-2.241779108,-2.064231759,0.751703835,-0.739728946,-1.395812459,-0.080788116,-2.208174586,-1.853306938,-1.683622776
1999,0,17274320,0.908972168,0.108999263,-1.286434598,0.083127064,-0.752041355,-1.371141078,2.483953371,-0.820611257,-1.634725992,-1.754929544
1999,0,17275510,0.763044603,-1.198850071,-0.017038576,-0.276821772,-0.113351476,1.347155475,-0.104931902,-0.501002794,0.870644938,1.295504023
1999,0,17275R10,-0.3952361,0.84718014,1.400260475,3.954245309,-0.444830285,-0.997670591,-0.498218337,1.055032103,2.08772472,2.4845845
1999,0,17290810,0.241279751,1.206609875,1.191157022,0.460878283,-0.017311617,-0.578385546,0.29830315,0.922629459,1.352335643,2.11997841
1999,0,17737610,0.595262423,0.495442484,0.939628697,0.999438025,-0.939702509,-0.130582552,0.870369287,0.859138051,0.73737748,2.301154981
1983,1,17784610,-0.626154995,0.245734989,0.192891256,-0.41674765,-0.573980259,0.835272008,-0.55029032,0.253269693,1.80439303,1.372539849
1999,0,17957010,1.496046533,-2.241779108,-2.064231759,4.078709826,-1.327351031,-1.296226747,2.629654665,-2.208174586,-1.991068233,0.026757058
1999,0,17981810,0.216432424,0.323538942,1.065209249,0.201316433,-0.174605222,-0.775655056,0.371748717,0.733200093,-1.394506713,-1.145978833
1999,0,17989510,0.137961756,0.803385504,0.609588071,-0.326789677,-0.235343618,0.075998838,-0.081823539,0.609454252,0.804658782,0.843596957
1999,0,18048910,1.627800294,-2.241779108,-2.064231759,6.6953604,-1.363863457,-1.443824438,2.876476871,-2.208174586,-2.162015889,0.69292539
1999,0,18060610,-0.441723915,-0.469488627,-1.618759998,-0.308069105,-0.852877369,0.349709562,-0.576584393,-1.458501279,-0.319395701,0.069762295
1999,0,18190110,-0.522270108,0.373692035,0.90163612,-0.368710811,1.441012192,0.292632832,-0.682538466,0.726208041,0.590006227,0.025045481
1999,0,18270710,0.359905244,-0.987652349,-2.064231759,2.642312791,-0.491849089,-0.61159239,-0.216420809,-0.617960011,-0.197671244,1.110039076
1999,0,18287310,-0.294910283,0.475803325,-0.112239977,-0.097955202,-1.011517389,-1.361471705,0.961547175,0.304404915,-0.355296069,-0.262619133
1999,0,18449610,-0.424812964,-0.203746472,0.103001998,-0.422170542,0.203157216,0.724007085,-0.573592825,0.013029402,0.465144818,-0.679326822
1999,0,18449C30,0.736521792,-2.241779108,-2.064231759,-0.003791504,-1.26039652,-0.049976548,-0.308908091,-2.208174586,-2.415325905,-1.162949848
1999,0,18450210,-0.701515643,0.207419864,-0.088732544,-0.138191361,-1.199546195,-0.399391211,-0.59583678,0.143501992,1.488025266,2.4845845
1999,0,18482P10,1.299862438,-1.720725028,-2.064231759,4.753077738,-1.330283415,-0.568265201,2.876476871,-2.208174586,-1.984420373,0.640872898
1999,0,18490130,-0.316877092,-1.661721591,-1.179031963,-0.390699292,-0.1547147,-0.701589062,-0.3539535,-1.825239599,-0.213979272,-1.026462461
1999,0,18506010,1.147659175,0.621744871,2.142463254,0.422357348,0.881138375,-0.779703356,0.639844354,1.573479839,-0.398395989,-0.179060905
1999,0,18506610,-0.774182503,-2.241779108,-2.064231759,0.576890283,0.357651881,0.506669868,-0.784842138,-2.208174586,-0.689952519,0.096309307
1999,0,18589610,-0.068786597,1.388991838,-0.000862286,-0.351223435,-0.789552555,-0.393406452,0.236149021,0.161686828,0.685920551,0.741239338
1999,0,1.87E+34,1.187818274,-1.272076722,-2.064231759,-0.063399781,0.09202471,-0.695374161,0.259053417,-2.208174586,-1.076305228,-1.079556269
1999,0,18725U10,0.245232227,-0.062890795,-0.071489385,-0.35455123,0.560867597,-0.042954612,-0.456180862,0.201197082,-0.589905786,-1.122989842
1999,0,18905410,-0.943472394,0.828314737,0.915191634,-0.112238429,-0.280476388,0.279772449,-0.874024293,0.508201521,1.648072139,2.35475851
1996,1,18909510,0.139676774,-0.874586411,-2.01169258,-0.427117541,2.930481183,2.846076101,-0.427405405,-2.208174586,0.449757472,-1.330890332
1999,0,18947K40,-0.491788793,0.513882181,0.102566849,-0.368946403,-1.145738586,-0.496430984,-0.092419001,0.215225239,0.1873063,0.441633842
1999,0,18987310,0.77321188,1.158889818,0.802361977,-0.21905313,1.97801538,-0.848971864,0.485812327,0.79679967,1.031605542,0.588434707
1999,0,18987510,-0.895886389,0.409250141,-0.29602188,-0.390269352,-0.10969245,0.368612375,-0.828294212,-0.044396412,-0.173056272,-0.649954502
1999,0,19034510,1.359653324,0.482494909,0.086075643,-0.41184237,1.136636254,0.063215485,1.581243494,0.115336705,0.357736361,-0.780029712
1986,1,19063710,1.223572097,0.4415812,1.417661301,0.018839256,0.153595744,-0.436078985,0.408811327,0.830471758,0.142759702,0.465976877
1999,0,19104210,0.772971259,0.834214135,0.584489446,-0.321355257,0.877017234,-0.695890335,0.176860988,0.556520786,0.252431652,-0.32179149
1994,1,1.91E+14,0.045424544,-0.086637114,-0.322749654,-0.406016139,2.2790134,0.480988518,-0.481739132,-0.411793713,0.548583883,-0.511062589
1999,0,19109810,-0.757903538,0.079899555,0.193603259,-0.405188848,-0.388130377,1.356622963,-0.790619154,0.134317887,1.086397611,0.83972882
1999,0,19121610,-1.249469737,1.485390003,1.306004998,0.340208969,-0.342277021,0.095610206,-0.956545438,0.857475565,2.179175451,2.4845845
1999,0,19121910,-0.893489915,0.149805506,0.089178407,-0.402306794,-0.661903807,1.051337023,-0.926992266,0.132193378,2.155122322,2.180123551
1999,0,19124110,-0.829832749,0.521324049,1.053061135,-0.136059438,0.062813178,-0.185101983,-0.849215495,0.693214853,1.257897838,1.638558843
1994,1,19190010,-4.382767927,-2.241779108,-2.064231759,-0.354887226,0.621626742,5.110424207,-1.157110604,-2.208174586,-1.281775861,-1.249501261
1980,1,19200910,-0.522756549,-2.241779108,-2.064231759,-0.322682843,0.277375279,0.404433895,-0.71473692,-2.100128878,-1.206351968,-1.476040644
1999,0,19210810,0.68691713,-1.580938744,-0.889691565,-0.40731019,-1.103711525,0.855191044,2.876476871,-0.413223511,0.126149336,0.210864682
1987,1,19239110,-1.381140771,-2.241779108,-2.064231759,-0.378426222,-0.409355262,3.521918625,-0.913524801,-2.208174586,-1.065954928,-0.993237694
1999,0,19242210,1.615892886,1.211245267,0.572187822,2.337617009,-0.832492001,-1.251276824,2.440277279,0.753659012,0.350825015,1.44873015
1999,0,19244610,1.279839285,0.604266128,1.436833499,2.348798219,0.07921966,-0.575680681,0.939415521,1.189794379,0.137853262,1.236146283
1999,0,19244810,0.759239187,-2.241779108,-1.584334326,-0.384717675,-1.284939345,3.144980779,0.005659022,0.807463169,-1.628536784,-0.682875735
1999,0,19247910,0.517938821,0.720295544,0.27364348,-0.26712405,-0.307845725,-0.296424447,0.05030764,0.272869958,0.797120265,0.956850851
1999,0,19257610,1.380700413,1.214076291,0.869008223,0.255932668,-0.308374555,-0.811841215,0.564128481,0.890675534,0.476344621,1.017882286
1999,0,19258110,-4.382767927,-2.241779108,-2.064231759,-0.420847355,-0.726661521,5.110424207,-1.233402895,-2.208174586,-1.898402828,-2.020969395
1999,0,19259P30,0.107709176,-0.968044362,-0.517430186,-0.261063794,-0.840908407,0.407776711,-0.295643729,-0.748818958,0.08461393,0.669573975
1999,0,19306810,0.140499071,0.614467029,1.003101788,-0.168320372,1.646774824,-0.466915523,-0.391898394,0.876670301,0.655773808,0.487370773
1999,0,19329410,1.18133063,0.919984842,1.359299363,0.375764297,0.607792462,-0.729312717,0.571355206,1.045823247,0.633466616,1.03395104
1991,1,19390910,-0.064375558,0.568334019,1.784231217,0.529716159,-0.511945325,-0.106189856,-0.041976958,1.343012463,-0.406497642,0.549805119
1999,0,19416210,-0.712100182,0.84104372,1.231542258,0.024505548,0.011672772,0.594295522,-0.759370528,0.948879121,1.97377963,2.4845845
1999,0,19421W10,0.356438836,1.193931223,1.228216699,-0.219780163,1.495858651,-0.562744773,0.194607688,0.953169572,1.495641107,1.314655915
1999,0,19483020,-0.501474493,-0.747029772,0.469444274,-0.414669096,0.214652826,1.790216254,-0.629650113,0.065043864,1.3516275,0.772970169
1999,0,19562140,0.081896468,0.276267933,0.215623309,-0.412077499,0.238676096,0.22896439,-0.542713613,0.317550531,-0.157030696,-1.124550623
1987,1,19626700,-0.533110831,0.088788947,0.322092745,-0.427117541,-0.212185092,1.064034734,-0.624913826,-0.022782831,0.812657996,-2.213994822
1990,1,19680710,-0.026162317,-0.672229902,-2.064231759,-0.307125428,0.237007376,0.068461692,-0.549586583,-1.843491254,-0.153053833,-0.30638005
1999,0,19687710,1.205166907,-0.031664322,-0.371000637,0.520693596,-1.193640467,0.18807936,2.496634079,-0.158756868,0.925720318,2.4845845
1999,0,19764800,-1.029607196,0.265031071,0.426154168,-0.363826571,-0.870746087,0.553279475,-0.939030292,0.346964326,1.557267988,1.958210621
1999,0,19777910,0.104763948,-2.241779108,-0.938191889,0.637107069,0.310867872,1.511035435,-0.228183933,-1.008601277,-0.466041357,0.556260599
1999,0,19851610,0.772298395,0.471645008,1.171740653,-0.137276194,0.367771385,-0.409656358,0.0571319,0.829739783,0.798499617,0.962057522
1993,1,19890210,-3.110433524,-1.269015752,-0.633936012,-0.420282769,0.755720611,2.851517501,-1.040955003,-2.208174586,0.075058418,-0.867158433
1999,0,19933310,0.047805519,0.368097766,0.41382455,-0.408231484,-0.2821697,0.624224622,0.101499667,0.26349461,0.976036207,0.488022856
1999,0,19990110,0.120890218,-0.054771403,-0.164514059,0.724202106,-1.265961595,-1.218944883,0.289039717,0.13804094,-1.385464164,-0.149479852
1999,0,19990710,-0.680250505,-0.736811536,-0.895478856,-0.369175642,-0.324658272,0.079388265,-0.756948691,-2.208174586,0.376734544,0.166981755
1999,0,19990810,-0.158941008,0.283144528,0.476312415,-0.39581061,0.265522717,0.082675564,-0.403356748,0.411338831,1.222261804,0.661718643
1999,0,20008010,0.887465493,1.123484663,0.601950559,0.060775995,-0.417004316,-0.666196472,0.258560659,0.566236305,-0.186580375,0.247912589
1999,0,20030N10,-0.272894085,0.453885429,-0.034288315,-0.295772162,-1.134692285,0.339504233,-0.378965058,0.360384037,1.821432912,2.4845845
1999,0,20033240,0.442827571,-0.450112764,0.441526821,-0.336397975,-0.1202996,-0.205740023,0.346115283,0.504797084,0.339818274,0.156980198
1999,0,20038K10,0.102595202,0.08423834,0.395948672,-0.415257082,0.599137416,0.915604594,0.450252908,0.061157141,0.76850397,-0.124294367
1999,0,20050L10,-0.590161316,-0.840930357,-0.393198654,-0.399084035,2.975808542,1.008005889,-0.744734144,-0.018328095,-0.024647462,-1.018412896
1999,0,20065410,-1.747323135,0.111646988,-0.299446751,-0.397060431,-1.361661951,-0.571735403,-1.233402895,0.02746413,-1.931594507,-1.101946599
1999,0,20161410,-4.382767927,-2.241779108,-2.064231759,0.757355425,0.645314788,5.110424207,-1.175054403,-2.208174586,-2.173986249,-1.027625645
1999,0,2.02E+14,-0.135570061,0.496418606,1.437308046,-0.130349051,1.6204833,0.16791126,-0.599419072,1.028530166,-0.130995946,-0.135171184
1999,0,20172310,0.119060537,0.712710916,0.401671949,-0.386768805,0.98399402,0.255631992,-0.370400445,0.403436419,1.419211156,0.868247608
1999,0,20263020,-0.585783575,-2.241779108,-1.812956316,-0.162663505,-0.098771351,-0.457511806,-0.697141976,-1.524846064,-0.492186862,-0.402983917
1999,0,20265610,-4.382767927,-2.241779108,-2.064231759,-0.397508718,-1.305549909,5.052100261,-1.233402895,-2.208174586,-2.072658756,-1.06928719
1993,1,20266010,-2.044451341,-0.524947873,-2.064231759,-0.410724495,1.138179951,2.060738609,-0.963764652,-2.208174586,0.888770125,0.18728481
1982,1,20266610,-4.382767927,-2.241779108,-2.064231759,0.54840017,-1.122439338,3.260383033,-1.183819271,-2.208174586,-2.763557265,-1.502078644
1999,0,20273910,-0.905600741,-1.06669633,-1.71360675,-0.233692674,-1.027688846,0.224578919,-0.996847889,-1.558666693,-1.267934332,-0.63092202
1999,0,20290910,-2.136290035,-2.241779108,-2.064231759,-0.41217239,-1.179817753,2.406862845,-1.048297833,-2.208174586,-2.072658756,-1.998432978
1999,0,20337210,0.064002169,0.461078405,1.170895232,0.011251652,0.076538776,-0.036452982,0.344637971,0.886774413,0.982795927,1.55032801
1999,0,20338K10,1.150768549,-2.241779108,-2.064231759,6.6953604,0.090122347,-0.006788619,0.418435865,-2.200141986,-0.902939278,1.059096704
1999,0,20390010,0.461719483,0.899385566,0.645940689,-0.142574738,0.068245539,-0.78293001,-0.062601088,0.76577051,0.246508435,0.25646047
1999,0,20438610,-0.20573963,0.073832819,-0.766960436,-0.36068184,-0.542529768,0.238626837,-0.545960705,-0.525246048,0.828833282,0.873328122
1999,0,20440960,-0.917346608,0.570861267,-0.108764466,-0.384182893,-1.042929854,-0.416615159,-1.025430615,0.10398565,1.40253006,1.543435112
1999,0,20440T20,-0.220395304,0.281712515,0.177127277,-0.346184144,-0.104381101,0.067111067,-0.498399786,0.19452882,1.559594055,1.545907533
1999,0,20440W10,-0.927330926,-0.201887994,0.428319987,-0.377686434,-0.998307225,0.444479577,-0.856178534,0.180515879,1.29139229,1.661604276
1999,0,20441220,-0.560520244,0.780539426,0.616995567,-0.293892913,-0.979892612,-0.189791369,-0.645715553,0.533020507,1.632963184,2.284630747
1999,0,20441W20,-0.252976809,0.298804707,0.274129204,-0.279474025,-0.701694114,0.50469791,-0.547906045,0.507305596,1.329738158,1.93085503
1999,0,20442110,-0.478405743,0.851385828,0.035434208,-0.304976063,-0.931616851,-0.764482375,-0.431015783,0.250929958,1.472188417,1.789131043
1999,0,20442910,-0.204117508,0.752647819,0.263985303,-0.056327975,-0.826224076,-0.660881275,-0.232882569,0.572732159,0.861670931,1.54836589
1999,0,20444810,-0.44791443,0.68055806,-0.318155941,1.115576194,-1.032885385,-1.273538476,-0.312193575,0.924480097,0.233728449,1.234045298
1999,0,20444930,-0.606584256,0.413148704,0.060272023,-0.344711709,-1.064787689,0.128888772,-0.608087687,0.006040735,1.287623723,1.885645291
1999,0,20451210,1.27307364,-2.241779108,0.180105998,0.868042744,-0.919753515,-1.014149368,0.870920826,2.000564954,-1.129262453,-0.248360402
1999,0,20462020,-2.598432749,-2.241779108,-1.853904095,-0.427117541,-0.436382938,2.986266957,-0.993288656,-1.674677756,-0.501650139,-1.932414013
1999,0,20466X10,-4.382767927,-2.241779108,-2.064231759,-0.422275723,4.036249207,5.110424207,-1.233402895,-2.208174586,-0.976905756,-2.213994822
1995,1,20476C10,0.492411397,-2.122637824,-0.132506138,-0.41036174,0.809614715,2.249313986,-0.086541127,-0.388617514,0.152333916,-0.544600131
1985,1,20491020,-0.763848297,-0.571015212,-2.064231759,-0.396563097,1.747934193,1.170097371,-0.780956964,-2.208174586,0.112028964,-0.657183987
1999,0,20491440,1.413290268,-2.241779108,-2.064231759,0.65499193,-0.681620634,-0.917303799,1.164315315,-1.7074224,-1.306884702,-0.646417871
1984,1,20492810,1.200113807,0.1632197,0.117898794,-0.378602711,0.483593653,0.567539691,0.713460047,0.225129626,0.073524512,-0.387646879
1999,0,20494010,-0.737447115,0.256510979,0.505041659,-0.357832365,-1.117544803,0.420757452,-0.766953082,0.438044481,0.100501171,0.632395089
1999,0,20524910,0.176533976,-1.395807377,-0.39863328,-0.36926326,-0.209757576,0.174883081,-0.500265127,-0.545469953,-0.79103747,-1.162488622
1999,0,20536310,-0.318962834,0.708294237,0.605721002,-0.126621338,0.427322959,-0.144627456,-0.572466945,0.567956744,1.9846096,2.378382242
1984,1,20542810,-0.285779754,-0.473162057,-0.224878122,-0.261186269,0.949256028,0.928459627,-0.683974469,-0.112159113,-0.346091004,-0.361147777
1999,0,20547710,-0.178851843,0.787465981,0.938984096,-0.28224215,1.305033739,-0.016986575,-0.482629459,0.668816818,0.799765841,0.593926209
1999,0,20563810,-0.225736636,0.584364164,1.399566687,-0.022892136,-0.333909681,-0.083564585,-0.435397943,1.077141602,1.415528678,2.132520767
1999,0,20563P10,-0.024016858,0.387746613,1.160179172,-0.070414591,-0.11874893,-0.815032125,0.107956308,0.933964313,0.507571323,0.692168951
1999,0,20576820,-0.773544087,0.043029306,0.073049383,-0.414171675,-1.145240416,0.478094481,-0.82975528,0.072300775,0.143164745,0.069532972
1999,0,20582620,0.350925121,-0.154873101,0.44869186,-0.136152258,0.058104766,-0.441918392,-0.273564265,1.279929719,-0.200341348,-0.079714316
1999,0,20586240,1.271349529,0.491583439,0.664482154,0.684488177,-0.649275006,-0.168559587,0.576203763,0.946438571,1.043214023,2.296743019
1999,0,20588710,-0.643296803,0.24671891,0.663143813,-0.346304468,0.991878563,0.58699685,-0.740386771,0.322041775,2.179175451,2.309615942
1999,0,20590810,0.452826679,0.814820025,0.429963878,-0.044542836,0.360444754,-0.870874939,0.079581995,0.392580296,0.849133224,0.93064755
1999,0,20591410,-0.890237278,-2.241779108,1.328466884,-0.022129524,2.175411226,1.770101752,-0.81254249,1.365573025,-0.839522697,-0.58324936
1999,0,20592120,-0.546088522,0.21136316,0.263036478,-0.330507381,-0.822453704,-0.191738836,-0.634017085,0.482420558,-0.109359682,0.047405003
1999,0,20593710,1.809688227,-0.602784429,-0.925072827,1.060285686,-0.611556141,-1.16515497,2.084092335,-0.367568132,0.167237145,0.910341428
1999,0,20594410,-0.587961824,0.540276275,0.545482536,-0.378003775,0.698143952,0.471644504,-0.702952785,0.527586038,1.779979996,1.459426652
1999,0,20601610,1.962785572,-2.241779108,-2.064231759,1.943567503,-1.363863457,-1.368686678,2.876476871,-2.208174586,-2.574694354,-0.241077795
1999,0,20615620,0.498827461,0.191804068,0.620599465,-0.36098268,0.008170273,0.090040889,-0.213195815,0.6417874,0.251511962,-0.036044395
1997,1,20621220,-0.907313718,-1.851429872,-1.462627114,-0.374325966,-0.60258353,0.445561908,-0.829188991,-2.208174586,-0.709759837,-0.866355869
1999,0,20670810,1.515156625,-1.088424359,-2.064231759,0.76533852,-1.054428969,-0.788415599,0.875984691,-2.208174586,-0.209584456,1.038007629
1999,0,20671040,0.41757397,-2.241779108,-0.33455355,0.932945008,0.573798096,-0.522101348,-0.177361551,-0.155968256,0.042858444,0.706238035
1999,0,20682720,-4.382767927,-2.241779108,-2.064231759,-0.137138844,-1.205623299,5.110424207,-1.233402895,-2.208174586,-2.763557265,-0.834648556
1999,0,20714230,0.308099647,0.187498973,-0.063266994,0.142885974,-0.491715126,-0.279055488,0.062763379,0.16140454,1.243140746,2.103492235
1999,0,20719510,0.081235702,0.11042505,0.159388799,-0.418794956,-0.177685742,0.914811978,-0.199690789,0.255433285,0.541398347,-0.27880228
1999,0,20741010,-0.215343911,0.341983977,0.575296772,-0.373236451,-0.742405852,0.466779292,0.071621423,0.385904809,0.706018276,0.819558608
1999,0,20779710,-0.804622724,0.268241798,0.329032785,-0.362080347,-1.150934928,0.52523491,-0.919153802,0.349718594,-0.153620849,0.403562363
1986,1,20810610,0.338568797,0.473467432,-2.064231759,-0.40698284,-0.013181907,0.481523097,-0.225807648,-0.796887606,0.209911843,-0.471226798
1999,0,20825487,1.568141818,-2.241779108,-1.773635537,1.164058817,-0.950717294,-1.442907682,2.876476871,-0.925367863,-1.276844551,-0.830756305
1999,0,20825C10,-0.693795704,0.639123074,0.372872596,-0.357542255,-0.368506339,0.527538929,-0.725680201,0.379614519,2.131448168,2.331291858
1999,0,20830510,-0.165458619,0.28039894,0.270168108,-0.316584712,-0.562512921,-0.7299758,0.039582624,0.334880585,-0.260469036,-0.442708828
1983,1,20845310,1.008583501,1.296878533,1.510428175,-0.036158908,0.133869667,-0.801791038,0.622359497,1.116434671,0.172261544,0.283390021
1999,0,20854P10,-0.964304223,-0.053062732,0.099847343,-0.412805562,-0.707348402,1.244459468,-0.932138798,0.29967835,1.427758035,1.214787942
1999,0,20911510,-0.82741653,0.667577459,0.426284438,-0.381621198,-0.833486533,0.327160713,-0.873946218,0.418717235,1.895859018,2.118301219
1999,0,20923210,-0.485623239,0.495760941,-0.132498018,-0.41341232,1.561501889,0.57993682,-0.679988509,0.134605172,1.441061348,0.441931322
1999,0,20934110,-0.454186697,0.404444694,0.58277666,-0.401791736,-0.334646944,0.210908546,-0.455386945,0.490232647,0.911015519,0.461623998
1999,0,20950N10,-0.288378504,0.370224206,0.36895576,-0.425329132,0.653103775,0.345799085,-0.572793317,0.254223074,0.390388617,-1.179585012
1999,0,20961500,-0.705796287,0.532089607,0.359914216,-0.332989344,-0.846972056,0.329953191,-0.745506733,0.253243955,1.542726151,2.043329543
1989,1,20970510,-0.47516148,-2.241779108,0.099328378,-0.427117541,-1.057285576,3.054162569,-0.009134038,-0.531406333,-0.762212061,-2.213994822
1981,1,21001210,2.023422271,1.485390003,0.723124389,1.154110863,1.7955386,-1.446075864,2.876476871,0.835156145,-0.103013097,-0.415631755
1996,1,21014310,0.302714232,0.169831893,-0.048292422,-0.40336899,-0.256509897,0.894102383,-0.102489625,-0.239145831,-0.083866093,-0.5690228
1999,0,21036P10,0.016442385,0.383300538,0.500644452,-0.398451938,-0.251041108,0.765493111,-0.114575204,0.332592248,1.434587136,1.180354144
1999,0,21037110,-0.917769551,0.390157702,0.339062184,-0.386817795,-0.936974347,0.437167233,-0.911528419,0.30162713,1.625302477,1.882596096
1990,1,21043010,-0.51761214,0.143222942,-1.939667773,-0.40977536,1.615342826,0.473521954,-0.663634866,-2.208174586,0.24852755,-0.835201374
1991,1,21044510,-2.198309078,-1.129367013,-0.195935681,-0.427117541,1.895137779,1.386643599,-1.092850644,-1.392059656,0.03258229,-1.851648666
1999,0,21044630,-0.775808054,0.722325494,-0.986952052,-0.346747795,-1.055054891,-0.365361,-0.791691706,-0.288170778,-1.195903719,-1.065597063
1999,0,21061P10,-0.633576078,-0.014843886,0.000829795,-0.426269579,-0.409311552,1.157973773,-0.709515579,-0.403556591,1.225165116,0.137467939
1999,0,21072810,-4.382767927,-2.241779108,-2.064231759,-0.160396817,-1.296713602,5.110424207,-1.205632403,-2.208174586,-2.404311639,-0.46894029
1999,0,21079530,-0.813424529,0.356389067,0.368385814,-0.401648169,-0.189714676,0.851525469,-0.809752396,0.480448261,1.952374991,1.704833448
1987,1,21099Y00,-0.906542391,-0.084661789,-0.141909299,-0.427117541,-0.160190925,1.114852795,-0.88322246,-0.346766347,1.644424031,-2.213994822
1999,0,21144M20,-4.382767927,-2.241779108,-2.064231759,0.330019229,-0.956511543,5.110424207,-1.233402895,-2.208174586,-2.673741753,-0.910784209
1999,0,21148310,0.118519764,-0.30732366,0.2798432,-0.380733166,0.222498253,-0.196184641,-0.44900816,0.340833918,-0.466512088,-1.134109773
1999,0,21161530,0.012635535,1.218587526,0.934561291,-0.328927196,0.603569777,-0.32290907,-0.416111936,0.78778388,0.252187724,-0.146837065
1990,1,21190410,0.166391424,0.203350316,-0.908149677,-0.421509281,0.608981626,0.534925091,-0.331843326,0.249058145,-0.546296402,-1.914263264
1999,0,21190610,1.82282292,-0.373708855,-0.373208004,0.978165695,-1.317250212,-1.505889267,2.876476871,-0.061813263,-2.299869761,-1.408894523
1999,0,21191440,0.091278672,-0.867640764,-2.064231759,-0.316121482,-0.766209341,1.065442429,-0.155396231,-2.208174586,0.370642934,0.881632389
1999,0,21191910,1.274182139,-2.241779108,-0.216668077,2.102995958,0.020513707,-0.785205114,0.42138959,0.041886815,-0.199839332,0.736278343
1982,1,21207210,0.38596826,-0.216214785,-2.033710401,-0.422413177,0.03889148,0.102318463,-0.13011989,-1.983167768,0.18428714,-1.095506754
1999,0,21217210,-4.382767927,-2.241779108,-2.064231759,-0.421091874,4.036249207,5.080715363,-1.233402895,-2.208174586,0.423063381,-0.8549033
1999,0,21233P30,-0.761578256,0.4588048,0.902002528,-0.355297647,1.160557916,0.169261901,-0.784559377,0.616124426,0.560367899,0.096589862
1987,1,21246510,-0.942627196,0.175103964,-0.304235758,-0.372221282,0.268469538,1.393531781,-0.850944572,-0.842584237,0.000348738,-0.221254779
1999,0,21248510,-0.929565839,0.38697093,0.911815071,0.035485992,-0.115484696,-0.355909763,-0.898426336,0.687826596,1.322225922,1.917020012
1991,1,21254K20,-0.743764083,-0.209856829,1.471935027,-0.187124562,-0.396645223,-0.805822154,-0.775529917,-0.716341264,-0.691574887,-0.708756747
1985,1,21624510,0.004674779,-1.544322617,-1.613081248,-0.425822557,1.535303097,3.021171322,-0.398583827,-2.02776063,0.539174421,-0.841286984
1999,0,21639P30,-0.080827416,0.470420395,-0.107845508,-0.19050242,-0.651750336,-1.051118668,-0.118163972,0.236810678,0.225841503,0.287032999
1999,0,21664840,-0.088443125,-0.332170855,0.725694093,-0.242986761,-0.724735049,-0.316491475,-0.049408466,0.694858913,0.383824253,0.767326047
1981,1,21668710,-2.898913198,-1.013901698,-1.712895226,-0.427117541,1.83154978,2.950081281,-1.119293955,-2.143308208,-0.03240948,-2.213994822
1984,1,21670510,-0.077880324,0.919381958,-0.333091135,-0.280034427,-0.827732591,-0.504769004,-0.452079981,1.818428142,0.36052093,0.650171565
1999,0,21683110,-0.106378645,0.778558495,0.394574406,-0.386632106,-0.477619354,0.360111768,-0.054416134,0.439466795,1.409387293,1.310116903
1999,0,21720410,0.203457295,0.668907576,0.839807815,0.773094065,-0.645552919,-1.13668266,0.588984231,0.778383527,0.322820842,1.036309057
1999,0,21727W10,0.163914015,-0.510931015,-1.31887081,3.340983969,-1.254165173,-1.468376657,2.178280951,-1.032433797,-1.001388105,0.337210205
1999,0,21772110,1.526083386,-2.241779108,-2.064231759,1.778369043,-1.363863457,-0.93526671,0.864834858,-2.208174586,-2.763557265,-0.003142829
1999,0,21834310,1.170897026,0.821682677,2.02978693,0.15499963,-0.313737681,-0.07096762,1.462759089,1.514520852,0.188646472,0.915203873
1999,0,21868310,-0.179799891,0.110420181,-0.01975676,-0.400178375,0.129957234,0.59171361,-0.375757778,0.12194921,0.145363232,-0.450289222
1999,0,21869X10,-0.327950149,-1.697823326,0.114225922,0.45718501,0.435164538,0.143665672,-0.648074614,0.842708916,0.536606936,1.310841692
1999,0,21872880,-0.754410787,0.080681937,-0.163294352,-0.411682573,-0.923725678,-0.477975951,-0.781981194,-0.465287532,0.113980462,-0.462767188
1999,0,21886810,0.084756968,0.213628811,0.986739115,0.228682556,0.659732844,-0.779080946,-0.173374745,0.516686519,0.297472005,0.531545461
1999,0,21891310,1.671474744,0.64216205,0.724105578,0.381964976,-0.67141441,-1.292774247,2.876476871,0.300918842,-0.510932287,-0.227022635
1999,0,21898V91,-0.526159068,0.566775663,0.40458074,-0.396340648,-0.320271675,-0.185314266,-0.671274432,0.522176495,0.309651276,-0.24726832
1999,0,21902310,-0.578663648,0.104814859,0.285433145,-0.350514297,-0.491324998,-0.255299461,-0.634394328,0.34492549,1.31590084,1.316135254
1999,0,21914110,-0.895650416,0.192668883,0.35749991,-0.401065452,-0.648197884,0.357063467,-0.875738845,0.244044279,0.410798088,0.105258493
1999,0,21923C10,1.500367992,-2.241779108,-2.064231759,0.496771455,-1.171989228,-1.192577968,1.815517912,-2.208174586,-1.223802153,-0.304821798
1999,0,21935010,-0.535310285,0.589554024,0.614850196,0.147293068,-0.549691492,0.147405706,-0.63371698,0.636987829,1.717922308,2.4845845
1999,0,21938110,-0.86679854,0.26286613,0.106047829,-0.398500243,-0.683818603,0.85379469,-0.869286162,0.224244476,-0.535330168,-0.794709654
1999,0,21986M10,-0.348085422,0.218868698,0.368860549,-0.40147704,-0.875866853,0.117107591,-0.261059515,0.665337842,0.874028428,0.725548878
1999,0,21988R10,-1.204005543,0.34309306,1.199158619,0.262661656,-0.399396815,1.03902769,-0.864328596,1.184858627,0.047388819,1.108582657
1999,0,22031710,0.382467103,0.226700058,0.316700046,-0.402685979,-0.025233541,0.260852018,0.280589817,-0.010021942,0.391222759,-0.237652095
1999,0,22052430,-2.287942979,-2.241779108,-2.064231759,0.157266618,0.924621556,1.769326421,-1.003913593,-2.208174586,-1.186352396,-0.617387311
1999,0,22100610,0.806670547,1.485390003,1.639409222,0.390922464,1.592307748,-0.938319897,0.613376684,1.225165173,0.432163985,0.520210673
1988,1,22101610,-1.8849256,-2.241779108,-2.064231759,-0.416932457,0.946166639,2.181907855,-0.926946835,-2.208174586,-0.565564745,-1.563133854
1985,1,22124110,-1.140920811,-1.455488204,-1.598759492,-0.324231006,-0.277959229,0.483793997,-0.905895176,-2.208174586,-1.367577506,-1.464802848
1999,0,22129520,-3.024686742,-2.241779108,-0.927096817,-0.420776932,1.146305912,3.522627757,-1.045574704,-1.286574346,-0.777079356,-1.856607236
1999,0,22147810,0.628477388,0.182014006,0.543154529,-0.188160339,-0.574976512,0.034671681,-0.359194029,0.527137055,0.160348864,0.645489133
1999,0,22148510,0.461008666,0.322655562,0.850850955,-0.13839933,0.74283092,-0.531821332,-0.010848872,0.720515812,0.736400012,0.75748584
1999,0,22160K10,-0.554618882,0.717717185,0.582924199,-0.151729716,2.764597872,-0.04800394,-0.69623522,0.464633659,2.179175451,2.476872433
1999,0,22160N10,1.347072771,-0.219810176,-0.948773535,1.32145011,-1.129727716,-1.237888552,2.876476871,-0.4771299,-0.28979482,0.891764145
1999,0,22163N10,-0.405304082,-0.134096802,0.324564249,-0.384540786,0.523858155,0.705314368,-0.478735367,0.322255758,1.093768397,0.717522926
1999,0,22266010,0.022879359,1.193373975,0.774147528,-0.281980619,0.650237309,-0.484717611,-0.360378715,0.719475604,0.380604837,0.09689312
1999,0,22281610,-0.277755003,0.581822032,0.768770588,-0.338758806,-0.038886329,0.294853624,-0.511377637,0.547094265,1.023067964,1.016846261
1999,0,22284P10,-0.185382263,0.507546779,0.559791961,-0.353782143,0.014873159,0.136200409,0.307526732,0.498174674,0.800381086,0.63201977
1999,0,22286210,-0.864725645,0.128332603,0.081497206,-0.383359531,0.885027482,-0.050966916,-0.817364889,0.380245671,1.403206862,0.823928264
1999,0,22289210,-0.33523553,-2.241779108,-2.064231759,-0.224811049,-0.014059083,0.628329798,-0.60958532,-1.92083107,-0.689664792,-0.477794516
1999,0,22290410,-0.893145939,0.33550711,0.816407773,-0.30350967,-0.950868961,-0.003718785,-0.981816457,0.615553063,-0.362650072,0.04134586
1999,0,22357410,-0.660271809,0.025436196,-0.373906647,-0.186540457,2.124251524,0.494559068,-0.756710445,-1.260800501,0.317212387,0.279833001
1981,1,22374110,-0.643824527,1.178427511,0.26589373,-0.222748419,-1.202012425,-0.760490835,0.621937925,0.416711988,-0.419069156,0.308610922
1999,0,22405110,-0.578541791,0.273639625,0.339086847,-0.123080536,-1.034871645,0.267984743,-0.136811026,0.484917234,0.620724455,1.700946305
1999,0,22412210,-0.650700061,0.098154419,-0.321994544,-0.360065044,-0.96407278,-1.070962982,-0.574267467,0.000382863,-0.264890222,-0.575428945
1994,1,22412810,0.108965191,-0.147355842,-1.191498153,-0.419695874,2.060183219,0.913466504,-0.467431054,-0.877811604,-0.272939565,-1.694232137
1999,0,2.24E+14,0.168785261,0.829395147,1.437211246,-0.157763336,0.680995312,-0.119670425,-0.395401089,0.919214295,0.119983307,0.192238499
1996,1,22417310,-0.450987224,-0.108699489,-0.832799268,-0.41110942,0.952208584,1.139256851,-0.722850144,-0.893134807,0.099131625,-0.79923156
1999,0,22439910,-0.004064232,1.009253788,0.983810529,-0.296400857,0.117488564,-0.043309685,-0.171676591,0.758703279,1.272130179,1.329813106
1999,0,22463310,-0.002039285,0.770756619,0.790747412,-0.262988361,0.297629523,-0.174661893,-0.41561725,0.662034424,0.957105018,0.987296201
1984,1,22501510,-2.733830466,-0.328778532,-1.954561006,-0.387575658,-1.143179065,0.883688184,-1.190742977,-1.971876809,-0.95616443,-0.649792959
1994,1,22522210,-1.571101769,-2.241779108,-2.064231759,-0.266066482,-1.271153645,0.379158243,-1.077729792,-2.208174586,-1.276212698,-0.162965411
1999,0,22522330,0.517583921,-2.241779108,-2.064231759,0.37745698,-1.277610141,-0.429983289,-0.154126612,-2.208174586,-1.344605845,0.265514303
1988,1,22522710,-0.813045757,-1.512057028,-2.064231759,-0.416154234,2.229999712,2.206182919,-0.791347595,0.035831824,0.553136555,-0.477534453
1996,1,22528Q10,-1.177854234,-2.241779108,-2.064231759,-0.359795527,-1.359582209,-0.538102402,-0.97564005,-2.208174586,-2.750339772,-1.716811759
1999,0,22530210,0.827866606,0.410524199,-0.120083809,-0.023781154,-0.723706688,-0.192282291,0.64694158,0.099359061,0.45368579,1.229334492
1999,0,22542610,-0.30398075,-2.241779108,-1.827753075,0.138872266,-1.065333908,0.023649906,-0.543308539,-1.709902103,-1.550091394,-0.475524342
1999,0,22543920,0.482192121,0.682273547,0.159778489,-0.110340633,-1.086107544,-1.038196586,1.713392731,0.479271206,-1.222973258,-0.793900155
1999,0,22544710,0.595691171,0.347873663,0.608178657,4.707137354,-0.908195025,-1.321592986,2.510532508,0.696670828,-0.017720566,1.283899989
1993,1,22564110,-0.196978886,0.149002386,-0.166914607,-0.373729302,-0.826532562,0.390760705,0.105694146,0.024041894,-0.456662327,-0.439412266
1999,0,22590510,-0.846527094,0.121303869,0.521944532,-0.360193087,-0.997769706,0.42435389,-0.940891805,0.342256813,0.846010428,1.286030212
1999,0,22640610,0.304148508,0.24102986,-0.497602647,6.6953604,-1.126407878,-1.493215196,2.876476871,0.150329144,-0.144589928,1.353416968
1999,0,22653410,-0.510097151,-0.681153739,-0.120823109,-0.222852889,-0.744431758,-0.773715413,-0.631261527,0.098876696,-0.373125338,-0.21208547
1999,0,22662K20,-1.276767665,-1.365558212,-0.68423928,-0.374269079,-1.220652672,0.824129178,-1.147158148,-0.634084601,-1.231341238,-0.671589416
1999,0,22671410,0.150124099,0.730203483,0.343320962,-0.280260263,-0.887830439,-0.842118796,0.103176957,0.591112894,0.508295576,0.706824017
1999,0,22747810,0.401051005,0.927960846,-1.073235417,-0.331090805,-0.327633944,-0.49428152,-0.205952352,-0.856398675,0.279234053,0.092478356
1999,0,22765D10,2.023422271,-0.132794299,-0.595421114,6.6953604,-1.146197807,-1.394681091,2.876476871,-0.258214805,-0.475563822,1.513177594
1999,0,22822710,-0.302394831,0.035798339,-0.177295787,-0.241819175,-1.277817757,-0.230894117,1.329277759,-0.051492218,0.676357367,1.950745883
1999,0,22830910,0.202377633,0.291309302,-0.804377705,-0.425415656,0.305647718,0.635007911,-0.102687491,-0.780198368,0.645528264,-0.758221072
1999,0,22836810,-0.906950752,0.214426904,0.278299271,-0.409044856,-0.621188769,0.599049386,-0.865490708,0.218582639,1.908396821,1.673751865
1999,0,22842910,0.551483917,-1.810863934,-2.064231759,-0.415522093,-0.115761969,0.53669992,0.326169479,-2.208174586,-0.984773585,-1.967683395
1985,1,22888510,-1.51921194,-1.840858151,-1.227517214,-0.427117541,-0.274759056,2.99147071,-1.023088902,-2.208174586,0.173865282,-1.008267294
1999,0,22889510,0.550785265,-2.206316203,-1.48161543,6.6953604,-1.031443406,-1.347300927,2.876476871,-0.55486338,-1.430788703,0.029423663
1999,0,22890310,1.302557449,0.542080608,0.345144212,0.244511986,-0.575994957,-1.17321558,2.876476871,0.427658014,0.024052302,0.370300806
1993,1,22907010,-2.794651754,-1.843517574,-1.175752682,-0.427117541,0.646127946,2.584621594,-1.041034502,-2.208174586,0.775781713,-0.981094722
1999,0,22942F10,-0.561346651,-0.279200533,0.111309373,-0.254877922,-1.019514455,-0.712392959,-0.555552923,0.423546155,-0.221601649,0.165641236
1999,0,22943V10,-0.943195377,-2.241779108,-2.064231759,-0.19650784,0.326372944,1.017755868,-0.854601877,-2.208174586,-0.259678189,0.032877659
1999,0,22966910,0.793835733,1.208478904,0.239578004,-0.338156506,0.37266141,-0.255052257,0.124944633,0.395229661,0.831049512,0.536144482
1999,0,22967810,1.706669631,-2.241779108,-2.064231759,4.63754979,-1.179134119,-1.110369825,2.622930846,-2.208174586,-0.97623858,0.819248238
1999,0,22990410,0.241579922,-0.020959188,-0.732020099,-0.230165044,-0.351091064,-0.922658904,0.196126278,-0.0970809,-0.439576589,-0.601735566
1999,0,23021510,0.190459427,0.590934852,0.296233165,-0.410349539,0.232724298,0.295373111,0.075238021,0.295705642,0.813040795,0.019341894
1999,0,23102110,-0.154345212,0.362028672,0.351160409,-0.392705027,0.221370785,0.463882098,-0.434493645,0.340000306,1.847969576,1.502216457
1999,0,23108210,0.141998325,0.07360746,-0.17757711,-0.076231197,-1.157793228,-0.541368021,2.876476871,0.017079312,0.417577688,1.48427388
1999,0,23117610,-0.587611056,0.231341387,0.134435026,-0.385658909,-0.319813152,0.298090783,-0.694949613,0.180780892,0.774694191,0.523868042
1999,0,23126R10,1.578143606,-0.890568591,-1.929327716,3.731257634,-1.197674861,-1.005963731,2.596573443,-1.696876196,-0.564960523,1.317333197
1999,0,23156110,0.286490917,1.485390003,0.701281671,-0.243768271,-0.521708056,-0.602573601,0.381613575,0.781085162,0.61106681,0.79042388
1989,1,23166010,-0.941973646,-2.241779108,-2.064231759,-0.397777522,2.089419009,2.146603602,-0.819376363,-2.208174586,-1.169357449,-2.020884931
1999,0,23243730,-0.405270254,-0.567028764,-0.710112155,0.345881908,-0.954239623,-1.149130342,-0.149660303,-1.389201942,-0.847953855,-0.238360688
1999,0,23243T10,-0.18885929,-0.824495576,-0.169209334,0.30633699,-0.798584326,-6.97E-05,-0.193734103,-0.851275224,-0.200194861,0.871048554
1999,0,23244110,1.821810602,-2.241779108,-2.064231759,6.6953604,-1.363863457,-1.278467573,2.876476871,-2.208174586,-2.763557265,-0.116256408
1999,0,23251710,1.01875811,0.560880509,-0.010981701,1.372514338,-0.507597197,-1.327886606,2.191704556,-0.590169295,-0.182527514,0.352422746
1999,0,23251J10,2.023422271,-0.269427502,-1.328320675,6.6953604,-1.284891146,-1.49262345,2.876476871,-0.919762203,-0.627560974,1.328641114
1999,0,23251P10,1.352584321,-2.241779108,-2.064231759,1.81510413,-0.527692981,-1.134901392,1.359131105,-1.966144752,-0.293841392,0.558464683
1999,0,2.33E+14,-0.118991387,0.133636713,0.413835054,-0.405696951,-0.041864664,0.156932851,-0.381537747,0.3672782,0.268983965,-0.445923161
1999,0,23254K10,1.837018241,-0.853968922,-1.242131118,-0.316665693,-0.428170639,-1.241575159,2.58625254,-0.766453127,-1.219948715,-1.961617911
1999,0,23255610,-0.296299608,-2.241779108,0.205690606,-0.403251413,2.86979103,0.377118184,-0.665858314,-0.344178636,-0.049691008,-1.221309637
1999,0,23257210,0.858591596,0.227564258,0.014791549,-0.164466774,-0.794785803,0.510024546,0.132184561,0.247690901,0.497909547,1.318220892
1999,0,23267450,1.777806232,-2.241779108,-2.064231759,0.639100235,-1.214540883,-0.406617904,1.394438824,-2.208174586,-1.392596946,0.131815861
1999,0,23280610,0.244774789,0.500610471,0.332810525,0.122886823,-0.664536305,-0.471709262,0.153847091,0.653249411,0.95911139,1.797196668
1999,0,23282010,-0.518888932,0.677125016,0.51889765,-0.380600991,-0.470656197,0.563930979,-0.600044476,0.570203211,1.234364562,1.211928446
1984,1,23282710,-1.331863594,-2.241779108,-1.908666144,-0.08987487,0.230800641,0.608128985,-0.910410275,-1.834637873,-1.396639521,-1.122085884
1999,0,23282830,-0.39935855,-2.241779108,-2.064231759,-0.340846119,-1.14198519,0.928750543,-0.652438437,-2.208174586,-1.541370174,-0.969824759
1999,0,23283B20,-3.315654039,-2.241779108,-2.064231759,5.7076366,-1.343237327,3.897883103,-1.054831551,-2.208174586,-2.763557265,-0.122157563
1999,0,23286010,-0.287760158,0.617297848,0.346711317,-0.232765096,-0.752208674,-0.421931931,-0.103293256,0.624835741,0.004596742,0.348130962
1999,0,23294210,-0.197711898,-0.215910112,-0.048295694,0.223590814,-0.840102139,0.544701578,-0.310441102,0.238920686,-1.100580571,-0.028432662
1999,0,23294710,-0.753332206,0.119170509,0.2431392,-0.298167277,-1.146467565,-0.282621266,-0.789287499,0.281231838,-0.012160699,0.638289037
1999,0,23296910,1.333973949,0.193494066,-0.373179614,4.20365386,-0.858495912,-1.246180454,2.263588931,-0.057231111,-0.432089917,0.828709863
1999,0,23297510,-0.637690668,-0.259424169,0.064443197,-0.330177683,0.433801064,0.073397923,-0.74311886,0.210567804,-0.018837984,-0.298000505
1999,0,23306520,-0.83031342,-0.843514619,-0.559298494,-0.084244685,-0.129408869,-0.684748436,-0.836973876,-0.246635974,-0.767208141,-0.682131845
1999,0,23321U10,0.512167033,0.435400311,1.011200094,-0.386668569,-0.59630374,0.241854167,-0.416524284,0.244032017,-0.227094154,-0.486774691
1999,0,23323G10,0.119874001,0.088559548,0.065580524,-0.234599877,0.572122795,0.516020767,-0.538065178,0.266037861,-0.425369146,-0.38482682
1999,0,23326910,0.360491083,-1.180836044,1.117243777,1.774433479,0.822653648,-0.607814833,-0.034386762,1.314309117,-0.327951531,0.415397463
1999,0,23326R10,-0.652146586,-2.241779108,-1.29068291,0.169052609,-0.058294166,-0.064494309,-0.74355847,-1.270466366,-0.100588885,0.508499614
1999,0,23329310,-0.82543569,0.442135048,0.436072928,-0.371190554,-1.030448012,0.403337424,-0.857082865,0.427075368,1.213147077,1.656056996
1999,0,23330F10,0.213021186,-0.83807597,-0.335857894,-0.313202936,0.54827019,0.014281992,-0.486316777,-0.187958117,-0.407978985,-0.706819726
1999,0,23330X10,-0.532468424,0.294723321,0.407843969,-0.405355633,0.005560978,0.696410852,-0.696800454,0.203967783,0.725585018,0.173354789
1999,0,23332610,-0.500265547,0.904424699,0.399553552,-0.068406606,-0.793917667,-0.485257849,-0.452107823,0.50707443,1.170810139,1.929015374
1999,0,23332B10,1.806972244,0.667024452,0.235104074,3.005680243,-0.95993911,-1.292881761,2.876476871,1.863141811,0.077927025,1.304278403
1999,0,23333110,-0.824099974,0.397568423,0.30319819,-0.394693679,-0.945008782,0.471862585,-0.873545416,0.374028674,1.713378102,1.907448874
1999,0,23333J10,-0.021716948,0.412016518,0.15457249,-0.408374783,-0.283492375,0.242278806,-0.195490559,0.089565283,0.773797448,0.176606297
1999,0,23335W10,1.596456624,0.888214533,0.852979279,0.127015545,-0.222436777,-1.059269358,1.59532562,0.891272567,0.070581486,0.275737861
1999,0,23337740,0.555354879,0.479046533,0.005753211,-0.418994383,1.375154043,0.791925096,-0.000430464,0.104517474,0.417267017,-0.815755282
1999,0,23379840,-2.137514946,-0.014851661,-0.06247122,-0.419444677,0.378210079,1.255624876,-1.100890478,0.03606567,2.179175451,1.648430506
1999,0,23386030,-0.776313742,0.036017712,0.064355463,-0.424968476,1.569784474,1.345752915,-0.792263381,0.036488408,0.857688045,-0.606741581
1999,0,23391210,-0.131121161,1.015646854,1.656686715,-0.143724719,-0.05563138,-0.361475896,-0.53513091,0.559762928,-0.21132363,-0.037799719
1983,1,23423020,-1.008449955,-0.110042523,-0.374121788,-0.412634689,-1.363863457,-0.407864891,-1.209066043,-0.187875069,-2.034548666,-1.359728101
1999,0,23426410,0.170490438,0.694958155,0.714584658,-0.286175363,0.550031503,-0.089917188,-0.382037312,0.6826905,0.2676907,0.112284206
1981,1,23426810,-1.256121852,-0.577088164,-1.65691256,-0.411014346,-0.401578623,2.50671369,-0.988473441,-1.320246355,0.006110473,-0.337152402
1999,0,23437P20,-4.18038764,-2.241779108,-1.934968931,-0.42298703,-1.139176748,1.877169554,-1.233402895,-2.208174586,-1.388176274,-1.789249551
1999,0,23490210,-0.156493951,0.547523725,-0.197884283,-0.077647431,-0.507310912,-0.47695504,-0.46288324,0.05295103,-0.199108363,0.210588343
1999,0,23549640,-4.382767927,-2.241779108,-2.064231759,-0.287815823,1.322918875,5.110424207,-1.215469723,-2.208174586,-0.51120726,-0.162953743
1990,1,23574610,-0.698515104,0.138400154,0.176430195,-0.425319096,-0.626699849,0.889740411,-0.724941806,0.108166576,0.492433115,-0.515504355
1989,1,23576610,-0.185826266,-2.241779108,-0.471701736,-0.414767194,-1.173419796,2.193757242,-0.531705698,-0.94956619,-0.570618314,-0.424793652
1999,0,23582520,-0.48333257,0.476386095,0.519962181,-0.390575399,-0.028353536,0.589263059,-0.655613,0.419615967,2.122555212,1.93533113
1999,0,23585110,-0.226612025,0.855000366,0.823867356,-0.097324371,-0.191195812,-0.275365865,-0.415225997,0.682045162,1.558266032,2.086907712
1999,0,23590410,-0.892742505,0.266730479,0.453776694,-0.36116354,-0.953476313,0.164557858,-0.92078276,0.377938691,-0.351018652,-0.168974685
1999,0,23590910,0.553051312,0.440485925,1.579282887,-0.028752544,1.58392164,-0.975491868,0.311669003,1.08431353,0.218570192,-0.060054552
1999,0,23627710,0.154488246,-0.029951766,0.286334112,-0.411906149,0.315392079,0.738278712,-0.322571387,0.155972249,1.460036382,0.776999758
1985,1,23628010,-0.52945358,-2.241779108,-1.135283672,-0.371244649,-0.016795442,0.743130533,-0.709255024,-0.362112837,-1.394294061,-1.798363178
1999,0,23719410,-1.263546564,0.413906506,0.803459497,-0.295447576,0.747028459,-0.049443341,-1.049772098,0.706956743,1.616305903,1.56074334
1999,0,23726610,-0.832248333,0.004468896,-0.599696946,-0.417841265,0.100999,1.106165425,-0.842290089,-0.420204405,0.561147626,-0.280852398
1990,1,23741310,-4.382767927,-2.085917444,-1.324171135,-0.427117541,0.375591844,4.217268989,-1.228779163,-2.208174586,0.367611638,-1.031614051
1999,0,23750410,0.247923899,-0.09704464,0.367334969,-0.340589617,-0.613480088,0.335111925,-0.279438184,-0.823765986,0.186159041,0.328548578
1999,0,23754510,0.778437731,0.784700887,1.872453305,1.681177766,-0.389423984,-0.475977877,0.038532805,1.258756429,0.829020587,2.100138283
1980,1,23757010,0.209877049,0.510231252,0.845013171,-0.334639451,-0.501136713,0.128052655,-0.03730675,0.823129079,-0.207138936,-0.193406513
1999,0,23769010,0.984283532,0.135464481,-0.922611552,-0.321731655,-0.0938519,-0.398615768,0.103445382,0.038358059,-0.241934179,-0.503752414
1999,0,23791720,0.305374893,-1.288521925,-1.278032833,-0.344540933,0.702601503,-0.177543697,-0.415855136,-1.603650681,-0.332146444,-0.849973692
1999,0,23793410,0.559399223,0.240423862,1.175105297,0.084039352,1.734502246,-0.083214049,-0.310840959,1.262805184,0.245387912,0.442061756
1999,0,23793510,0.960346184,0.074175431,-0.439358023,-0.359937566,-1.290003724,-0.166731393,-0.079959935,-0.89068196,-1.466114953,-0.809407553
1999,0,23805U10,0.308039963,0.632856241,0.772682692,-0.348300229,0.649553532,-0.358102865,-0.278173811,0.673839645,0.190107239,-0.333067237
1990,1,23809510,-0.434979338,-0.34244671,-0.090252854,-0.409258002,3.705488898,0.616005143,-0.708489085,-0.150378572,0.053802214,-1.247746182
1999,0,23810820,1.071883215,0.884154499,1.857185547,0.406899146,1.699880474,-0.61010971,0.175398379,1.405482356,0.219206379,0.448249095
1999,0,23811310,0.749474675,1.363847314,0.572833894,0.146543055,-0.248683458,-0.996774101,0.810048299,0.639727729,0.576974085,0.914651381
1999,0,23813410,2.023422271,-0.925455019,-1.791799984,0.226456847,-1.042018803,-1.438304912,2.876476871,2.000564954,-0.943688684,-0.734254911
1984,1,23813610,-0.876833216,-0.705154306,-1.670813038,-0.401365998,1.125859086,1.259367525,-0.802377231,-2.032974003,-0.537087999,-1.340137055
1999,0,23918K10,-2.379562513,0.037270381,0.058290609,-0.409443467,-0.583781811,0.925348666,-1.09831385,-0.357751143,1.243480225,0.960387649
1999,0,23935910,0.55846592,0.663384885,-1.370474598,1.344008709,-0.933569055,-1.505889267,2.876476871,-0.576297304,-0.378091578,-0.068989915
1999,0,23946710,1.842966229,1.278698119,-0.632727605,0.241424302,-1.363863457,-1.061424323,1.513755397,0.097182875,-1.915442047,0.038644822
1985,1,23955010,-1.607572179,-1.435285292,-2.064231759,-0.277946291,-0.822896778,0.097494785,-1.037009817,-2.208174586,-1.448911578,-1.181874706
1999,0,24002830,-0.164869145,0.381457218,0.723410039,-0.397095806,-0.070227495,0.46832068,-0.24220938,0.454737089,0.648340471,0.194019431
1999,0,24237010,-0.553440311,0.322592759,0.544113539,-0.391148909,0.529730845,0.608336837,-0.60363249,0.387577348,1.692192504,1.297498061
1999,0,24345410,-0.20511519,-2.241779108,-2.064231759,-0.339047501,-0.433665728,3.021252753,-0.653833678,-2.208174586,-1.375202512,-1.121946791
1999,0,24353710,0.944677235,0.892083522,0.51977938,-0.33751462,0.310828605,-0.927641362,1.162050781,0.374229613,0.221069071,-0.427683207
1999,0,24363120,0.239236429,1.485390003,1.093099262,-0.279702125,1.367699238,-0.589230298,-0.102887091,0.892881944,-0.070639648,-0.578462319
1980,1,24364410,0.219356225,0.596967265,-1.030001115,-0.405136355,1.959708551,0.563315962,-0.320435656,-0.58397499,-0.239339186,-1.31952706
1999,0,24366610,-0.193268081,0.317610193,0.463247883,-0.393959712,-0.108660002,0.357685346,-0.57445984,0.380990849,-0.274753525,-0.809809082
1999,0,24379810,0.468743371,0.539199692,0.293551545,-0.406423623,-0.339588613,0.275212399,0.411352427,0.246551135,-0.401217118,-1.069334693
1999,0,24419610,1.258570384,-2.241779108,-2.064231759,6.6953604,-1.027571436,-0.89321373,0.588081501,-2.208174586,-1.869887252,-0.016743863
1999,0,24469910,-0.304891624,-1.021004146,-2.064231759,-0.248710285,-0.715964451,-1.012769813,-0.314028792,-2.208174586,-0.295514227,-0.35037089
1999,0,24478T10,0.052675827,-0.223459812,-0.21110169,-0.404385988,1.988527075,0.346924767,-0.57348361,-1.143774904,0.225948654,-0.835575248
1999,0,24507310,1.078668561,0.514356771,0.589750797,-0.199081371,-0.46366623,-0.975735106,1.037869101,0.63892043,0.031697285,0.006440286
1999,0,24522P10,-0.053924878,-0.910444252,0.823319251,-0.372852949,0.575354751,1.861709813,-0.465939175,0.221073945,1.25951448,1.171589589
1999,0,24691110,1.162409114,-0.150366225,-1.512485894,3.821430503,-1.06328244,-1.490471424,2.876476871,-0.946117199,-0.368012818,0.621502389
1999,0,24699X93,-0.42676341,0.753363272,0.808833322,-0.340764739,1.721781544,0.149100059,-0.616766295,0.614361449,2.043772805,1.742321829
1999,0,24699Y94,0.248559476,0.133810968,0.575226089,-0.405193359,0.000553549,0.938921301,-0.100733573,0.354218438,1.078639502,0.617190284
1999,0,24702R10,-0.049468439,0.382488868,1.25497106,0.610470013,1.115280723,0.025662717,-0.528139269,1.074135456,2.179175451,2.4845845
1999,0,24712610,-0.208546373,0.181880388,0.42808028,-0.392189548,0.422332686,0.910893888,-0.540182241,0.50479233,2.179175451,2.199205008
1999,0,24712X10,1.726768704,0.055841144,-0.828857926,-0.124360315,-0.144460428,-1.060970457,1.409184157,-0.405980671,-0.410335823,-0.55920726
1999,0,24734R10,0.335692406,-2.241779108,-0.523138957,-0.123359278,-0.023516852,-1.102492864,0.255683387,-0.45640173,-0.318421892,-0.530335061
1999,0,24736170,-1.26346371,0.426280123,0.572293576,-0.386577106,-0.372545834,0.584675673,-1.037789557,0.554522477,2.163429035,2.153436018
1988,1,24760410,-0.822055081,-1.878233861,-0.46828318,-0.416031878,0.319465277,1.141963096,-0.791852707,-0.103325267,-0.512584992,-1.476683393
1999,0,24763710,-0.096055916,0.494716977,0.694384582,-0.262716222,0.159731311,-0.230439282,-0.50900155,0.722975006,0.687079663,0.706409185
1999,0,24774810,-1.024376287,0.106953138,0.304994788,-0.39651899,-0.972267118,0.591811933,-1.089512138,0.247219573,-0.192199793,-0.195703523
1987,1,24783610,-1.671418427,-0.883336628,-1.235834924,-0.409919982,-0.644380176,0.691835648,-1.034667738,-1.303344665,-0.077005986,-0.535619727
1999,0,24783N10,1.355911826,-0.473537812,-1.940932336,1.529699716,-1.281195043,-1.036737784,1.019999854,-1.643266184,-0.688802861,1.093909609
1999,0,24784L10,0.910044952,1.156204338,2.142463254,0.527694384,0.402728989,-0.876704287,0.325778572,1.935531586,0.177461249,0.568580444
1999,0,24785010,-0.507861841,0.871501435,0.491419634,-0.177262339,-0.873547584,-0.856089888,1.458075853,0.374541873,0.270451819,0.652150587
1999,0,24790720,-0.831001984,-2.241779108,-2.064231759,0.245997742,-1.324349596,-1.210636585,-1.020591495,-1.625676718,-1.872719322,-0.604534375
1999,0,24790920,0.522586482,-0.007678923,0.008867929,-0.390876997,0.149492185,0.319980211,0.312726866,-0.597290741,0.817040036,0.358120481
1999,0,24791620,-0.678764625,-1.635350548,0.317013892,-0.360159451,-1.014008346,0.565877649,-0.666481374,0.235690717,0.10374169,0.504294451
1999,0,24801910,-0.701695535,0.725459479,1.806854871,-0.207515681,0.503773661,0.155621236,-0.759870017,1.465670345,1.296104531,1.533705321
1999,0,24835610,0.068134004,-0.463884715,-2.064231759,-0.397425959,-1.033155106,-0.023994429,1.127979418,-2.208174586,-0.441110246,-0.559232346
1999,0,24869P10,-1.26013775,-0.54518575,-0.689846651,-0.427117541,-0.152924473,1.751244408,-0.970633651,-1.602782218,1.281309449,0.05147088
1989,1,24871640,0.736710801,-2.241779108,-2.012716045,-0.351430761,-0.035717328,-0.166701422,0.01388188,-1.800257173,-1.289371341,-1.761142117
1981,1,24873610,-0.69864812,-0.147660977,-2.064231759,-0.40094222,2.856420352,1.277244758,-0.769316043,-2.208174586,-0.516956409,-1.541397733
1986,1,24890010,-2.384099525,-2.241779108,-2.064231759,-0.346802567,0.327963136,5.110424207,-1.163985424,-2.208174586,-1.603980896,-1.481167518
1999,0,24890310,1.006351068,0.615039337,0.965014993,-0.257739568,0.228296458,-0.813975846,0.299447205,0.750858402,-0.206968632,-0.541541427
1999,0,24903010,-0.229314087,0.847084186,0.957424091,-0.221863677,-0.284883718,-0.237244474,-0.36850778,0.805408352,1.023968029,1.329532206
1981,1,24942710,-1.2910584,0.154276249,-0.152410645,-0.354488213,-1.171239213,-0.332117606,-1.233402895,-0.010311445,-1.772760472,-1.546588646
1999,0,24982720,0.381795323,-1.857348252,-2.064231759,-0.382551623,0.294932847,0.06019222,-0.260685152,-2.208174586,-0.726247963,-1.387846273
1999,0,24990610,1.434654481,-1.294570095,-1.999749264,5.135293094,-0.870007806,-1.158643245,1.556007404,-1.554283982,-0.144053833,1.334883431
1999,0,24990810,0.520660506,-0.310603585,-1.842195627,-0.239600257,-1.363863457,0.184863443,-0.418004448,-2.208174586,-2.49894323,-0.210120789
1999,0,25030910,-0.514310308,0.191478511,0.476107795,-0.373627847,-0.491798655,-0.217574089,-0.618299936,0.510536811,1.450163782,1.326334485
1999,0,25063910,1.25502465,0.819464177,0.817060541,0.087298739,-0.418645083,-1.201603731,1.585410264,1.061644814,-0.01177025,0.104216744
1999,0,25158810,-0.499943411,0.697372409,-0.45317665,-0.390255472,-0.435901694,-0.071642358,-0.646684039,-0.152826109,0.031773053,-0.399613962
1999,0,25179M10,-0.615321444,0.034430943,0.137592932,-0.359457019,-1.199927547,0.101208824,-0.343167449,0.25011426,0.975089974,1.693121711
1999,0,25189310,-0.686897332,0.878578639,1.419404059,0.746609675,0.442740587,-0.618218841,-0.743530067,1.098664479,0.752926702,1.426126831
1999,0,25191210,0.345679167,-2.241779108,-2.064231759,-0.275335117,-1.363863457,-0.008694205,1.426746221,-2.208174586,-2.668419686,-0.735283568
1999,0,25206310,0.59628325,-0.174284094,1.148445791,-0.405529625,0.313139604,0.729252807,-0.149153032,0.75643649,-0.786789013,-1.605438086
1988,1,25214710,-1.214400607,-0.083509707,-0.573702792,-0.423985277,0.098152088,1.399472409,-0.870574118,-0.81741944,-0.827533613,-2.099918909
1999,0,25243Q20,-0.920997189,0.309733877,0.598439289,-0.300434852,-0.559026751,0.580026286,-0.83961432,0.497201089,2.179175451,2.4845845
1999,0,25250M20,1.859283274,-2.049004339,-2.064231759,-0.191495532,-1.314168527,-1.190209123,2.243808872,1.206217666,-2.273629424,-1.568873062
1999,0,25252910,0.572223378,0.22314824,-0.295894068,-0.389858326,0.231361285,-0.114513766,0.16003926,0.010208522,-0.053170257,-0.740004269
1985,1,25256110,-1.249093296,-0.213645152,-0.746168445,-0.383999677,-0.513372068,0.009370335,-1.11159256,-0.507391232,-1.779443014,-2.213994822
1999,0,25269L10,1.624969362,0.352627515,0.475202634,2.843006262,-0.761098025,-1.241053136,2.356403417,0.544721032,0.307083968,1.431815005
1999,0,25271C10,0.122263395,0.527305984,0.372482644,-0.109408574,-1.032984446,-0.663255218,2.012445288,0.499469959,1.019244357,1.863142203
1999,0,25278S10,-1.069918594,-1.263095361,-0.831320168,-0.328521943,-0.820164455,0.071414485,-0.93763711,-0.237893936,-0.801385314,-0.645411929
1999,0,25283110,-0.475401646,-2.241779108,-1.154565003,-0.3767781,0.673374149,5.110424207,-0.685654088,-1.848708183,-1.394294061,-1.531082509
1999,0,25283810,1.669816121,-2.241779108,-2.064231759,6.6953604,-1.002497957,-1.438285872,2.876476871,-2.208174586,-1.850609729,-0.311274391
1999,0,25365110,-0.089815751,1.032650982,0.770267293,-0.189499002,-0.2816148,-0.56007779,-0.416091335,0.770192987,1.188806951,1.459222423
1983,1,25371620,-1.98042416,-1.087055765,-2.064231759,-0.102629672,0.697105489,-0.250202302,-1.226276813,-2.208174586,-0.951335551,-0.96887673
1999,0,25379810,0.346068612,0.88177942,0.147900779,-0.214984032,-0.136674684,-0.767753512,0.077345925,0.234594049,0.446222413,0.426872964
1999,0,25380710,2.023422271,-0.093387955,-0.388323933,6.6953604,-1.297199897,-1.49088038,2.876476871,-0.051181137,-0.87392152,1.02688954
1999,0,25383A10,-0.175428153,0.217849052,-0.342340108,-0.254359059,0.286153131,0.165914509,-0.561820911,0.271710317,0.665879015,0.780391441
1999,0,25385510,0.290995449,-1.644154436,0.63201196,5.996246662,0.049690585,-0.254081099,-0.390013705,0.93278734,-0.086598156,1.484828189
1999,0,25386210,0.799538244,-0.133908167,0.002988614,-0.35649594,0.17857916,-0.658555626,0.046608551,0.131027505,-0.558451609,-1.220958248
1994,1,25386730,-0.769818823,-2.241779108,-1.24883217,-0.327937405,0.271342595,0.714166386,-0.784451912,-2.147144795,-0.696591949,-0.863007433
1999,0,25387J10,-2.262947514,-1.689133544,-2.064231759,1.573957882,4.036249207,2.24908776,-0.983359929,-2.208174586,-0.327460918,0.322229696
1999,0,25387R50,-0.728286717,-2.241779108,-0.863729517,-0.118395866,1.593056343,0.552850358,-0.773442275,0.362526732,-0.01612594,0.101219796
1999,0,25388B10,0.314763056,-0.794294419,-2.064231759,2.746277558,-0.404228775,-1.128256733,0.288414619,-1.980493692,0.07068716,1.066437502
1999,0,2.54E+14,-0.418302316,-2.241779108,-2.064231759,0.771957963,-1.318488464,-0.182187186,-0.664453047,-2.208174586,-2.531254247,-0.576125488
1999,0,25389H10,-0.018506953,-0.992540711,-0.764215852,-0.415028482,0.582738169,1.154926341,-0.515466608,-0.740739271,-0.01958026,-0.955980599
1991,1,25390510,1.105350683,-2.241779108,-0.404328165,-0.414829027,-0.245591328,0.111637963,0.693395337,-2.208174586,-1.185221547,-2.213994822
1999,0,25392510,0.961204228,0.445647229,0.222637524,0.063782177,-0.220287415,-1.105953948,0.892121254,0.628665917,-0.180690762,-0.09813887
1999,0,25406710,0.314069975,0.687126791,0.312532264,-0.405896525,-0.10351959,0.347924532,0.902271674,0.251599186,1.965121202,1.515188959
1999,0,25442310,-0.736830913,0.649610313,0.746178277,-0.356043851,-0.785096045,0.110181186,-0.75884735,0.522701693,0.5830202,0.746980412
1999,0,25454310,0.07224923,0.813263304,0.596517991,-0.151762517,0.058745206,-0.321364247,-0.396834926,0.704338801,0.09228207,0.266528276
1999,0,25454610,0.01476577,0.705007676,2.061137317,0.719472824,-0.044152831,-0.557627475,-0.340868259,1.397022345,0.401671503,1.18648947
1999,0,25454710,1.293649476,-1.140828947,0.932917954,-0.335949964,-0.062448298,1.248727734,0.372535683,0.964869743,-1.372577422,-1.464343516
1999,0,25454P20,-1.81793894,-2.241779108,-2.064231759,0.866798927,-0.369103464,-0.068178978,-1.169723656,-1.376954127,-0.893750056,0.081341981
1999,0,25457C20,1.699957662,-2.241779108,-2.064231759,-0.024753285,-0.450179989,-1.05749474,1.372202988,-1.110480686,-0.370914687,-0.26099184
1999,0,25459L10,-0.537045161,0.157195063,-0.247071326,-0.021499047,-1.041192858,-0.571964252,-0.538141165,0.011614428,1.777668558,2.4845845
1999,0,25466810,1.135732802,-2.241779108,-2.064231759,0.715342548,-1.336378579,-0.613680264,0.179686141,-2.208174586,-2.32573685,-0.372568326
1985,1,25467420,-2.553448076,-1.324630931,-1.302934191,-0.414454516,-0.92655017,0.585129771,-1.185150159,1.053754749,-1.147660392,-1.653572178
1999,0,25468710,-0.563758983,0.608648826,0.27841325,-0.276384332,-0.772944347,-0.027988601,-0.60940805,0.311593419,2.179175451,2.4845845
1999,0,25470M10,-0.098188118,-0.593000981,-0.791375361,-0.063083772,-0.914098057,1.484400516,-0.320781864,-1.228049552,1.284487195,2.4845845
1999,0,25475310,-1.202789102,0.212428612,0.118016966,-0.252034856,0.248502506,0.240848139,-0.960626246,0.014103371,1.269499581,1.490249689
1985,1,25475510,0.065409023,0.308332153,0.34293427,-0.402981175,3.886850102,0.603806093,-0.542254652,0.284413691,0.115016402,-1.080083212
1991,1,25490610,-2.319060134,-1.013383727,-2.064231759,-0.426899774,1.20437146,2.289024658,-0.981039627,-2.208174586,-0.308345626,-1.943395986
1999,0,25500T10,1.348211189,0.167187923,2.142463254,6.6953604,-0.577703878,-1.408526972,2.876476871,1.314726668,0.246552512,1.624476849
1999,0,25515310,-0.150100669,0.275361204,0.546661013,-0.376989212,1.315339022,-0.313952795,-0.499717699,0.133503213,-0.062447562,-0.918320127
1992,1,25526410,-4.382767927,-2.241779108,-2.064231759,-0.416518293,3.589927731,5.110424207,-1.233402895,-2.208174586,-0.55935645,-1.130576467
1981,1,25528210,0.646876176,-0.820814223,-0.274778114,-0.381025507,-0.450387604,-0.428275598,-0.105229195,2.000564954,-0.968900075,-1.536153482
1989,1,25532R10,-0.904450691,0.285496118,-0.45686075,-0.417437748,1.096926842,0.867935206,-0.815912688,-0.016181666,-0.546046047,-1.774568059
1999,0,25537110,-1.574490504,-2.087030263,-2.064231759,-0.317702649,-0.167262056,0.270010535,-1.051080775,-2.208174586,-0.967448534,-1.080292136
1989,1,25537410,-3.090888127,-0.216433084,-0.591807253,-0.427117541,-0.896982863,1.545301723,-1.163625675,-1.311773579,0.137465075,-0.844185553
1999,0,25551910,-0.302417581,0.107693689,0.420839713,-0.408821458,0.29517563,0.522595635,-0.485952398,0.404724916,0.881089929,0.16147899
1984,1,25590310,-0.333789346,-1.242869588,-1.803343151,-0.204171602,-0.477537514,1.047405233,-0.338971637,-2.179908632,-0.774577282,-0.270610109
1999,0,25608A10,-0.547730548,0.507895142,0.255272324,-0.3166866,-0.128637551,-0.329041252,-0.684257179,0.297071109,0.18471533,0.030716954
1999,0,25613520,-0.07427869,0.762726796,0.566242768,1.847294662,-0.555963738,-0.524566944,-0.224824134,0.702697954,0.233458718,1.529602609
1999,0,25660510,-0.343829562,0.212112019,0.166273387,-0.406087804,0.509407513,0.858908161,-0.539578734,0.220694495,1.740331129,1.188254784
1999,0,25674610,0.488999926,0.996558359,1.740985355,0.49745647,0.996353289,-0.494093752,-0.014874672,1.254159697,1.16904669,1.720261071
1999,0,25690070,-0.030265041,0.604386224,0.598127263,-0.342016379,-0.357785131,-0.170464954,-0.086989789,0.609547009,1.551393983,1.58935259
1999,0,25705710,0.132677486,0.483750369,0.152438155,-0.381972344,-0.410483347,-0.086516751,0.212798567,0.326482159,0.815771407,0.545839892
1997,1,25719210,-0.704201893,-0.145843217,-0.466370386,-0.408381926,1.268754972,0.755255537,-0.76786268,-0.492092543,0.872871205,0.003699425
1999,0,25745510,0.732456717,-2.241779108,-2.064231759,0.451848279,-1.352532564,-1.053083021,1.236092255,-2.208174586,-2.432443157,-0.655632258
1999,0,25746U10,-0.893573304,0.236297378,0.308021798,-0.391796853,-1.027542256,0.519046434,-0.918265327,0.225193481,1.774784423,2.11442134
1999,0,25765110,0.228646567,0.391643642,0.93846506,-0.150421155,0.644475568,-0.080523485,-0.225097237,0.895539618,1.074642091,1.292005507
1999,0,25786710,-0.725301677,0.778150581,0.738423822,-0.357078244,0.143965281,0.53942296,-0.76658111,0.64340573,1.749839334,1.727477319
1999,0,25800620,0.778139263,0.018427377,-0.154647822,-0.420913283,0.5529583,0.183698739,0.847936493,-0.496306802,0.403521919,-0.88723294
1999,0,25804140,-0.420697279,0.644752849,0.53117171,-0.31233644,-0.574350128,0.091306951,-0.365403063,0.516532337,1.458217564,1.793183835
1999,0,25822C20,0.737876036,0.736928076,1.030052625,-0.224764969,0.742894299,-0.201159426,0.366394557,0.856568112,1.068268417,1.090505999
1999,0,25827810,0.905422476,0.441254841,-0.13188137,-0.409042538,0.046341955,0.332031253,0.784739636,-0.011467558,0.526090385,-0.210437915
1999,0,25848T10,1.081592148,-0.290094107,-0.177803326,-0.181845215,-0.022347202,-0.711893021,0.243775528,-0.461294871,0.270464587,0.282751265
1999,0,25856Y10,-0.339327794,0.38334975,0.533028889,-0.028753227,-0.047491077,0.086339383,-0.491587953,0.270932013,-0.588037201,-0.177623918
1999,0,25857020,-0.784224825,0.321770074,-0.407291752,0.511394758,-1.084084077,-1.094721067,-0.821957438,-0.097087939,-1.590154698,-0.773680569
1999,0,26000310,-0.531951082,1.277353202,0.847282708,-0.145454372,-0.160803737,-0.068531138,-0.669967745,1.599758406,1.689032544,2.216068229
1999,0,26014710,0.365871695,1.318380278,0.263307961,-0.297191655,0.558601628,-0.712435145,0.001099665,0.367321082,0.303220669,-0.116330384
1999,0,26017410,-0.875878491,0.593666038,1.055555651,0.065053438,-0.456903146,-0.630698395,-0.925499079,0.810858716,0.47473093,1.026954533
1999,0,26054310,-0.425440451,1.020001801,0.378776825,-0.310850293,-0.536924166,0.328850779,-0.566704744,0.459749337,2.179175451,2.4845845
1999,0,26056110,-1.004822907,1.037430503,1.539193893,-0.025030412,0.101801017,0.336062337,-0.888412099,1.2904526,1.372621174,2.034541541
1999,0,26143X10,0.867689597,-0.212057817,-1.345477825,0.349852345,-1.312914849,-1.020583438,0.554129929,-0.985946452,-1.645394476,-0.201738992
1999,0,26144N20,-1.209347452,0.244710969,0.594835946,-0.361704241,-1.100317049,0.434516536,-1.109226722,0.492321831,-0.759973468,-0.380504252
1999,0,26152H30,-0.805856889,-0.211129103,-0.520277098,-0.316106824,-0.247614428,-0.562357678,-0.826968386,-0.168394401,0.411742438,0.243265687
1999,0,26157010,0.659965916,1.485390003,0.620477908,-0.242865032,0.539420818,-0.695114836,-0.024038607,0.720310823,0.905315108,0.722560123
1999,0,26168L20,-0.150229252,0.844773011,1.190557601,-0.338502947,0.97564411,-0.208114521,-0.17916546,0.842558384,0.651142649,0.216816718
1986,1,26174810,-0.222779263,0.87022244,0.207199299,-0.394994226,0.9787201,-0.080997382,-0.544516096,0.243425381,-0.331679764,-1.271821099
1999,0,26198320,0.633757607,-2.241779108,0.920843119,0.029541453,0.248086103,0.241652972,0.309572613,0.778605213,-0.612836547,-0.195523854
1981,1,26202110,1.340290387,1.214431236,-0.133469157,-0.364355313,1.096936153,-0.910928831,1.694737062,0.178829899,-0.97035695,-2.072315407
1999,0,26203710,0.720638066,0.984203769,0.474108666,0.834461888,-0.39281773,-1.164641336,0.944166958,0.547964297,0.361732264,0.944442598
1999,0,26223T10,0.328629474,0.548946208,0.016409389,5.18222467,-1.207987578,-1.505889267,2.876476871,0.282002188,-0.696665129,0.12205532
1999,0,26224110,0.122013879,-0.469605635,-2.064231759,1.838925575,-1.28014594,-1.274963556,0.5408325,-1.817950306,-0.233482162,1.432881853
1999,0,26243210,1.419775546,0.529070529,0.915405197,-0.205408885,1.337925067,-0.130809264,0.531738627,0.767611783,-0.485084488,-0.69652822
1999,0,26250N10,0.192459199,0.667859731,0.337569962,-0.246998141,0.197554214,0.326214325,-0.328817031,1.092973068,1.811310471,2.143096653
1999,0,26353410,-0.634931185,0.613942345,0.523455054,-0.267156804,-0.624035478,0.438004889,-0.711858376,1.360408543,2.179175451,2.4845845
1999,0,26357210,-0.4291636,-0.256530793,-0.067576526,-0.335237553,1.339659444,0.914192079,-0.708122415,0.341247369,0.154217045,-0.128561063
1999,0,26406610,-0.318584867,0.166480442,0.330741129,-0.307536965,-0.39370453,0.292481144,-0.553093211,0.283406562,0.613300749,0.824573087
1999,0,26414210,0.983001091,0.498892288,0.349177332,-0.40280277,1.039382697,-0.108195348,0.388280443,0.358103407,0.71432296,-0.231978707
1999,0,26414710,-0.070028103,0.749265201,0.880388985,-0.30509494,-0.213057047,-0.455527,-0.143799414,0.741130703,0.334677588,0.227167454
1999,0,26441C10,-0.718926049,0.34978788,0.172083381,-0.378208916,-0.642650656,0.483418049,-0.751841776,0.412926195,2.179175451,2.4845845
1999,0,2.65E+14,-1.881647701,-0.195193032,1.623881616,-0.26829686,-0.128961354,1.643465028,-1.010032782,1.061755868,1.366627294,1.922421721
1999,0,26590210,0.682400645,1.250993604,1.069420049,0.205710817,-0.095811497,-0.738676465,0.325500181,0.970518705,1.412103488,1.989579599
1999,0,26590310,-0.532967281,0.186505424,0.326015,-0.420269868,-0.360313634,0.905063419,-0.643314187,0.226388325,1.410116292,0.702657045
1999,0,26747510,0.611941266,0.425832795,0.844751846,0.385159579,0.005112573,-0.847307671,0.299654342,0.740984498,0.798191073,1.321032162
1999,0,26772040,-0.443053554,0.295977948,-0.218902024,-0.403113926,2.530685122,0.024289638,-0.670165757,-0.651694292,1.128595274,0.050713998
1999,0,26779V10,-0.542282838,0.741228857,1.517390235,-0.131967123,0.102266657,-0.505827755,-0.668795374,1.249072958,-0.447812485,-0.388548911
1993,1,26784510,-0.150483186,0.50089318,0.308818433,-0.408661907,0.623728893,0.666701675,-0.647015714,0.211663815,-0.299579573,-1.207454248
1999,0,26784F10,-0.467952697,-0.02800742,0.102834374,-0.398838317,0.701596385,-0.00250328,-0.511841133,-0.222971911,0.530988281,-0.280234862
1999,0,26788810,-1.925645378,0.283113595,-0.470647146,-0.419141722,-0.283024099,0.422820051,-1.066421062,-0.481506106,-0.30452999,-1.294523519
1999,0,26791210,0.81520974,0.859126356,0.424578691,-0.327286649,0.706060859,-0.367043877,-0.153050741,0.417298842,-0.757534061,-1.307628659
1999,0,26792410,-0.688899213,-2.241779108,-2.064231759,0.141489293,-0.762510056,-0.43798149,-0.753494965,-2.208174586,-1.549776596,-0.918323508
1999,0,26792910,-0.298678039,0.342133649,-0.197775491,-0.371264176,1.364067997,0.399246981,-0.654987129,0.038665017,-0.36982199,-1.031930514
1999,0,26793410,0.136054055,0.180688016,-0.036387742,-0.382474915,-0.217372233,-0.210873874,-0.318632084,-0.044000782,0.259221111,-0.199872283
1999,0,26805710,-0.334242988,0.017561793,-0.97620987,-0.351128139,1.507313318,0.474274521,-0.678265882,-0.545942577,0.442341168,0.001502993
1999,0,26810210,0.259856928,0.783830646,-0.420943007,-0.349684382,-0.497067331,0.189103593,0.73730068,-0.464277375,-1.232187832,-1.403831398
1992,1,26812710,1.166013864,0.242129528,-0.365294237,-0.301824566,0.964476597,-0.813995712,0.407318109,-0.102493944,0.119712625,-0.474308128
1999,0,26814510,1.479272263,-2.14094461,0.054476115,-0.225701627,0.505945667,-0.87815207,0.707756321,0.451797412,-1.381533386,-1.887959058
1999,0,26815710,0.239773761,0.674300246,0.579140366,-0.339125825,-0.075058077,-0.034680912,-0.24869412,0.457293198,-0.543178263,-0.809656068
1985,1,26816310,0.367060363,0.627055165,0.575904177,-0.355368423,0.466875567,-0.033356863,-0.206447571,0.53550297,0.488111531,0.103601647
1999,0,26817G10,-0.615941458,0.195054253,0.030514483,-0.382839538,1.299006143,0.830168064,-0.723278436,0.268727176,2.179175451,1.82391817
1999,0,26818030,0.299382224,-0.477868836,-1.319335719,0.922537292,-1.275818234,-1.089009159,0.201978779,0.520770124,-1.476702369,-0.017539225
1999,0,26824A10,-1.007786702,0.103629963,-0.096376665,-0.423515509,0.052998569,0.614356667,-1.100665515,-0.310461653,-0.189818108,-1.472614413
1984,1,26825P10,-4.382767927,-2.241779108,-2.064231759,-0.326706278,0.346658712,5.110424207,-1.169560852,-2.208174586,-1.161007512,-0.916079238
1999,0,26831110,0.132343192,0.00910107,-1.549445443,-0.397138687,-0.760383218,0.143751335,-0.40657586,-1.01684835,-0.453241219,-0.7822269
1999,0,26835310,-0.863725887,0.508955378,0.255634573,-0.341762111,-1.126058613,0.088821858,-0.990161987,0.362605244,1.544012823,2.273416045
1999,0,26841Y10,1.254877433,-2.241779108,-2.064231759,6.6953604,-1.234099397,-0.587521765,0.18331365,-2.208174586,-1.924244363,1.337698396
1989,1,26842010,-2.802106287,-0.932487743,-1.541351836,-0.401033141,-0.280713206,2.44670359,-1.06838516,-2.208174586,-0.367837144,-0.626784134
1999,0,26843B10,0.26028184,-0.714917476,-0.675479579,-0.36055641,-0.670940548,-0.323004116,-0.3031498,-0.180454858,-0.063365119,-0.209983723
1999,0,26846510,1.833452362,-2.241779108,-2.064231759,6.6953604,-1.246767795,-1.356270122,2.876476871,-2.208174586,-2.495510412,-0.169842039
1999,0,26861320,-0.019366669,-2.241779108,0.5272269,-0.292749388,-0.066826499,-0.736288312,0.190657873,1.610681809,0.200580776,-0.055510793
1999,0,26861V10,-0.382028508,0.629546919,0.952335419,-0.336080601,1.265355792,0.119519259,-0.669250869,0.754336474,0.509628386,0.110914674
1999,0,26864810,0.562990727,0.911916295,1.187450412,2.881364984,-0.319308837,-0.673007696,0.311660788,1.045368711,1.852518609,2.4845845
1999,0,26869R10,-0.154988078,0.459869804,0.796864101,-0.375635565,3.128115598,0.368474355,-0.628024875,0.651544464,0.376663735,-0.457769252
1999,0,26873N10,0.112851222,0.749364296,0.151397312,-0.355560571,0.029893093,-0.221388358,-0.238208335,0.279127779,0.535566437,0.219565029
1999,0,2.69E+14,-2.37530265,-1.117750439,-0.214596108,-0.425940668,-0.202217865,0.190081427,-1.233402895,-0.147860599,0.7091259,-0.678707643
1999,0,26874Q10,-0.522939155,0.586949734,-0.178557279,-0.14752786,-1.17160675,-0.506574597,-0.24441246,0.13742062,0.696414649,1.739061112
1999,0,26874R10,-0.62570026,0.657616979,0.610020919,-0.322733868,-0.596160296,0.133841138,-0.717921126,0.52344605,2.179175451,2.4845845
1999,0,26875P10,-0.769642972,0.726359699,-0.105377286,-0.338544738,-1.031841621,0.117955528,-0.821203512,1.554494051,1.010022851,1.558966049
1999,0,26881P10,0.875584256,-2.241779108,-2.064231759,0.845620364,-0.107394807,-0.774212301,0.373547764,-2.080689217,-0.695970466,-0.075227101
1999,0,26881Q30,1.143264593,-2.241779108,-2.064231759,0.632504112,-1.307453369,-0.401316458,0.354018232,-2.208174586,-1.588069743,0.278414142
1999,0,26882D10,-0.214154156,0.331934592,0.462163803,0.421631587,-0.739635289,-1.003604763,-0.12335487,0.491798093,-0.572486655,0.048841463
1989,1,26890810,-0.614846621,0.211736499,0.166081246,-0.415892056,1.555681241,1.189326891,-0.75328843,0.019288633,-0.248024566,-1.411210512
1999,0,26924610,-0.485544728,0.186457241,-0.281116009,-0.308866047,-1.179481033,0.731980843,-0.722721152,0.023509248,0.953041582,1.998847504
1999,0,26926P30,1.314369407,-1.405166719,-2.064231759,6.6953604,-1.301636442,-1.458409211,2.876476871,-2.208174586,-1.753889361,0.15289249
1999,0,26927940,0.615510638,-0.090021277,-0.241775764,-0.118007972,-1.260512462,-1.006291139,0.344986452,0.719896466,-0.975129108,-0.10407001
1999,0,26928210,1.005978304,0.937180745,1.05977455,-0.251505113,-0.076863281,-0.462680195,0.513522861,0.992783675,-0.431320856,-0.52359218
1999,0,26943720,-0.230302723,0.407411628,-0.476915895,0.450674302,-1.136540539,-1.199558198,-0.166474689,0.222553315,-1.3257437,-0.51868427
1999,0,26951420,-1.612445757,-0.073745421,0.000359455,-0.426792468,2.677993464,1.187170399,-0.983063981,-0.050814192,1.069846814,-0.732832611
1999,0,26969P10,0.105827063,1.389763826,2.142463254,-0.106637841,-0.300486069,-0.939418439,0.051983624,1.746323973,0.751078048,0.912567103
1999,0,26980310,-0.335055964,0.016742656,0.186798504,-0.427117541,-0.151147592,0.909314339,-0.500972803,-0.022878667,1.061458192,-2.213994822
1999,0,26990010,-2.401562188,-1.119852526,-1.974067564,-0.424829592,0.351912522,2.138228655,-1.005487044,-2.208174586,0.212635635,-0.975484044
1999,0,27031N10,-0.643514546,-0.295731492,-0.323382915,-0.31521186,-0.749674737,0.64503,-0.626319307,-1.322245159,-0.161237456,0.202542401
1999,0,27032110,0.716769074,0.016076619,-0.864217028,-0.0009112,-0.859927514,-0.534093214,1.52531985,-0.255629999,0.655626427,1.461864401
1986,1,27619100,-0.788347851,0.121303869,-0.095285316,-0.418957559,-0.297762669,0.988162893,-0.80185625,-0.072340123,1.685015026,1.054212115
1999,0,27631710,0.701879117,1.141565097,1.068738195,-0.258226934,0.161269229,-0.421682779,1.009383881,0.901559308,0.068717002,-0.039986163
1999,0,27743210,-0.80804637,0.684544525,0.109290614,-0.376946644,-0.554917751,0.589502065,-0.81658255,0.165341817,1.701633231,1.814942506
1999,0,27746110,-0.820064213,0.949235004,0.961953558,-0.301430579,-0.269180349,0.589563076,-0.807372846,0.754735641,2.14630029,2.4845845
1999,0,27785810,0.786023539,-2.241779108,-2.064231759,0.725976871,-1.361724961,-0.926674877,0.664027365,-2.208174586,-2.535012456,-0.379972113
1999,0,27805810,-0.696625135,0.447386404,0.392603561,-0.370143788,-0.251726838,0.49145247,-0.751840001,0.59797733,1.941345858,1.977754046
1999,0,27826510,-0.373856219,1.060524028,1.27708929,0.046295998,-0.276371683,-0.218617416,-0.334526837,0.406274207,0.679999763,1.314350342
1999,0,27864210,0.490547937,0.180262765,-0.168130557,6.6953604,-1.115803477,-1.268736538,1.399065483,0.189231227,0.505522939,2.468747476
1999,0,27864810,-1.37412959,-2.066725393,-2.064231759,0.083484423,-0.979398136,-0.118849623,-1.098642127,-2.208174586,-1.209140875,-0.286673999
1999,0,27871520,-0.51287819,-2.241779108,-2.064231759,0.319730599,-0.321317581,0.76227968,-0.725439981,-2.208174586,-0.639639588,0.291968898
1999,0,27871720,-0.261241693,-0.821388736,-2.064231759,0.157963315,3.042305513,0.610766406,-0.669779162,-2.208174586,-0.560107743,-0.390510597
1999,0,27874N10,1.705863737,-2.241779108,-0.959814382,5.790263751,-0.245458124,-1.100153438,1.552990937,-0.534650889,-0.181139183,1.040407728
1999,0,27876L10,-0.311468857,0.11447039,-0.409547012,-0.261353149,-1.363863457,-0.633641302,-0.558695741,0.102783389,-2.763557265,-0.929394138
1999,0,27885610,-0.22269519,-1.186683481,-0.254080711,0.163000402,0.011956546,-0.086232351,-0.587497766,-0.192293531,0.546714999,1.199351364
1999,0,27886510,-0.531051698,0.884881265,1.036908878,-0.031881784,0.105898213,-0.028825309,-0.659908676,0.846997305,1.387810395,1.951311084
1999,0,27887810,0.931298037,0.991883965,-0.183710921,-0.255541809,-0.017977537,-1.044544656,0.742806946,0.152522471,0.00348424,-0.375290085
1985,1,27890220,-1.303267356,0.24025568,-2.064231759,-0.406455352,0.756481622,0.341570338,-0.962197192,1.513467412,-0.407978985,-1.381622023
1999,0,27928510,-2.155322388,0.001892316,-0.241313618,-0.419313925,-0.053635346,1.028652712,-1.069349249,-0.483707845,-0.071788211,-1.010264083
1999,0,27965710,-1.173567751,-2.241779108,-2.064231759,0.206135228,0.810788364,0.715747163,-0.868657001,-2.208174586,-1.81712006,-1.430507029
1999,0,27976510,1.257950532,-0.290781423,-1.06975351,1.813738387,-1.222343871,-1.407951463,2.876476871,-0.61339551,-0.984017505,0.171895955
1999,0,27986210,-1.036688364,-0.290253493,-0.427532852,-0.299920229,-1.083247114,-0.894305017,-1.026394148,-0.327712142,-0.581524583,-0.381616678
1999,0,27990310,-0.911799794,0.103662106,0.272667864,-0.343206651,-1.100811767,-0.03639363,-1.018735942,0.438474431,-0.274362318,0.154876807
1999,0,28035810,-0.094914251,0.308647681,0.459639247,-0.393542872,0.638760669,0.144687895,0.139548936,0.406253658,1.17655176,0.564129749
1999,0,28102010,-1.117690354,0.270926688,0.134360769,-0.410806956,-1.077531136,0.971301849,-1.095832438,0.233348634,1.997075641,2.21112646
1999,0,28147910,1.230609515,1.143000704,0.762161812,-0.159502767,0.16710979,-0.785854214,0.396446213,0.692468371,-0.521564747,-0.661091584
1990,1,28190020,2.023422271,1.255499195,-1.098186842,-0.346222571,0.621960673,-1.330531389,2.876476871,2.000564954,-1.405505999,-2.213994822
1999,0,28225310,0.868230373,-1.907750742,0.653216266,0.48494424,0.726149701,-0.389718731,-0.002474388,0.682197477,-0.727590786,-0.316017508
1999,0,28225R30,0.21271773,0.078847699,0.294740779,-0.315719163,-0.307216212,-0.010382629,-0.441485769,0.493054499,0.654435702,0.726278644
1999,0,28248F10,0.775930435,0.477270121,0.396072413,-0.135361355,0.016579688,-0.60284937,-0.035664176,0.589885393,0.409420052,0.552068593
1999,0,28250610,-0.035450333,-0.430620283,-0.218848051,0.137166289,-0.090292906,-1.078374712,0.257016851,0.151424149,-0.649815149,-0.585900392
1999,0,28257U10,-0.641762098,-0.760274329,0.359955637,-0.383726718,-0.352531641,0.583519511,-0.699741897,0.478645613,-0.179557029,-0.450013319
1999,0,28291410,1.734405381,-1.434971547,-1.388015593,3.069324884,-0.900491226,-0.979238264,2.622249666,-2.208174586,-0.359119993,1.060361866
1999,0,28335P00,-0.77159047,0.461838907,0.202950101,-0.384348251,-0.765849113,0.555524744,-0.797587895,0.332902661,1.931561666,2.129874527
1999,0,28336L10,-0.900054159,0.239860019,-0.205083592,-0.383263794,-0.660271899,0.650974108,-0.889378376,0.023869491,2.032772109,2.202188081
1999,0,28367785,-0.711606133,0.278072415,0.462544488,-0.399960979,-0.982422817,0.65084093,-0.696879344,0.279435254,0.87488562,0.973549848
1988,1,28382910,-0.938478837,-2.106550299,-1.548449436,-0.404658548,-0.144377578,1.882758718,-0.992672186,-2.208174586,-0.682468028,-1.156301313
1999,0,28413120,-0.228697946,0.19250504,0.256353536,-0.171112708,-1.135656688,-0.318987638,0.123649105,0.589483712,1.100511611,2.150934854
1999,0,28443410,0.435141063,-0.909615793,-1.661354119,0.814281695,4.036249207,-0.023256972,-0.408547494,-2.208174586,0.811207978,1.223185188
1999,0,28468C20,-0.034567471,0.303213591,0.694546261,-0.25687667,0.452858573,0.203899828,-0.153225681,0.022834203,-0.978020218,-1.099154046
1988,1,28470510,-1.216591939,-0.005846769,-2.064231759,-0.419850888,2.478298236,1.363831489,-0.868845902,-1.440555264,0.063425641,-1.302802987
1999,0,28473M10,-0.164787595,-0.011858296,-0.485093987,-0.403007557,-0.594041148,0.551356589,-0.573760045,-0.284653502,-0.56433101,-1.007224931
1999,0,28485330,0.340576273,0.086494824,-1.137748225,-0.286282264,-0.428329355,-0.552720972,-0.097431663,-2.208174586,-0.679443266,-0.793804391
1999,0,28490210,-0.784805234,-2.241779108,0.042370085,-0.377566405,-0.850953281,-0.123134564,-0.822262714,0.389019081,0.131197301,0.076629493
1999,0,28522910,1.511194721,0.931245895,1.135148025,1.88837075,-0.148810887,-1.250070473,2.265458976,1.040245287,0.641832435,1.337611692
1999,0,28523310,0.742358386,1.473010428,-0.245265803,-0.155980053,-0.611676232,-1.27972435,2.372877057,0.097713863,-0.9525896,-1.222220473
1999,0,28532410,1.888911944,0.491992771,-0.161694365,0.90130646,-0.670035057,-1.246406592,2.876476871,0.297166464,0.278299444,0.933185065
1999,0,28535380,-0.397943379,0.380648869,-0.249023837,-0.414830023,-1.286376,0.803210896,-0.68788392,-0.874159028,-0.885416416,-0.628565885
1999,0,28551210,0.439607486,0.864231709,0.716938361,0.794457841,-0.030676859,-0.940654822,0.086474714,0.761678455,1.23646731,1.946967823
1999,0,28566110,-0.520871314,0.828604268,0.623803396,-0.159742961,0.296866458,0.210044625,-0.686023231,0.337013748,2.179175451,2.4845845
1999,0,28584810,2.023422271,1.134211089,-0.25774919,1.607857019,-0.771747924,-1.505889267,2.876476871,0.263834297,-1.556440418,-1.530836074
1983,1,28585710,1.110645135,1.43429401,0.784134926,0.587376013,0.69777518,-1.358532286,2.70718775,1.515821646,-0.952101443,-1.196551571
1999,0,28586110,0.360047932,0.738558936,-0.280410642,0.086013428,0.455769366,-1.189461539,0.490577334,0.02212714,-0.69706786,-0.938520079
1999,0,28608210,1.642932581,1.045089855,1.138149332,1.570607765,-0.394359816,-1.132957765,1.727822486,1.074109433,0.875082262,1.753003078
1996,1,28617210,-0.83316581,0.053687011,-0.504934439,-0.409569495,3.282113411,1.01955962,-0.794713955,-0.745673694,0.662042113,-0.461497322
1999,0,28618620,0.293209059,-2.241779108,-2.064231759,-0.025821734,-0.980071271,0.63361109,-0.459483821,2.000564954,-2.763557265,-2.213994822
1999,0,28659T20,0.704210791,-1.21232266,-2.064231759,1.34408063,-1.363863457,-0.418138777,2.244795537,-2.029936883,-2.763557265,0.202888273
1999,0,28660G10,1.049705029,0.429987845,0.789126711,-0.405376949,-0.058192059,0.630382842,0.945670287,0.441979187,0.693727059,0.145404282
1999,0,28736M30,-0.760268666,0.093875959,0.045456753,-0.335122798,-1.179989964,-0.497807107,-0.808720904,0.180105177,-0.243448028,0.22463553
1999,0,28885310,0.263145252,0.483945111,0.749268486,-0.396621201,-0.10840449,0.408418768,1.29757251,0.434554783,0.551554636,0.09226383
1999,0,29016010,0.518497745,0.584070709,0.976752215,0.128173545,-1.003636738,-0.936808575,1.539707592,0.936211868,0.216300703,1.025617481
1999,0,29038L20,-1.298528307,-2.241779108,-2.064231759,1.285453506,-0.580124259,3.275742008,-0.964282786,-2.208174586,-1.958890484,-0.373672883
1999,0,29076N20,-2.850811535,-2.241779108,-2.064231759,-0.427117541,-0.953788139,1.409706059,-1.165167211,-2.208174586,-1.38796699,-2.213994822
1999,0,29081810,-1.894933059,-2.241779108,-2.064231759,-0.332729463,-1.305180372,1.377227287,-1.233402895,-2.208174586,-2.763557265,-1.843648729
1999,0,29081P30,0.427805357,0.689417184,0.129357137,-0.163450395,-0.747787909,-0.340687929,0.832438684,0.375016753,0.973917941,1.592716569
1999,0,29084610,-0.079295345,-1.461960028,-1.163091598,0.074462295,-0.716395206,-0.890402296,-0.047229573,-1.389095496,-0.029168146,0.483210231
1999,0,29084Q10,-0.106803621,0.19376046,0.180565646,-0.416130571,1.723318022,0.951543972,-0.625179388,0.288948684,1.518751707,0.495084561
1999,0,29087610,-1.094308691,0.280428613,0.298214046,-0.38305727,-1.071349194,0.204369238,-1.12908109,0.343579956,1.004072239,1.331474856
1999,0,29089V20,-0.507679688,-1.3198711,-1.965010594,-0.411669509,0.46698038,1.185246139,-0.735563086,-1.58419152,-0.784316392,-1.690608775
1999,0,29089W10,-1.331551713,-2.241779108,-0.872790991,0.002182765,-0.174980463,0.042644174,-0.983120912,-0.365238349,-0.254317876,0.262041676
1999,0,29092510,-4.382767927,-2.241779108,-2.064231759,0.464514899,-1.136804849,3.976086789,-1.174139402,-2.208174586,-2.763557265,-1.049023093
1999,0,29100510,-0.636621757,-0.791087801,-0.264627131,-0.409347359,-0.679507975,1.627450062,-0.655271258,-0.585257542,0.265408395,0.032454791
1999,0,29100U10,-0.478182215,-0.297544589,-1.258067708,3.424853848,-0.968888732,-0.949560917,-0.54320579,-0.732525677,0.432091799,2.077262786
1999,0,29101110,-0.621259763,1.081561556,0.951542007,-0.181947477,-0.193307903,-0.01347342,-0.717375593,0.7517848,2.151347599,2.4845845
1999,0,29108720,-0.200866633,-2.241779108,0.755980993,-0.380333427,2.623670353,0.781241608,-0.568729877,0.527238216,0.469015244,-0.258235577
1999,0,29134510,0.369432999,-2.241779108,-2.064231759,-0.205880953,-1.080173853,0.545667293,0.577030173,-2.208174586,-0.721388787,0.182358957
1999,0,29152510,-0.678814172,0.083433208,0.106929958,-0.232447265,-1.102292313,-0.3512103,-0.603486319,0.114888239,0.652131246,1.461127079
1999,0,29164110,-0.594709196,0.246941997,0.348689409,-0.378834526,-1.004826489,0.463280401,-0.245085253,0.315217303,0.535154056,0.816914998
1999,0,29184340,-1.0112549,0.283979855,0.320656038,-0.409107022,1.652414448,0.772552157,-0.874147386,0.252492376,2.054055079,1.253952388
1981,1,29200910,-0.903799595,0.197548729,0.370348695,-0.27109286,-0.766611604,0.562720144,-0.861224031,0.488790916,-0.518797995,-0.057714557
1989,1,29201610,-0.245579547,0.037433965,-0.979333187,-0.423799611,-0.072859969,0.567301698,-0.625620655,-0.803310656,-0.400141684,-1.696421632
1999,0,29205210,-0.617537483,-2.241779108,-2.064231759,0.837733238,-1.354128073,0.403406992,-0.639466967,-2.208174586,-2.310443403,0.231225559
1999,0,2.92E+14,-0.049643724,0.127068637,0.431143504,-0.396036077,1.235408707,0.77294817,-0.633177083,0.393441428,0.21172608,-0.527278233
1999,0,29244820,-0.389808513,0.135031072,-0.439293524,-0.417094594,-0.739073962,0.177240906,-0.610020564,-0.258050613,1.277613522,0.734659685
1999,0,29244T10,-0.888827531,0.126068935,0.006048603,-0.390915559,-1.210036904,0.193112134,-1.015404979,-0.088199842,1.29049937,1.833022163
1999,0,29246J10,-0.655604992,-1.967065981,-2.008658021,-0.387931277,0.549080892,0.635583124,-0.756116624,-1.710966873,-0.315990779,-0.914222007
1999,0,29247520,1.490774047,0.22551993,0.02185129,2.9469761,-0.923502752,-1.29692093,2.876476871,0.319581442,0.034392714,1.205522049
1999,0,29247A10,0.236275992,-2.241779108,-0.823716267,5.661672031,-1.254387623,-1.267892333,0.632068324,-0.610119081,-1.558043688,0.295496164
1999,0,29250510,-0.643648165,0.879815551,0.408007457,-0.318594313,-0.692643566,-0.004933657,-0.604773239,0.477392308,1.634289483,2.010882322
1999,0,29250N10,-0.678622485,0.211690141,0.233983151,-0.386132922,-1.04924534,0.579221325,-0.66540677,0.330052875,1.489435105,1.896804987
1999,0,29254Q10,1.717698148,-2.241779108,-2.064231759,0.482166209,-0.711072919,-1.191014051,2.056008061,-2.208174586,-1.366188755,-0.988192822
1982,1,29255810,-0.435919425,-2.241779108,-2.064231759,-0.311262001,-0.773542899,0.145484988,-0.690438221,-2.208174586,-1.787957759,-1.696594587
1999,0,29256210,0.561572961,0.746576273,0.301310866,-0.35028485,0.046652803,-0.025267899,0.573472421,0.3537966,0.514154688,0.278818637
1999,0,29257R10,0.593676473,-0.799965656,1.488512458,0.428577588,0.531168013,-0.224658924,-0.301136834,1.201304387,-0.574444493,-0.073977045
1999,0,29258N10,-0.973855663,0.354312034,0.184766362,-0.392289478,-1.075535492,0.60777065,-0.962286916,0.284808061,2.131059816,2.4845845
1999,0,29259F20,-0.784486023,-2.199203759,-1.582543954,6.6953604,-1.363863457,-1.505889267,-1.147533656,-1.250328847,-2.74389267,-0.355374994
1999,0,29264P20,0.847656827,-2.241779108,-2.064231759,0.026240869,-1.078124302,1.559658861,0.232606308,-2.208174586,-1.149032324,0.186283427
1999,0,29265910,0.742411736,-2.241779108,-2.064231759,0.088399225,-0.441571263,-0.342094252,0.29618792,-2.170537505,-0.255422635,0.336005272
1989,1,29265C20,-0.989923974,-0.462132632,-0.560270048,-0.252507872,-1.314505298,0.975795359,-1.141257503,-0.853080321,-1.493542615,-0.029582026
1999,0,29265N10,-1.153212239,0.347957701,0.250229666,-0.382555269,-0.90423405,0.509618885,-0.953047208,0.345837568,0.820634512,1.007296866
1999,0,29265W10,-1.111972492,0.391987167,0.628238706,-0.309973286,-0.84486547,0.230370541,-1.020953052,0.46406599,2.179175451,2.4845845
1983,1,29266610,-0.956423487,-0.136430835,-0.476706249,-0.365300334,-1.208899454,0.392240523,-1.022032546,-0.679398351,-0.799104456,-0.239326561
1999,0,29266M10,-0.220961023,0.481900541,0.789190021,-0.367442804,-0.695081462,0.294523948,-0.105425755,0.503024099,1.423966566,1.596367525
1999,0,29266S10,1.535761845,-2.215087243,-2.064231759,0.361935785,-1.125409431,-1.158429778,2.175777178,-2.208174586,-0.886596266,-0.053028156
1999,0,29267A20,0.619266942,-1.341452102,-2.064231759,0.107423074,0.021524362,-0.561519692,-0.099659204,-2.208174586,-0.257895454,0.087858733
1999,0,29267S10,-2.608472251,-2.241779108,-2.064231759,-0.381908911,-0.960437128,0.268497993,-1.233402895,-2.208174586,-0.470877516,-0.429812029
1999,0,29268J10,0.288826869,0.753749212,0.576447678,0.008466995,0.182590919,-0.252413068,-0.166005421,0.544641393,0.558214164,0.976152938
1999,0,29268T10,0.663940342,0.186886874,0.553116837,-0.169446295,0.470693418,-0.762016082,0.13684142,0.5726301,-0.251366976,-0.442332764
1986,1,29270H10,-3.590103017,-0.202680607,-1.604775518,-0.410959385,-0.729776061,1.750470043,-1.230764704,-2.113636538,-0.474287829,-0.781993741
1981,1,29272210,-0.770042054,-0.129011602,-1.111575449,-0.264249285,-1.10978607,0.196874646,-0.786857337,-0.688728012,-1.163019245,-0.477481417
1999,0,29274A20,-0.435168879,0.506947676,0.314899457,-0.384294959,0.02001798,0.486007528,-0.475295955,0.357290708,-0.063802445,-0.483293956
1999,0,29274F10,-0.817743745,0.164374768,0.069907142,-0.414212668,-1.148638215,0.25920956,-0.87548774,0.068653701,1.674291799,1.739954056
1999,0,29276210,1.546084085,-1.848507934,-1.638815093,-0.24146557,1.144043764,-0.976662526,1.622543888,-1.099717883,-0.782767431,-1.445585357
1999,0,29282710,1.284091976,-0.501975375,-1.273147519,5.745355447,-1.269194021,-1.29326259,2.643497784,-1.173989555,-0.541541724,1.462277128
1999,0,29284910,1.703343101,-0.050062955,0.53273953,0.049178678,-0.647462186,-0.953038279,1.705527977,0.481147655,-0.528184305,-0.181684177
1987,1,29286810,-1.739637682,-0.874239664,-2.064231759,-0.421926159,0.796999223,2.124266459,-0.91646906,-2.208174586,-0.319862282,-1.47824839
1983,1,29292210,-0.467592029,-0.239483748,-1.215367926,-0.297125977,-0.848636591,0.197841765,-0.656429445,-0.603147074,-0.91934282,-0.602766795
1984,1,29293520,0.927095658,0.322570061,1.614568911,0.068310005,-0.341199999,-0.340879466,-0.123231597,1.231433875,-0.674810407,-0.195667583
1984,1,29293610,-4.253733941,-0.764959884,-1.82902768,-0.427117541,-1.187557552,2.19087776,-1.233402895,-1.779483654,-0.938738876,-1.900844155
1999,0,29294910,1.805996853,0.590712809,1.045977233,0.087992692,-0.839228932,-1.219086015,2.712291783,0.911964941,-0.457742514,-0.157787152
1999,0,29295710,-0.765187066,-0.532884559,0.164892066,-0.284846011,-1.110102826,-0.55146748,-0.852044102,0.409851343,0.310448539,0.878576496
1999,0,29296110,-0.998560066,-0.398637049,-0.409867462,-0.336946099,-1.04530525,0.139398386,-0.944980567,0.149398147,-1.212083783,-0.897774232
1999,0,29297010,-0.690441583,0.576853017,0.547485661,-0.366416968,-0.935854164,0.248628727,-0.730205142,0.429764363,0.031924547,0.226888549
1999,0,29297310,-0.255283478,1.485390003,0.384941194,-0.37076805,0.188687647,0.179676801,-0.606152765,0.754923284,0.717994614,0.386676478
1999,0,29330610,1.050568849,0.509553048,0.074236773,-0.050981495,0.964398778,-0.617209163,0.368474622,-0.245612325,-0.648387064,-0.756454612
1999,0,29331310,-0.030534144,-2.239961969,-2.064231759,-0.150320486,0.446762634,-0.922134245,-0.169881451,-2.208174586,0.015868953,-0.197215615
1999,0,29336110,1.314269216,-2.241779108,-1.969452192,0.581058998,-1.305638079,-0.710099743,0.344626218,-2.208174586,-1.193718498,0.557617279
1999,0,29338910,0.276893538,1.485390003,1.287248666,0.092993712,0.452852105,-1.186323049,0.845336181,1.085253144,0.386684545,0.284467569
1999,0,29355M20,-2.276242423,-2.241779108,-0.748874051,-0.270491311,-0.582292523,5.110424207,-0.956941214,-0.546986261,-1.23687669,-0.359947392
1999,0,29357010,-0.499244395,0.675511688,0.584902033,-0.206056791,-0.518164621,-0.164237085,-0.60622767,0.517596406,0.705704253,1.134858419
1999,0,29357110,-0.48366334,0.183427217,-0.024582806,-0.324734652,-0.87014369,-0.564796178,0.069486878,-0.069838962,0.205142054,0.330220671
1999,0,29363910,-0.648515533,0.048421202,0.049721277,-0.156689305,-1.205441212,-0.063652944,0.034024148,-0.172909713,0.487986151,1.717994297
1999,0,29364G10,-0.598346416,0.326283139,0.176989583,-0.403991411,-0.94749965,0.420810224,-0.520425571,0.286003672,1.958488035,2.037970689
1999,0,29372R20,-4.164977004,-2.241779108,-2.064231759,-0.376292506,0.239925163,5.110424207,-1.233402895,-2.208174586,-0.863028771,-0.838938666
1983,1,29379910,-0.26172289,-0.152983815,-0.537841486,-0.155249319,1.696375845,0.809969027,-0.473664651,-0.596452078,0.144587913,0.259656327
1999,0,29381P10,-1.177175483,0.225595154,-0.553019342,-0.36048813,-1.076649899,-0.130773949,-1.08417655,0.072415371,-1.352371085,-1.21435724
1999,0,29382F10,1.196189033,-2.241779108,-2.064231759,2.010377347,-1.201392476,-0.675109112,0.500500131,-2.208174586,-1.001861901,0.790921095
1999,0,29382Y10,1.197940015,-2.241779108,-1.834287921,-0.305079385,-0.308696513,-0.679266464,0.247915018,-1.355172041,-0.492077633,-0.754624533
1999,0,29384810,1.419097957,-0.142083517,0.013372232,6.6953604,-0.640273791,-0.980102365,0.896572859,0.414522727,0.121045579,1.721735436
1999,0,29385010,-0.79934471,-2.241779108,-1.418456972,-0.015286471,0.328005203,-0.135131105,-0.797499461,-2.208174586,-0.611771673,-0.361287273
1999,0,29390410,1.432146151,-2.241779108,-1.373548044,4.805769687,-0.952988361,-0.802450138,0.767825834,-0.815272874,-0.619647993,1.10661298
1992,1,29391410,-1.646329214,-1.814345534,-1.727813346,-0.409041438,0.249825407,1.124077892,-0.986014278,-1.271833162,-0.673496616,-1.461484736
1999,0,29391610,0.961177526,-0.237911447,-1.565432881,-0.291418542,-0.264882481,-0.912540964,0.422728748,-1.110162586,0.002926816,-0.298172517
1995,1,29392110,-0.229647104,-1.526906443,-0.000922194,-0.422532884,4.036249207,0.489262709,-0.647681052,-0.300235472,0.52511593,-1.672530206
1999,0,29394010,-0.169015262,-1.227369398,-0.549430589,-0.395452164,0.564230636,1.1404493,-0.629768208,-0.801444077,-0.048297828,-0.615851023
1999,0,2.94E+14,-4.382767927,-2.241779108,-2.064231759,-0.233935848,4.036249207,5.110424207,-1.233402895,-2.208174586,-2.254563824,-1.26562708
1999,0,29403V10,-1.109268417,-0.556904227,-2.064231759,1.244839936,-1.239586194,0.500214127,-0.985662689,-2.208174586,-2.358216012,-0.429854385
1999,0,29406930,-0.482441798,-0.554317763,0.910436116,-0.367270659,-0.57370888,-0.252842311,-0.581813535,-0.052907112,-0.609063249,-0.899647425
1999,0,29406L20,-0.893028189,-0.030568642,-0.135736475,-0.422854597,-0.449660074,1.732005573,-0.960211907,0.314794649,-0.104317025,-0.962607409
1999,0,29406Q10,-4.382767927,-2.241779108,-2.064231759,-0.304186578,-1.082887845,5.110424207,-1.233402895,-2.208174586,-1.739921605,-0.374860981
1999,0,29409210,0.896820011,0.669631389,0.936326313,-0.05537101,-0.139659234,-0.152900847,0.05728036,0.70239568,-0.232663817,0.15463983
1999,0,29410010,1.670824295,-0.254104684,0.100562876,6.6953604,-0.743566828,-1.497196745,2.876476871,0.660325937,-0.138159398,0.917461015
1999,0,29413B10,-0.274446556,0.285734984,0.252547027,-0.227817398,0.617452009,-0.142827092,-0.60956846,0.357196609,0.313137559,0.283452109
1999,0,29426L10,-0.432635633,-1.532113918,-1.443852385,-0.293843804,0.338791489,0.150868745,-0.689423032,-1.84973373,0.560543011,0.531947518
1999,0,29427610,1.293977406,0.068593403,1.528855922,0.423197614,-0.561977217,-0.885305147,1.418390886,1.055246506,-1.381327579,-0.886935806
1999,0,29428R10,1.348800832,0.581943302,0.391889363,0.187780486,-0.062918525,-1.337229035,2.876476871,0.484412553,0.16693058,0.071302052
1999,0,29434810,1.325697259,0.625461078,-0.838072646,0.094209668,-1.082499184,-0.626100535,1.446961342,1.180604029,-0.125143906,0.885546991
1999,0,29442910,-0.564402977,0.654544914,1.426901561,-0.304090347,-0.288337501,1.086455556,-0.669965934,0.889911518,1.324422562,1.741700284
1999,0,29442V10,-0.52139011,0.073583783,0.05836089,-0.417416651,-0.800383158,0.702881538,-0.551900159,0.846294192,-0.57447138,-1.191407488
1990,1,29443810,-0.752246411,-0.302607933,-0.235820967,-0.426953147,0.552821577,1.395897354,-0.77912791,-0.519879263,-0.452291736,-2.098185683
1999,0,29444B10,-0.549166143,0.177060168,0.036607738,-0.382881821,-1.089744614,0.320978543,-0.637680991,0.253052525,0.012089887,0.277454031
1999,0,29454910,-0.931881461,0.602791605,0.34782925,-0.368327122,-0.707149289,0.343518941,-0.902623523,0.370145918,1.121558713,1.270629803
1989,1,29458810,-1.371925351,-0.0553276,-0.74632751,-0.424483646,-0.798791888,1.471154206,-1.061615907,-0.968055202,-0.140627276,-0.944396191
1999,0,29481V10,1.049994518,0.116194605,0.289381184,0.015337849,-0.307841014,-0.955943027,0.561008139,0.88624474,-0.152126049,0.035763326
1999,0,29482160,0.324142522,0.672310919,0.312935593,0.109515738,-0.175602585,0.365115398,-0.357957759,0.510367633,2.179175451,2.4845845
1987,1,29534910,-0.681839669,0.620031935,0.240518284,2.626683117,-1.292384453,-1.505889267,1.143438011,0.456597491,-0.74135716,0.261853377
1995,1,29586610,-0.560303107,-0.060837981,-0.842533641,-0.414285642,0.71957875,0.694330879,-0.713766695,-0.950216956,0.876057084,-0.04234485
1999,0,29605610,-0.030572682,0.810324966,0.833431091,-0.364349616,0.080450686,0.094349005,-0.472737933,0.717627151,0.125487343,-0.220710407
1999,0,29605W10,0.073650892,0.187076394,-0.317241868,0.16673124,-0.865410811,-0.294890238,-0.431166318,0.232793381,-0.573048879,0.32566115
1999,0,29607430,0.427793868,-2.241779108,-0.017294525,-0.315471383,-0.556738676,-0.406438184,-0.193937702,0.87298089,-0.839417778,-0.952445277
1999,0,29631510,0.062952291,0.354726563,0.237396934,-0.361252574,-0.134102318,-0.571478093,-0.142754506,0.559139465,0.749782369,0.351489875
1999,0,29665010,1.8891857,1.485390003,-0.006864914,0.232807328,-0.771847007,-1.46974921,2.876476871,0.305146572,-0.605674442,-0.694835225
1999,0,29742510,0.252908453,0.789571999,0.469301639,-0.36242039,-0.227306523,-0.075734685,-0.054973053,0.550288184,0.790382896,0.595170214
1999,0,29760210,0.079639917,0.70560569,1.675452613,0.339329275,0.416765261,-0.792822288,-0.031159434,1.231929257,0.989785269,1.424425915
1999,0,29873410,-2.02882128,-2.241779108,-1.924975099,-0.321196752,-1.275502145,-0.124219144,-1.203197904,-2.208174586,-1.005353812,-0.151994537
1999,0,29873610,-0.32070837,-1.240386022,-2.057887124,-0.358429961,-0.894771815,1.747205083,-0.529451998,-1.992988433,-0.164484215,0.281203445
1999,0,29879610,-1.564495532,-2.241779108,-2.064231759,0.200616192,-1.363863457,1.140863668,-1.013663052,-2.208174586,-2.393595093,0.213819005
1999,0,29909610,0.70769315,0.90000819,-0.59736882,-0.359161158,-0.499404538,-0.465688177,-0.011220467,-0.484185586,0.461060616,0.238133464
1991,1,30007210,-0.052339945,0.26969869,-0.727680826,-0.386189595,0.654580785,0.251672568,-0.58327013,-1.224454741,0.75823406,0.199935768
1999,0,30024B10,-1.62057576,-2.241779108,-2.064231759,-0.318347217,-1.153542679,3.532553003,-1.146547558,-2.208174586,-1.22602105,-0.182835645
1999,0,30049A10,1.153154494,-2.241779108,-2.064231759,1.253414936,4.036249207,-0.367845714,-0.025130753,-2.208174586,-2.18476523,-2.171635132
1999,0,30049R10,1.125894702,-0.409079111,-0.426017568,0.093779068,-0.455693937,-0.814257475,0.388448517,-0.436890879,-0.174014824,0.234512869
1999,0,30064510,2.023422271,0.408221788,-0.083583949,6.003695417,-1.176934365,-1.505889267,2.876476871,0.342712776,0.088779596,1.357937322
1999,0,3.01E+14,0.91165193,0.652609322,0.847052105,0.039142178,-0.301201725,-0.899128488,1.810275759,0.719527796,-0.255639144,-0.023501137
1999,0,30067T10,0.673921072,0.678460214,1.26389843,0.80316557,-0.114865879,-1.213281251,0.944622628,1.072794214,0.138027153,0.523100635
1999,0,30150P10,-0.228436843,1.110385052,0.931102315,0.052816591,-0.20941734,-0.974980014,-0.263140749,0.809248158,0.251099919,0.471164779
1999,0,30161N10,-0.769744995,0.108233773,0.53435661,-0.393451643,-0.910442952,0.986192654,-0.814563421,0.408207023,1.768759449,2.048234096
1999,0,30195410,-1.53804712,-2.241779108,-2.064231759,0.034069293,-0.306488064,1.302095524,-0.912470006,-2.208174586,-2.065661726,-1.43281354
1999,0,30205120,-0.386257868,-0.386793466,0.255853497,-0.421643466,-0.05822719,1.524386345,-0.603069502,-0.357410877,1.413339732,0.621100645
1999,0,30213010,0.209552758,0.977029128,1.040083215,0.196641933,1.81782627,-0.247688047,-0.432040213,0.878602363,1.243267296,1.585137344
1999,0,30214U10,0.318930462,0.864036502,0.479130689,-0.288847265,-0.066516194,-0.848972582,0.115670079,0.540891598,0.156865697,-0.152375369
1999,0,30218210,-0.791292202,0.321723827,0.25447291,-0.340666054,0.571806936,0.582911598,-0.794116134,0.513870077,1.674380543,1.6320649
1999,0,30225110,-0.578378989,0.210729155,-0.102682288,-0.415000371,-0.210853839,0.714161834,-0.607936906,-0.459943004,1.350391377,0.73164541
1999,0,30225X10,-0.305779787,0.346998145,0.379198709,-0.249071587,-0.919757332,-0.044881958,-0.140511041,0.452120158,0.627937866,1.26650348
1999,0,30226D10,1.481115488,-0.11721967,-0.247258417,5.772691737,-0.733520164,-1.088989477,1.295233682,0.052899468,0.176580478,1.698584574
1990,1,30227A10,-1.337906176,-0.945181935,-1.696412071,-0.383040978,-1.222463183,1.385175162,-1.109273781,-1.436705343,-1.144817356,-0.554020066
1999,0,30230110,0.978063752,0.283496813,0.165841725,-0.38851733,-0.257229482,-0.33330959,2.876476871,0.269791633,0.518103807,0.004876279
1999,0,30231110,1.449213719,0.299283492,-0.258289477,0.109685872,-0.554323553,-1.125252474,1.414205552,0.208966393,-0.030747971,0.243084422
1999,0,30231G10,-0.91627863,0.992447126,0.268657421,-0.195464395,-0.118767023,0.019725482,-0.880173713,0.4764856,2.179175451,2.4845845
1992,1,30236410,-0.328884444,-0.062740548,0.054273222,-0.157961625,-0.220441504,0.203583126,-0.653256895,-0.262150845,-0.032354669,0.36306828
1999,0,30241L10,0.201090069,-0.275553466,0.08367994,-0.225938735,-0.529945975,-0.179616271,-0.268451508,-0.054106768,0.490103074,0.853674086
1999,0,30244510,-0.564223021,-0.602246901,-0.604623007,-0.316017569,-0.297044697,0.467274453,-0.732605434,-1.734646813,0.431490446,0.586465524
1999,0,30246X10,0.633377033,-2.241779108,-2.064231759,1.676453647,-0.49266388,-0.748843126,0.00714179,-2.208174586,-1.610895503,-0.703656338
1999,0,30249130,-0.875705529,0.592830629,0.441821898,-0.394875169,-0.214479166,0.839452162,-0.830760151,0.466404081,1.657896226,1.477305766
1997,1,30254310,-0.717328309,-0.125247136,0.263218619,-0.350447898,0.209831221,0.773009575,-0.763325233,0.021475246,1.158440844,1.130812484
1999,0,30257110,-0.866248314,0.439830504,0.271415743,-0.366910436,-0.837281098,0.168094252,-0.916537837,0.464861361,1.835780177,2.134134437
1999,0,30258710,0.459160296,0.343517739,0.286742127,-0.379821376,1.1864973,-0.148813835,-0.085169094,0.325636189,0.962887455,0.27950335
1999,0,30263310,0.479412723,0.197782671,-1.137107154,-0.283089034,-0.85006347,-0.783966818,-0.051202754,-0.71845804,0.234735688,0.39117556
1999,0,30269510,0.929581823,-2.241779108,-2.064231759,2.028873903,-1.118170235,-1.007124105,0.574991108,-2.208174586,-1.291170217,0.109420668
1994,1,30272310,0.470453949,-0.503484071,-2.064231759,-0.426912623,1.551783287,2.129496496,-0.326548271,-2.208174586,0.976333897,-0.581631986
1999,0,30294110,-0.013481892,0.368688316,0.55534586,-0.400585949,-0.242793572,0.344445933,0.081815201,0.349374141,0.118211191,-0.41347018
1988,1,30303010,-1.080933571,-1.651664098,-1.169408816,-0.400267852,-0.760834888,3.366080093,-1.135419929,-1.531394666,-1.362051451,-1.382944163
1999,0,30307210,-0.710527219,-0.824651219,1.225132669,-0.100855134,3.021356026,0.132106215,-0.764464465,0.872546189,0.754790299,0.719006428
1999,0,30307510,0.935932908,1.226534558,1.712209529,1.547232137,-0.221512023,-0.900281229,0.401284417,1.322374598,0.199391162,1.091930321
1999,0,30325010,0.107129782,1.189395103,1.297286876,0.041935923,0.111538212,-0.837787876,-0.137003607,1.056216644,0.588347472,0.816143568
1999,0,30369810,-0.193115852,0.447196604,-0.080651888,-0.407733452,-0.853601778,0.504640502,-0.266376027,-0.178202766,0.906181193,0.721847162
1999,0,30613710,1.190690708,-2.241779108,-2.064231759,6.6953604,-0.824064664,-1.190473194,1.447330575,-2.208174586,-0.719407411,1.006472092
1999,0,30690610,0.352573984,0.668343474,1.317516874,-0.135822554,1.395598362,-0.389179794,-0.259089508,1.062991901,0.534962447,0.471397056
1999,0,30700010,0.255219005,1.169323995,1.181552586,0.114574131,1.465801756,-0.489656584,-0.30792002,0.959633737,1.498690907,1.774689919
1983,1,30700410,-2.917987904,-0.370822756,-0.169001251,-0.408692027,0.498791964,0.894850109,-1.233402895,-1.595320783,-0.447675762,-1.30313807
1999,0,30700R10,-4.382767927,-2.241779108,-2.064231759,-0.041062748,0.264666829,5.110424207,-1.233402895,2.000564954,-1.739413612,-0.899156126
1999,0,30705R20,1.226753962,-2.241779108,-2.064231759,2.027366708,-1.179379602,-1.496734923,2.876476871,-2.208174586,-2.657985187,-2.003757514
1999,0,30706810,-1.279571716,-0.533970696,-0.286602483,-0.357006085,-0.135924516,-0.467634598,-1.11052776,-0.892425078,-0.110050798,-0.541981125
1991,1,30709110,-4.382767927,-1.712927376,-0.049814835,-0.427057591,1.386574639,2.885287968,-1.233402895,-0.761982397,0.163170437,-1.405739569
1999,0,30726020,-0.043171494,0.734363113,0.21075687,-0.37807002,0.281863329,-0.313239155,-0.259552175,0.377753825,0.330145435,-0.273122685
1999,0,30767510,0.892584907,1.485390003,0.573398077,0.236065048,-0.60717047,-1.272900997,2.876476871,0.701852143,0.499920601,0.803952392
1999,0,31164210,1.152418402,-0.319341924,-0.916891365,-0.049056956,-0.489135082,-1.222370503,1.600492056,-1.044785524,-0.253814551,-0.291089796
1981,1,31186010,-0.314077906,0.494337029,-2.064231759,-0.297060483,1.172000535,-0.037056368,-0.642158551,-2.208174586,-0.895921607,-1.334093688
1999,0,31190010,1.208348638,1.485390003,2.047955286,2.582948783,0.786103451,-1.270527773,2.222019144,1.47164964,0.900920934,1.468196754
1999,0,31313550,0.197037596,0.362477215,0.57478495,-0.373738533,-0.325209379,0.540573944,-0.190160076,0.472987339,0.687881344,0.587272909
1999,0,31354940,-0.668449662,0.105079694,0.353914354,-0.418315849,-0.640903727,0.793223069,-0.706694215,0.276537552,1.838817005,1.386192714
1999,0,31381910,-0.114876501,1.101043242,0.810864714,-0.324118031,0.206416236,-0.443031153,-0.217191443,0.754787007,0.252154298,-0.070089514
1999,0,31421110,0.058523997,0.442664333,2.142463254,-0.238227438,-0.368352623,0.90171858,-0.016635179,1.331615486,0.895621611,1.450848424
1988,1,31423020,-0.543628691,-1.186198013,-0.641337298,-0.404358271,-1.044504929,1.37330261,-0.736652133,-0.86161886,-0.890097418,-0.874473099
1999,0,31428X10,-0.637473088,0.763021854,0.524370721,-0.333003182,0.414381989,0.17180483,-0.707025904,0.509384856,2.179175451,2.257667774
1999,0,31446210,-0.489317498,-2.241779108,-2.064231759,-0.29890853,-0.559019233,0.633347434,-0.690636648,-2.208174586,-1.026556182,-0.826741106
1999,0,31540510,-0.24128582,0.872227477,0.757974389,-0.355751192,0.200103554,0.507975433,-0.541974964,0.611233309,1.217969425,1.117560625
1999,0,31561610,1.42120153,-0.276160065,-0.958808596,6.6953604,-0.64419577,-0.84468918,0.606855025,-0.55446522,-0.322716106,1.325079592
1999,0,31563B10,-0.608181872,-1.192552223,-0.654101394,-0.025316325,-0.808997554,0.17331603,-0.658019609,-0.434929592,-0.652032358,0.152685095
1999,0,31657010,-1.034890671,0.232325559,0.185298478,-0.144675121,-0.972074426,-0.242855149,-0.986133746,0.283380151,-1.675332321,-1.115477397
1997,1,31671110,-0.414173148,-1.572636444,-2.064231759,-0.419687004,-0.190157188,2.561757191,-0.662379577,-2.208174586,-1.53193316,-2.213994822
1991,1,31787010,0.662191001,-2.241779108,-2.064231759,2.030534693,-1.25371114,-0.624284892,-0.076362141,-2.208174586,-2.178569978,-0.345516183
1999,0,31787A10,2.023422271,0.027991447,-0.135352261,6.6953604,-1.171526747,-1.505889267,2.876476871,0.167169842,0.026569807,2.023975994
1999,0,31787P10,-0.024519655,0.268627602,0.3999746,-0.405990286,0.336007253,0.685776969,-0.236706227,0.229441094,0.651185417,-0.018459216
1999,0,31788420,0.162535861,0.219526281,0.622260879,-0.410283169,0.476859038,0.846636459,-0.391637284,0.163218509,1.06133531,0.34827058
1999,0,31792310,0.642171404,0.809029654,0.350718737,-0.287428568,0.916319461,-0.915419612,0.300766246,0.471553905,0.885510635,0.379953116
1999,0,31794610,0.930671362,0.399068679,-0.101816716,0.124144899,-0.272733807,-1.037656137,0.646396802,0.158989586,0.012322546,0.244623973
1999,0,31807140,-0.317542512,0.538440776,0.305459845,-0.377590896,-0.133177425,0.390825749,-0.59925976,0.309292637,1.415392322,1.264116418
1999,0,31809310,-0.780474305,0.131683026,-0.536801302,-0.389113243,0.041970631,0.656036399,-0.791702816,-0.418957933,-0.400072401,-0.881604223
1987,1,31846P10,-0.880332445,0.382678198,-0.477337319,-0.283156385,-1.20682461,-0.131072247,-0.936188983,0.132120956,-1.616813345,-0.929791439
1999,0,31865W10,1.39123392,0.54964404,-0.165658043,-0.345609857,-0.314547687,-0.514758649,0.512970391,1.302133599,0.102124741,-0.189801626
1999,0,31938430,-1.213058207,-2.241779108,-2.064231759,3.275260694,-1.363863457,-0.299851375,-0.95995137,-2.208174586,-2.763557265,-0.062681719
1999,0,31942D10,0.64557942,0.389998497,0.339925561,-0.354142208,-0.554280975,-0.168060379,2.876476871,0.440513597,0.167435871,0.069894039
1999,0,33588920,-0.750069354,0.047864336,0.027037066,-0.40006313,-1.187121151,0.569114457,-0.780959343,0.249320651,1.155150185,1.590648957
1995,1,33593310,0.254277737,-2.241779108,-2.064231759,0.063283817,-0.89270611,1.016558181,-0.301055479,-2.208174586,-1.003366,0.088391088
1999,0,33593410,-1.354875114,-0.320585366,0.266650428,-0.391819985,-0.727976258,0.164789429,-1.106481087,0.103868989,-0.090727908,-0.327318683
1999,0,33761N10,-0.421522223,0.230297054,0.624098064,-0.370366903,0.288526041,0.444852813,-0.541572937,0.397288254,0.669738615,0.36915226
1999,0,33762N20,0.18118012,-1.926705334,-1.332736499,0.049934662,-0.325235251,-0.956038051,-0.086167187,-0.957082539,-0.683776512,-0.518953148
1999,0,33771910,0.408604556,-0.794488838,0.039228159,-0.385784447,0.445318331,-0.179447215,-0.355672085,0.059819574,0.02016481,-0.689912493
1999,0,33773010,-4.382767927,-2.241779108,-2.064231759,-0.337006806,-0.327140627,5.110424207,-1.192591452,-2.208174586,-1.631619312,-1.238573523
1999,0,33775620,-0.586356802,0.709165346,0.174847189,-0.351675262,-0.892811053,0.351412771,-0.483550237,0.291142765,0.60899829,0.94799317
1999,0,33793210,-0.937171581,0.211371457,0.378075743,-0.403505648,-0.987056655,0.545250211,-1.013853588,0.348692786,1.828423507,1.969380158
1999,0,33831D10,-1.847103479,0.185893926,1.673363563,1.071204341,-0.264495721,0.284155367,-1.079468869,1.170235044,-0.898470208,0.187921832
1988,1,33841H10,-1.184386014,-1.74412264,-2.064231759,-0.381347084,0.178451613,2.841228724,-0.915299075,-2.208174586,-0.346317789,-0.486678818
1999,0,33841N10,-0.053624227,-0.869119153,-2.064231759,-0.036491797,-0.333449346,-0.086259729,-0.542947744,-2.208174586,-0.993728527,-0.580386896
1984,1,33848610,-3.87919172,-1.560980394,-1.846956003,-0.422999981,-0.509955625,4.187546328,-1.047289761,-2.208174586,-0.936588427,-1.629844613
1999,0,33848810,0.170325623,-2.241779108,-2.064231759,-0.125682782,-0.541638368,-0.41941834,-0.143145538,-2.208174586,-0.689233592,-0.363544368
1999,0,33849020,2.023422271,0.617169749,1.04298248,0.648518785,-0.561717825,-1.362523964,2.876476871,1.085978349,-1.062809649,-0.88770595
1999,0,33849410,0.112252558,0.349376147,0.213454125,-0.358792996,-0.237421533,-0.579223055,0.361856848,0.224509944,0.398106527,0.008569732
1999,0,33851710,-0.334701192,0.994562169,0.562533117,-0.263455503,0.931082048,-0.543044111,-0.510526624,1.566722231,-0.416317013,-0.82367296
1989,1,33852010,0.271236208,0.166249883,-0.452453685,-0.329619149,-0.804745092,-0.539893814,-0.310454479,2.000564954,-1.718163683,-1.887008591
1999,0,33909910,-0.0848027,0.526605862,0.521705751,-0.397480529,1.357371868,0.277932127,-0.441558735,0.473850944,1.617558221,0.904202605
1987,1,33938010,-3.558535937,-2.241779108,-2.064231759,-0.362054442,-0.348386302,3.824532116,-1.092305828,-2.208174586,-1.28241665,-1.114949029
1999,0,33938210,0.685755179,1.272283325,0.731663332,-0.252384625,1.239255253,-0.765073172,0.141646253,0.719660112,0.564124992,0.144741038
1999,0,33938W20,-2.978277726,-2.241779108,-2.064231759,0.755386088,-1.099593039,0.874321441,-1.222341315,-2.208174586,-1.743495893,-0.130254233
1990,1,33973410,0.290825715,-0.813037182,-1.3111428,-0.393119818,-0.526951414,-0.36948829,-0.125920201,-0.860756832,-0.115834881,-0.647548979
1989,1,33973820,-0.142971425,-0.294134009,-0.433003678,-0.424700196,0.51448531,0.988894224,-0.619045681,-1.065888057,-0.498307801,-1.962043772
1999,0,34068930,-1.58294927,-1.82814904,-0.582754413,-0.393658612,-0.781220496,-0.17551538,-1.12134827,0.537408904,-0.628576703,-1.007106481
1999,0,34110900,-0.747768313,0.318555018,0.403799069,-0.369877661,-0.712645159,0.485876041,-0.778496732,0.435108084,1.631422958,1.864712559
1999,0,34113510,-1.333939227,0.42996581,0.353104155,-0.386491266,-0.512779816,0.606952588,-1.096471861,0.355780854,0.065625586,-0.122928913
1993,1,34324710,-1.936454445,-0.129334286,-1.121075049,-0.028318751,-0.722172243,0.174523393,-1.109190259,-0.807884835,-0.756128602,-0.029675199
1999,0,34330210,0.381632341,-0.006130755,-0.035321209,-0.41995539,0.030660622,0.751717133,-0.035188722,-0.164950544,0.540946814,-0.428033056
1999,0,34341210,-0.940936461,0.596768552,0.272659527,-0.370603641,1.49915911,0.452662728,-0.847560517,0.255861988,2.096225097,1.723693007
1999,0,34346810,0.681740028,0.345909312,0.358856221,-0.34647973,-0.264011189,0.378896182,0.267327345,0.332122411,0.447411081,0.433838573
1999,0,34349810,-0.708802349,0.252610868,0.377987047,-0.382495938,0.274613025,0.68170919,-0.750397457,0.131658943,1.669811797,1.439596394
1999,0,34354P10,0.24317706,0.705471974,0.394974455,-0.352275011,0.054554194,0.317100501,-0.090375619,0.210992601,1.121011398,1.030582991
1999,0,34407T10,-0.085589099,0.535676235,0.941899796,-0.259656521,-0.040267413,0.134405753,-0.115908536,0.75052273,0.678194733,0.869484485
1999,0,34412320,-0.312443845,-0.380429162,0.708311774,-0.41580444,0.476047634,2.100035174,-0.486730049,0.281691268,1.195307879,0.535123229
1999,0,34415910,0.459257278,-2.241779108,-0.715004587,1.783673927,-0.083450919,-0.436239206,-0.232274646,-0.535854471,-0.513829058,0.513660533
1999,0,34441910,-0.567111523,0.388163555,0.809199523,-0.31146903,-0.298778954,-0.489609671,-0.619376456,0.593079974,1.654406409,1.701921196
1999,0,34443740,0.499754658,-0.484584622,-1.269169343,-0.306608202,-0.951287364,-0.418712553,0.327598005,-0.846330834,-0.210313551,0.069957671
1999,0,34459U30,-1.553344916,-2.241779108,-2.064231759,-0.17930258,-1.353914964,-0.141511748,-1.233402895,-2.208174586,-1.966918638,-0.246095755
1999,0,34479820,-0.884165774,-2.241779108,-1.60054376,2.803804133,-1.26079158,-0.581288731,-1.051695418,-1.474112943,-2.016784701,0.00118554
1999,0,34484910,-0.348337589,0.675850367,-0.109999848,-0.391214225,0.713336098,0.055900776,-0.568714953,0.241085846,1.706526617,1.145855807
1999,0,34491220,0.04753043,0.8010612,1.505987835,-0.282758749,2.099057892,-0.269784245,-0.434387866,0.824818206,1.347724703,1.014786723
1999,0,34549210,0.43454027,0.754182045,-0.775349143,-0.386497019,-0.192335304,-0.211941638,-0.269710404,-1.805806187,-0.174985515,-0.734912216
1999,0,34583810,0.52475555,1.277535233,1.192490645,1.746492807,-0.469801741,-1.028156909,0.293977013,0.793005201,1.047557833,2.104700331
1999,0,34609170,-0.806889014,-0.763952751,0.187475431,-0.334529293,-0.874030507,0.222231289,-0.86762903,0.272233275,0.689328954,1.078915793
1999,0,34629U10,-0.018120765,-2.241779108,-0.888724375,-0.303052526,0.00413395,-0.23653695,-0.412690579,-0.71325458,0.349459555,0.251403215
1999,0,34630A10,-3.75233898,-2.241779108,-2.064231759,0.521067372,3.041879617,3.197744489,-1.088952467,-2.208174586,-1.130681407,-0.474403955
1999,0,34641410,0.640447083,0.542328796,0.179696912,-0.260202447,-0.540691662,-0.618254801,0.015512456,0.788518988,0.66440922,0.812201407
1999,0,34656310,0.571615456,0.381078907,0.425696572,0.107296943,-0.759655877,-0.071580175,-0.355237935,0.569993484,0.130489173,1.052596303
1999,0,34955010,-0.45557079,-2.241779108,-2.064231759,-0.088452547,0.651153722,-0.107458096,-0.682278139,-2.208174586,-0.436375092,-0.319821597
1999,0,34955310,-1.100874023,0.387948522,0.371602385,-0.399343591,-0.919676384,0.522381751,-1.088395065,0.270015744,0.826724685,0.83780524
1999,0,34958M10,1.160152397,-1.738513524,-2.050637611,2.491256082,-1.272000989,-1.391810614,2.876476871,-1.80340587,-1.512846376,-0.102936641
1999,0,34963110,-0.592005674,1.255444008,0.525561834,-0.334991864,-0.475507564,0.136271507,-0.697362732,-0.801434719,1.745183743,1.979647059
1999,0,34985310,0.042898587,0.54052213,2.050937832,1.144797777,1.051045943,-0.672686112,-0.172966818,1.445448776,0.396834465,1.004359195
1999,0,34986230,0.375365092,-0.241053847,0.80810418,-0.230733012,0.989739724,-0.151864162,-0.398515193,0.549200866,-0.442823439,-0.647767125
1999,0,34988210,1.105733307,1.090493443,2.009234267,0.205019326,0.382792915,-0.762027712,0.291874775,1.385599113,0.752643,1.098450529
1999,0,34990710,-0.050777866,0.121370569,0.356496727,-0.369538062,1.089627062,0.227646406,-0.529811319,0.569726151,0.784431152,0.280383767
1999,0,35006010,0.575167288,0.569771924,0.191596857,-0.396246331,0.283836842,0.055040146,0.143917912,0.215391014,0.534762551,-0.12569355
1999,0,35063R10,1.971900061,0.141641792,0.781036874,6.6953604,-0.671404534,-1.165144521,2.171919871,0.822497651,0.29910858,2.4845845
1999,0,35075530,-0.56713605,0.141369361,-0.027609243,-0.369364336,0.403937562,0.484296947,-0.696685847,-0.129389378,-0.064047262,-0.466135775
1999,0,35086510,0.694528025,0.586601738,1.939156919,-0.104900134,-0.840833453,-0.025734031,-0.329098901,1.343153186,-0.01487844,0.742090465
1999,0,35168420,-1.430673705,-2.209193664,-2.064231759,3.179815352,4.036249207,1.751145582,-0.878750116,-2.208174586,-1.051814317,-0.379558007
1999,0,35177Q10,-0.977939502,0.383993802,0.382712577,-0.168994001,-0.809173088,0.294876107,-0.894327425,0.453240085,2.179175451,2.4845845
1999,0,35186010,0.926513196,0.526931073,0.307349518,1.674913228,-1.236993036,-1.462362295,2.876476871,0.568818165,0.415889201,1.624945005
1990,1,35190110,-0.400424687,-2.241779108,-2.064231759,-0.425600289,-0.340469336,0.833775718,-0.624057236,-2.110209048,-1.26210352,-2.213994822
1999,0,35241Q10,0.883182527,1.143940957,0.699970291,-0.192879734,-0.060630152,-0.579864828,0.296388303,0.507428617,0.323226211,0.39433555
1999,0,35346910,-0.705333458,0.67398937,0.32322916,-0.388252851,-0.371311463,-0.417684196,-0.757166399,0.022116866,0.863930867,0.412351239
1999,0,35351410,0.291604569,0.891161546,1.429469066,-0.121611911,0.506521293,-0.232446019,-0.151907026,1.120215391,0.611030305,0.801902245
1999,0,35351510,0.206470441,0.046931514,-0.229317056,-0.279985595,0.179252428,-0.575505421,0.107329415,0.367283425,0.170039076,-0.052582351
1999,0,35554020,-3.673581295,-2.241779108,-0.729248488,-0.426624577,-0.644135699,2.745624694,-1.226989059,-1.057736046,-1.255907087,-2.213994822
1999,0,35610810,0.319826837,0.691777592,0.341660096,-0.299301624,1.759889087,-0.418501028,-0.263320471,0.409246996,0.936141422,0.495081063
1999,0,35671D85,-0.708421773,0.24962143,0.787941805,-0.360474524,-0.856236778,0.794871482,-0.728032073,0.335771406,1.349267159,1.781532105
1999,0,35801010,1.725677418,0.461402474,-0.106358607,-0.03322928,-1.008085994,-0.793785299,2.876476871,0.371856028,-0.341537506,0.338940373
1999,0,35802910,-0.875350849,0.014938413,0.466722235,-0.326389357,-0.623571394,0.366013791,-0.845432239,-0.170271367,1.630941014,2.024018171
1999,0,35805510,-1.232042813,-1.899418221,-0.89005569,-0.386670691,0.810486935,0.054905072,-0.946578125,-0.832980529,0.127186075,-0.593301001
1995,1,35832120,-2.767957971,-2.241779108,-2.064231759,-0.427117541,4.036249207,5.110424207,-1.105219712,-2.208174586,0.824441459,-1.402802169
1999,0,35843010,-0.47798684,0.151766964,-0.451727993,-0.406175638,-0.836954518,0.685206205,-0.65814426,-0.088329548,0.806173408,0.662175899
1999,0,35843510,1.289615807,-0.088317033,0.435769721,-0.317034557,1.640681357,-0.501849073,0.999514546,0.482075084,0.25765826,-0.343710352
1985,1,35861610,0.26541326,0.415826638,-0.10718594,-0.384734371,-1.03819479,0.618673689,0.041296345,0.338608793,-0.340090767,-0.14391337
1999,0,35874310,0.000192355,-2.06831395,-2.064231759,0.03086307,-0.540608884,-0.113909477,-0.403134452,-2.208174586,-0.915574926,-0.332936597
1999,0,35874810,-0.656131876,0.350086391,0.550599934,-0.367065419,0.37755867,-0.096627181,-0.688129054,0.491618241,0.388288439,-0.079762218
1999,0,35905910,-0.029028699,0.250382118,1.223992902,-0.301944707,0.612390077,0.119600172,-0.556308718,1.066093486,0.657645133,0.539975288
1999,0,35908J10,-4.382767927,-2.241779108,-2.064231759,0.162142596,-0.589749092,5.110424207,-1.233402895,-2.208174586,-2.62823463,-0.439680457
1999,0,35914P10,-0.594178897,-0.168857616,-0.286401711,-0.404674663,-0.290594466,1.1479086,-0.701039968,-0.100989729,0.82374704,0.480958933
1999,0,35921N10,-0.678732344,-0.033324818,-0.261683299,-0.114256098,-0.929721292,0.599732469,-0.68833693,-0.370451181,0.488677094,1.5193668
1999,0,35936010,-0.519388993,0.727870671,-0.565530047,-0.382924502,1.098891036,-0.0540857,-0.686812472,-0.355905803,0.705519982,0.006147399
1995,1,35939710,-1.18649955,-2.241779108,0.060661609,-0.411547036,1.667688452,3.427858824,-0.871019161,-0.074854629,0.754458963,0.072983378
1999,0,35951Y10,1.547258005,-2.241779108,-2.064231759,0.074201715,-0.824239222,-1.340431746,2.876476871,-2.208174586,-1.502657685,-1.509754143
1999,0,35952310,0.8468376,-2.241779108,1.141595316,-0.190146605,0.163310693,-0.271844227,0.103860048,0.927009094,-0.251200374,-0.198406617
1999,0,35952H10,0.421021382,0.180246682,-0.955149895,1.023702485,-0.239372156,-0.878205458,0.398704918,-0.212947778,-0.454331971,0.24389812
1999,0,35952W10,0.932566761,0.083684713,0.242538058,-0.195071026,-0.034795802,-0.077830156,0.310886458,0.328070384,0.232297133,0.454096303
1999,0,35958N10,0.557423024,1.246845853,0.273599311,-0.181743145,-0.641664058,-0.729934891,0.169680126,0.375666589,2.121191694,2.4845845
1999,0,35959030,-0.419729643,0.287189271,0.006612318,-0.315974939,-0.220450722,0.546422844,-0.646785564,0.170012257,2.179175451,2.4845845
1999,0,35969410,-0.200984133,0.686639832,0.605349604,-0.351565925,0.127256154,0.267200275,-0.436518905,0.3942988,1.220644527,1.112635858
1992,1,36090620,-0.678746022,-0.338031985,-0.154597656,0.175061297,-1.054615616,-1.151343973,-0.696500488,0.39638251,-0.894111156,-0.283103144
1999,0,36091240,0.951979978,-2.241779108,-2.064231759,2.354005766,-1.158593402,-0.773376206,0.667700491,-2.208174586,-1.518331191,0.127355695
1999,0,36091310,-1.042605691,0.128123444,0.555501676,-0.364724643,3.783489411,0.779268484,-0.845939264,0.538493623,1.303869358,0.684198071
1999,0,36092110,0.545398019,0.601822979,0.918282741,-0.343660362,0.45553895,0.316717748,0.976869132,0.688448083,1.389351404,1.268093916
1999,0,36108610,-0.420203555,0.036339429,0.605216279,-0.398927049,-0.357332536,-0.057676299,-0.312326152,0.866641187,0.827149027,0.350099007
1989,1,36110310,-1.848391881,-2.241779108,-2.064231759,-0.417391789,3.579637263,2.379909363,-0.972968349,-2.208174586,0.249474373,-0.980146574
1999,0,36114Q30,-0.617489371,0.550567586,-0.842162063,1.912366271,-1.315897456,-1.139943669,-0.621474745,-0.865677102,-0.606548085,1.371566629
1999,0,36126810,-0.312694855,0.768937135,0.774248294,-0.202371676,-0.2919424,0.110177208,-0.352554861,0.566680105,0.838132997,1.263344079
1999,0,36150T10,-0.622653655,0.172676529,0.547742278,-0.375778113,0.201815787,0.69522849,-0.715811655,0.549794347,0.138606241,-0.193175518
1999,0,36159R10,0.478731811,0.551389694,0.653489222,-0.248139653,1.005773536,-0.303616524,-0.032761689,0.810865361,0.770555529,0.618613224
1988,1,36161410,0.215413448,0.239939226,-0.457663493,-0.416344728,1.105705367,0.264347089,-0.253643496,-0.273665124,0.316300688,-0.897055357
1999,0,36225V10,-0.749707067,-0.428681244,-0.552506373,-0.382796024,-0.087874347,-0.110913892,-0.778965682,-0.628834606,0.505674643,0.056460285
1999,0,36227K10,-0.099630732,-0.063210659,-0.073807564,-0.387995051,0.376248556,0.221163916,-0.508759184,0.130553531,0.023915603,-0.582685327
1999,0,36228930,0.722979694,1.233617459,0.358289421,-0.314757677,0.840661013,-0.578805041,0.003258304,0.773050003,0.509740125,0.052336524
1999,0,36229U10,0.404145648,-0.185243221,-0.228838562,-0.265248373,-0.306353538,-0.373468603,-0.301745794,-0.677550497,0.584923804,0.697248263
1999,0,36230D20,-0.059580182,-1.069322118,-1.096757796,0.231974996,-1.0703029,-0.978157824,-0.239630533,-2.208174586,-0.868804741,-0.05433207
1999,0,36230F10,-4.382767927,-2.241779108,-2.064231759,3.328540104,-0.883846612,3.43249132,-1.233402895,-2.208174586,-2.133581624,0.004847247
1990,1,36237010,-0.589604663,-0.429375277,-0.806535032,-0.333391653,-0.532262967,0.871756399,-0.670841918,-0.239627011,-0.867113717,-0.753350381
1999,0,36237H10,0.933864729,0.602745006,1.029753176,-0.349566554,1.464267742,-0.667335799,0.116735419,0.755460473,0.344273603,-0.441548515
1999,0,36238G10,0.829285922,-0.784169239,-2.064231759,0.211860225,-1.30445256,-0.754515221,0.210477928,-2.208174586,-0.964705161,0.583171382
1999,0,36238K10,0.018177111,0.236103453,-0.13284061,-0.41768469,2.684427825,0.569806453,-0.598141446,0.210102283,0.937752617,-0.398790748
1999,0,36238T10,-1.276300495,-1.286079845,-1.133548371,-0.112107864,-0.455674333,0.493526595,-0.944276773,-1.354378192,0.036119982,0.674836884
1999,0,3.62E+24,-4.382767927,-2.241779108,-2.064231759,2.227783574,-0.819561128,5.110424207,-1.165032965,-2.208174586,-2.587416988,-0.45944902
1999,0,36244710,0.8901412,-2.241779108,-2.064231759,-0.011861225,-1.306630612,-0.688344202,0.280282631,-2.208174586,-1.561918195,-0.229958586
1999,0,36268Q10,-0.049931882,0.377306537,0.335317458,0.477831815,0.520351616,-0.240451249,-0.475183261,0.531231073,-0.125776395,0.450486817
1999,0,36317Q10,-0.13161531,-0.74044633,0.396590315,-0.31409032,-0.067226154,-0.029792956,-0.469073802,0.772697514,-0.157255936,-0.271007137
1986,1,36318010,-3.410952747,-1.133507527,-0.943851681,-0.425739828,-1.242069133,1.287809976,-1.233175912,-1.038818098,-0.915447826,-1.313893504
1999,0,36352K10,0.142291814,0.248084015,0.081518134,-0.427117541,-0.276659769,1.105182065,0.312789324,0.040589941,1.078394143,-0.306800652
1999,0,36357610,-0.68489955,0.561428382,0.60510131,-0.309617866,-0.603635242,0.604345133,-0.76371343,0.62109497,0.898734573,1.309628772
1996,1,36465R10,-2.397153339,-2.241779108,-2.064231759,-0.347954716,0.442058722,5.110424207,-1.037164573,-2.208174586,-0.647319365,-0.474207142
1999,0,36466510,0.374635582,0.079152092,-0.080631151,-0.131480268,-0.576820995,-0.468999107,-0.168487534,0.051106393,-0.66577169,-0.345445668
1999,0,36466D10,-0.038321162,0.44216027,0.880478948,-0.063695932,-0.577242841,-1.238521606,0.911146242,0.660609906,-0.162662375,-0.178448853
1999,0,36467A10,0.169751,0.108685448,-0.400675381,-0.277020535,0.065990409,-0.865424903,-0.068422015,-0.320453687,-0.404093454,-0.796782725
1996,1,36471710,-1.192730912,-1.879801334,-2.064231759,-0.315582384,0.281146355,1.194052107,-0.861459635,-2.208174586,0.021016029,0.071189287
1996,1,36471910,-1.653832036,-0.876004146,-1.256089737,-0.423907486,3.746478326,1.653269709,-0.915640007,-2.208174586,0.609267292,-1.002126075
1999,0,36473010,-0.678960391,1.184111805,0.980722009,-0.094483267,-0.718254363,-0.131845178,-0.665101925,0.817415881,1.75566945,2.4845845
1999,0,36476010,-0.471551505,1.485390003,2.142463254,0.403072393,1.16049951,0.12503929,-0.645713821,1.549445583,2.07043533,2.4845845
1999,0,36555810,0.157725276,0.206521156,0.442747731,-0.358163367,-0.413028218,0.211444653,0.155592107,0.429170186,0.650369584,0.619044454
1999,0,36590010,-0.573898585,0.177805819,-0.556964904,-0.247250009,-0.707329665,-0.672300383,-0.632835792,-0.191571463,-0.480157782,-0.362659483
1999,0,36665110,-0.913197723,0.451856553,1.162858561,-0.297671951,-0.344615888,1.16165022,-0.823611153,0.840564966,0.9749469,1.408204407
1996,1,36759610,-0.207305868,-0.072334349,0.925304448,-0.143339092,0.592433016,-0.028523463,-0.549848812,1.094292563,-0.332365389,-0.245593068
1999,0,36790510,-1.237212667,0.572550197,-0.208666962,-0.346195038,-1.045885516,-0.259385946,-1.099426472,1.448414809,0.831072023,1.229811582
1999,0,36806610,-1.168330504,0.059924879,-0.268717747,-0.306769033,-0.952286219,-0.704563212,-1.020491399,-0.004307958,-0.756639101,-0.661300704
1996,1,36814410,-0.594767678,-0.233450896,-0.968689975,-0.349712546,1.701648478,0.560595785,-0.74097299,-1.218904404,-0.615272825,-1.185486582
1999,0,36829D10,-0.617307502,0.119055044,-0.302147645,-0.267263214,-1.041074391,-1.1335187,-0.64099925,-0.073052602,-1.351225165,-1.379180431
1999,0,36848310,0.40365447,0.886718576,1.027986148,-0.361977146,0.287802993,-0.09419049,-0.134717227,0.801569715,0.600876837,0.216659531
1999,0,36853310,1.089911524,-2.241779108,-0.736266549,-0.242349383,0.29251175,-0.390237764,-0.002275162,-2.208174586,-1.585995694,-1.87780996
1986,1,36865110,-2.519613063,-1.300507654,-0.281693932,-0.403683758,0.096921191,1.115294409,-1.193674531,0.09323864,-1.059323614,-1.750222657
1985,1,36866610,1.387422197,0.726855047,-0.48829727,-0.235872137,-0.931221107,-0.983899534,1.928487316,-0.830215026,-1.333874295,-1.287915441
1999,0,36868210,-0.768243265,0.22862096,0.155154685,-0.404224407,-0.39347346,1.24659128,-0.789248729,0.501606158,1.124629194,0.885122291
1999,0,36868410,0.001303739,1.097326505,-0.24208342,-0.383825223,0.282793324,-0.475369208,0.304818609,0.220826075,0.726392431,0.059480123
1999,0,36870620,0.080868234,-2.241779108,-2.064231759,1.912872977,-0.602913789,-0.016918201,-0.495836152,-2.208174586,-0.816094216,0.561913444
1999,0,36871040,-0.333977825,-0.385914058,-0.169877577,1.33872842,-1.1496969,-1.028148476,0.128918747,-1.03806426,1.211082126,2.4845845
1999,0,36874R10,-0.498800686,-2.241779108,-2.064231759,-0.318685848,-0.756826025,-1.400495434,-0.224209243,-2.208174586,-2.478778474,-2.213994822
1999,0,36914710,1.730581092,-0.261139006,0.856501135,-0.333549626,0.237225824,-0.315283566,2.876476871,0.718389769,-0.07589575,-0.441632111
1991,1,36928210,0.315370643,-0.5136873,-1.189441623,-0.425302939,0.488636621,1.438343639,-0.211104308,-1.487575634,-0.134534899,-1.531418777
1999,0,36930010,0.212837637,0.267711166,0.348673126,-0.418067192,0.128675286,1.099193457,-0.334063747,0.259058046,1.389406085,0.628630641
1999,0,36933220,-0.070535645,0.664166834,0.561425751,-0.419527053,-0.382760899,1.496925977,-0.225751401,0.227886365,0.55841339,-0.114991482
1999,0,36938510,-0.633839359,0.147814877,-0.025236575,-0.396761292,-0.888150183,0.432104589,-0.563411251,0.017232861,0.59155299,0.561925982
1999,0,36945110,-0.682373377,-1.079943152,0.296456887,-0.409407812,-0.747918716,0.827314659,-0.762933386,-0.126196465,-1.009923637,-1.476179235
1999,0,36948760,-0.225925151,-1.489754979,-1.233723759,-0.396041342,0.000276706,0.963085255,-0.542470825,-0.948403612,0.397238074,-0.00213424
1999,0,36955010,-0.731603867,0.871314149,0.796510265,-0.280793947,-0.074339979,0.194005228,-0.772273378,0.862568653,1.966795968,2.279354614
1999,0,36973010,1.278425031,0.939257238,1.514436067,-0.138624692,1.097778106,-0.783817691,0.552021724,1.219612537,-0.183268613,-0.457377721
1987,1,36978410,-0.822595768,-1.130695745,-1.087226489,-0.42647433,-0.965636632,0.374007505,-0.893651055,-0.835553011,-0.564409645,-1.659554156
1985,1,37001910,0.744821224,0.121303869,0.84893355,-0.229364425,-1.092976417,-0.940953601,2.232487348,2.000564954,-0.343965542,0.062042799
1986,1,37007510,1.685741248,-2.241779108,-2.064231759,-0.333916763,-0.799110874,-0.876229692,0.841354034,-2.208174586,-1.470986191,-1.798945495
1999,0,37017210,0.328114932,-2.241779108,-1.022210103,-0.420409086,1.043036835,5.110424207,-0.361211544,-0.73078737,-0.77766246,-1.604181278
1999,0,37033410,-1.688760321,0.89150387,1.430921667,-0.279120474,0.279697959,1.640122097,-1.05392347,1.002139031,1.851607761,2.308644221
1988,1,37101830,0.129317751,0.395616831,0.395905139,-0.423866598,-0.852763604,0.539855678,-0.533211122,0.233754749,-0.676858907,-1.613546008
1999,0,37153210,0.72647699,0.131211711,0.883510719,-0.367667162,0.778237483,0.342862759,0.156276192,0.683442513,0.87713872,0.484285616
1999,0,37155910,-0.798527983,0.384223175,0.309434272,-0.413707979,-0.721110502,0.608316807,-0.810386767,0.389157372,0.407691872,-0.053026151
1999,0,37160120,0.000247287,1.485390003,-0.308456199,-0.280715743,-0.841120901,-1.22101887,1.307353711,-0.119385244,-0.127314166,-0.340549521
1999,0,37190110,0.412255474,1.330288097,1.518676703,5.970351889,-0.500388595,-1.436280906,2.876476871,1.3835507,0.566607061,1.547227881
1999,0,37191510,-0.845915789,0.258210463,0.526502802,-0.298709868,-1.076614072,-0.060612782,-0.937354396,0.400505444,0.139850642,0.758422857
1999,0,37192410,-1.668411239,-1.520313417,-2.064231759,-0.350021796,-1.3157846,2.123295014,-1.170547929,-2.208174586,-1.598961992,-0.330213225
1994,1,37229820,-3.052024369,-2.241779108,-2.064231759,-0.424439875,0.717106768,3.848853883,-1.026707561,-2.208174586,-0.767645573,-1.95936661
1999,0,37232H10,0.531590317,1.36903362,1.836555967,1.631243049,-0.221005444,-0.993848135,0.275029113,1.375119551,0.158325326,1.002771796
1999,0,37245X20,-0.442850731,0.145384188,0.470797284,-0.418202386,-0.507573512,1.391559757,-0.558295711,0.29452429,1.069510877,0.553876
1999,0,37246010,0.872521735,1.005373422,0.9716569,-0.262982302,0.921129444,-0.291047761,0.348178047,0.749628179,1.920998097,1.888848899
1999,0,37246B10,-0.725040375,-0.091525346,0.042864171,-0.364413228,-1.016215346,-0.011443786,-0.743346746,0.134117231,-1.002969631,-0.895551238
1999,0,37246F10,-0.910337587,-2.241779108,-2.064231759,0.020549812,-1.128505853,1.412624389,-0.810313049,-2.208174586,-2.363080958,-1.118182806
1999,0,37248110,0.347348396,-0.225550068,-1.326599008,2.592547271,-1.363863457,-1.505889267,2.876476871,-0.950750513,-1.624337064,0.50323848
1999,0,37249N10,-1.06121002,-2.241779108,-2.064231759,0.449225507,-1.350288644,-1.316982117,-1.233402895,-2.208174586,-2.509423701,-1.053552376
1999,0,37291030,-0.774072038,-1.736077352,-2.064231759,-0.42264702,-1.016519413,2.425073636,-0.806510194,-2.208174586,-0.589598399,-0.992683452
1992,1,37291210,-1.969979162,-1.147396136,-1.45557212,-0.424398701,-0.593945159,1.510647093,-1.014760378,-1.935569067,-0.190470881,-1.121846519
1999,0,37291710,0.373074303,0.788818631,0.915253725,0.196595752,-0.865619279,-0.763971813,1.389507393,0.819774921,0.91760419,1.822874539
1999,0,37320020,-0.467230857,0.203036102,0.44135741,-0.370753868,-0.494892234,1.286244705,-0.525815967,0.31355069,1.036605903,1.209785328
1989,1,37365810,-0.130272482,-0.988540766,-2.064231759,-0.374022741,-0.01311138,0.236482432,-0.565585228,-2.208174586,-0.975424664,-1.459072741
1999,0,37367810,-1.622908506,-2.241779108,-2.064231759,-0.109507061,-0.614240925,0.943699882,-0.959597009,-2.208174586,-1.314807838,-0.6646461
1991,1,37369Y20,-1.295138509,-2.241779108,-2.064231759,-0.134950985,-1.281979007,1.578966347,-0.863110883,-2.208174586,-2.21390808,-0.696968003
1999,0,37373010,0.036113183,0.75035726,0.390035777,-0.367491019,-0.170558203,0.069382358,-0.131078944,0.413338199,0.902425443,0.704432873
1999,0,37373710,-0.549111115,0.274019336,0.494602028,-0.4026939,-0.788078593,0.396273873,-0.670665554,0.481217816,1.338809259,1.221242033
1999,0,37373P10,-0.579599143,0.613945618,0.147244505,-0.383110574,-0.130468899,-0.051658302,-0.668599559,0.259800523,1.270181309,0.941193393
1999,0,37416310,0.892606323,-2.241779108,-2.064231759,-0.050665629,-1.283664138,0.182318935,1.352069408,-2.208174586,-0.971892452,0.558282944
1999,0,37425310,0.506551366,0.752174676,0.212596691,-0.398144071,2.612491592,0.131115309,-0.422516182,0.27336541,0.315224404,-0.765899746
1999,0,37427610,-0.34683096,-0.056334609,-0.585550988,0.309285729,-1.081080158,-0.990275096,-0.115701642,-0.361702118,0.544343243,1.583842411
1999,0,37439310,-0.011593309,0.520043892,1.169962903,-0.268686771,4.036249207,-0.069437929,-0.538645302,0.98910335,1.491522313,0.530769843
1999,0,37468910,-0.051679628,0.510569745,0.526500203,-0.37345937,-0.030383935,0.355695387,0.066828137,0.431370778,0.909122136,0.688090932
1984,1,37475910,1.569339883,1.24099531,-0.71999987,-0.388228768,-1.131823083,-0.765118049,0.564357212,1.104461129,-1.005832373,-1.208685367
1999,0,37517510,1.107777168,0.779828454,0.078353989,-0.147741138,0.056406185,-0.693007265,0.383873869,0.315487597,-0.110034131,-0.101955985
1999,0,37555810,1.639036974,-1.674986913,-0.990813529,0.678240513,-0.941656882,-0.643203706,2.750421368,-0.890077295,0.392484769,1.617472728
1980,1,37584710,-0.463130509,0.09336081,0.227421594,-0.355980061,2.605641106,1.235975181,-0.718920825,-0.160081781,0.238459065,-0.26049488
1999,0,37590810,-0.235739341,0.426260529,0.58600766,0.111160244,0.351841545,-0.875868106,-0.261898651,0.551505315,-0.086841745,0.032755199
1999,0,37591610,0.837589253,0.380356438,0.797561462,-0.275791894,-0.059106111,-0.060376079,0.360526458,0.672589372,0.662816504,0.762289741
1992,1,37636510,-1.464824866,-1.293395015,-2.064231759,-0.419469972,2.355017712,2.722394291,-0.889615663,-2.208174586,1.021861811,-0.032905841
1999,0,37639510,-0.338686125,0.185700434,-0.197517956,-0.394831378,-0.660539747,1.285811708,-0.063590845,-0.226026737,-0.03996318,-0.13463889
1981,1,37711810,-0.026178927,0.421886892,0.525652849,-0.142901882,-0.656879147,-0.618943825,-0.219778116,0.721037001,-0.142495102,0.207861662
1999,0,37722620,-0.398091521,0.308768529,-0.359265067,-0.41461897,0.560371195,0.732026772,-0.627491387,-0.42072567,-0.433821062,-1.475916939
1999,0,37731610,-0.313184285,0.978301614,0.268887748,-0.368309055,-0.611819781,0.350954048,-0.245526622,0.387577498,0.94484878,1.015816199
1999,0,37733W10,-0.495322225,0.285043782,1.635930129,0.1340373,-0.457480887,0.506148127,-0.697097425,1.261994716,2.135527552,2.4845845
1999,0,37783410,-0.728321268,-0.328887856,-0.204190429,6.6953604,-1.248777092,-1.505889267,-0.20118853,0.103769796,-1.173843067,0.086756994
1999,0,37851P10,-0.279877152,0.188641804,0.62400294,-0.390832037,0.583541027,0.564149026,-0.663311337,2.000564954,0.339595797,-0.234168208
1999,0,37891310,-0.172164327,-0.171962475,-0.574984675,-0.309526167,-0.2916969,-0.680257311,-0.412469289,0.077313647,-0.194059868,-0.444566042
1999,0,37898910,-4.382767927,-2.241779108,-2.064231759,-0.360345998,-1.218072599,5.110424207,-1.233402895,-2.208174586,-2.763557265,-1.399216467
1999,0,37931N20,-1.393250796,-1.261882836,-0.291502287,-0.406517959,-0.485887566,0.36673242,-1.024978047,-0.070552461,-0.767208141,-1.392639061
1999,0,37933610,-0.498171683,0.57199119,-0.030788875,-0.287525934,-0.799256341,-0.170831053,-0.442288818,0.105172337,0.721497523,1.125088602
1981,1,3.79E+14,0.108702265,-1.840096839,-1.776072021,0.12213162,0.343912187,0.25821941,-0.52336903,-1.386440863,-1.154684177,-0.742054153
1999,0,37934J20,0.229445698,-0.049283121,0.113136233,0.430168326,-0.502820168,-0.67791245,-0.020798623,0.029902781,-1.230074726,-0.635154657
1999,0,37934X10,-1.299656577,-0.62195257,-1.655452835,-0.356869392,-1.024152256,1.233467367,-1.021077376,-1.655346987,0.155891038,0.713670545
1999,0,3.79E+14,-2.653915981,-2.241779108,-2.064231759,-0.367200127,0.321941927,5.110424207,-1.114778168,-2.208174586,-0.973507477,-0.932224715
1999,0,37935M10,1.448196525,0.130465508,-0.055058279,6.6953604,-0.730284715,-1.213757129,2.236216846,0.206646095,-0.330471867,1.094917235
1999,0,37936S10,1.662244555,0.764632837,1.594224064,-0.11455841,0.517856992,-0.549889811,1.674690336,1.113509435,-0.141961829,-0.148539164
1999,0,37940U10,0.350624491,-2.241779108,-0.266697341,-0.22797359,-0.462649807,-0.106452324,0.068699772,-0.170906413,-0.610032622,-0.394118821
1999,0,37944W20,-0.431688377,-2.241779108,-2.064231759,0.066233812,-0.674977783,-0.770010955,-0.561391524,-2.208174586,-0.895861125,-0.453653053
1999,0,37954110,-4.382767927,-2.241779108,-2.064231759,-0.200644803,-1.153336238,5.110424207,-1.233402895,-2.208174586,-2.763557265,-1.124225707
1999,0,37956X10,0.331023829,-0.319328945,-1.065321125,-0.158687854,-0.421852181,-0.47254585,-0.311967911,-0.817492089,-0.097880256,0.168155903
1999,0,37988710,-1.950595891,-2.003503868,-2.064231759,-0.365321301,1.05657839,2.111378796,-0.938578037,-2.208174586,-0.226355919,-0.50369638
1999,0,37989P20,1.07802226,-2.241779108,-2.064231759,6.6953604,-1.106382396,-1.001641309,0.68177981,-2.208174586,-1.516880446,0.507519378
1999,0,37989R20,-0.076173034,0.3614097,0.243283921,-0.412610707,-0.199220757,0.685495895,-0.496902817,0.31490897,0.523992591,-0.137840329
1999,0,38059T10,-0.816723616,0.969815208,0.335090098,0.255700145,-1.010560477,-1.390878623,-0.938385922,0.589284522,1.084128105,1.616521554
1981,1,38064610,-0.377638457,1.05333171,-0.007509095,-0.268837672,-0.748651457,-1.025635719,-0.360225924,2.000564954,-0.592317249,-0.72186072
1995,1,38070810,-0.024277488,-0.919715329,-0.561881384,-0.30090641,0.304962417,-0.059243446,-0.480711754,-1.27295652,0.349762817,0.225269271
1999,0,38095640,0.257551875,0.238891033,-0.111890939,0.499363939,-1.052058457,-1.086660096,2.100291567,0.520085182,-0.076875659,0.875626837
1999,0,38096110,-4.382767927,-2.241779108,-2.064231759,-0.376677702,-1.363863457,5.110424207,-1.233402895,-2.208174586,-2.763557265,-1.237033164
1999,0,38101010,0.488061325,1.156123732,0.526321441,-0.214998,2.083984933,-0.815748868,0.325525901,0.313162805,0.278268148,-0.241537376
1999,0,38114910,-2.520384779,-2.241779108,-2.064231759,0.007987564,-1.363863457,0.16726398,-1.233402895,-2.208174586,-2.763557265,-1.06566665
1999,0,38119T10,-0.486921707,-2.241779108,-2.064231759,-0.335868653,-1.218692954,-0.639898306,-0.382675328,-2.04903139,-0.706070499,-0.261090338
1999,0,38137010,0.734461964,-0.595452704,0.36814665,-0.032919299,0.023472372,-1.314242622,1.673962652,1.118401638,-0.449947569,-0.809313012
1999,0,38137C10,0.108900115,0.374889364,-0.158085066,-0.403908097,-0.142406944,-0.202113794,-0.093440691,1.342303369,0.66704061,-0.034155334
1999,0,38144H20,-0.627158454,-0.165733589,2.125941301,-0.30516519,0.283097745,3.731455575,-0.738391645,1.016924879,-0.034525481,0.332134382
1997,1,38168F30,-0.420254145,-2.241779108,-2.064231759,0.530607863,-0.57985254,-1.366901975,-0.144496376,-2.208174586,-1.258766569,-1.15598985
1999,0,38214088,-0.534845767,-1.732725035,0.355734414,-0.286539525,0.425910216,-0.496375654,-0.616042376,0.159917166,-0.606314925,-0.974316038
1999,0,38216R10,0.054173372,0.691622947,0.557835583,-0.391243487,2.062672478,0.245633195,-0.542518252,0.458684494,0.721028564,-0.130922481
1999,0,38238810,-0.399742778,0.090582171,0.728206301,-0.382858532,-0.230020179,0.718543872,-0.574611772,0.320341487,1.776039417,1.723623359
1999,0,38241040,-0.760530649,-0.319891579,-0.035878341,-0.412835632,-1.103332091,0.95001133,-0.791658953,-0.099633808,-0.602631763,-0.712450355
1999,0,38255010,-0.427904668,0.443576641,0.073463574,-0.39697009,-0.266221901,0.38993938,-0.606725186,0.236565274,2.110746392,1.887686055
1999,0,38308210,0.70422214,1.227451999,0.830831022,-0.211519218,0.103983422,-0.623863321,1.184123011,0.746154056,0.415955552,0.390508976
1993,1,38345010,0.654058326,0.301147124,1.009627669,-0.289790319,1.684604262,-0.024519867,-0.342030099,0.674721462,-0.286152798,-0.70565807
1999,0,38348510,0.325262761,0.338970592,0.203314655,-0.403507953,0.597095872,0.368463799,-0.036516656,0.254610084,0.858932342,0.129222927
1999,0,38388F10,-0.697777487,-0.00209932,0.257305557,-0.402849728,-0.710935175,1.253390453,-0.751013195,0.475091264,1.250697055,1.222668893
1999,0,38410910,0.066504157,0.200547262,2.142463254,-0.155892061,0.743826581,0.627619152,-0.380240272,1.775268539,0.77414707,1.093218144
1999,0,38431310,-0.385373607,-1.237640342,1.039125565,-0.387097264,-0.370879703,2.364319119,-0.604268177,0.412321774,1.024032923,1.134256875
1990,1,38437520,-0.528384631,0.763258013,-0.398932324,-0.411552991,1.320095832,0.168791185,-0.711539908,-0.52885429,0.868401155,-0.205693756
1999,0,38455610,0.405154587,0.871043848,0.008662834,-0.391048921,-0.111720026,-0.07047081,-0.144207543,-0.043949219,-0.191626064,-0.789305571
1999,0,38480210,0.005818825,1.324004247,0.64417897,-0.163257009,0.622694104,-0.325891643,-0.418399468,0.580378331,1.696753297,1.895475245
1999,0,38611W10,1.321578862,0.18626768,0.232975611,-0.357634087,-1.203064169,-1.142624177,1.361372216,0.364091807,-1.912289043,-2.086479477
1999,0,38649020,1.067599392,-0.543127602,-0.165084484,-0.214138903,0.827908267,-0.641852914,0.518620132,-0.129833351,-0.206947349,-0.496506244
1999,0,38724110,-0.644001259,0.204802181,-0.051444714,-0.404751629,-1.147554198,0.350382089,-0.492916048,0.541039473,0.344842891,0.478653507
1999,0,38732810,-0.067442494,0.851830046,0.646262387,-0.33838694,0.835230576,-0.034295951,-0.488531818,0.62925473,1.210137367,0.921778227
1999,0,38870710,1.775521363,-0.969470576,-2.064231759,6.6953604,-1.109416801,-1.453975106,2.876476871,-2.208174586,-1.129698513,0.575912364
1999,0,38937510,-0.696806525,0.219929289,0.035695543,-0.393947825,-1.132127055,0.66173877,-0.593695725,0.051690791,0.328932651,0.655172692
1994,1,39000520,-3.214558302,-0.862175588,-0.087382351,-0.424401696,-1.008566508,1.091139192,-1.233402895,-2.208174586,-0.419942238,-1.109950251
1999,0,39006410,-0.652536798,0.304159119,0.173335319,-0.406639355,2.067911788,0.667427835,-0.73244663,0.143086194,2.01633577,1.184278706
1981,1,39013610,-0.919474086,-0.115788829,0.45751338,-0.304468559,-1.069409109,1.126049828,-0.900761801,0.984534586,-0.442804148,0.326575718
1999,0,39054K10,-0.814575635,-0.147920936,0.204275657,-0.422064044,-0.38024078,1.26853234,-0.825189461,0.236057101,0.292666248,-0.569837799
1999,0,39101810,-1.174407845,-0.249167595,0.257570427,-0.232282566,-1.025055027,-0.091177829,-0.923605378,0.565435248,-1.23687669,-0.679428766
1999,0,39116410,-1.102968741,0.363297257,0.266518009,-0.387629377,-1.039914848,0.518415299,-1.127597619,0.295958897,1.054508621,1.369799034
1984,1,39128810,-0.559633727,-0.067546382,-1.154005191,-0.409738746,-0.521182874,0.71201731,-0.669218169,-2.055799268,-0.711275611,-1.306502893
1999,0,39312210,0.067836225,0.016924572,1.103348478,-0.260867099,1.698350906,-0.055708218,-0.341830516,0.787915429,0.012958601,-0.298355397
1999,0,39537930,-1.607417142,-2.241779108,-0.563919959,-0.397426755,-0.063477034,0.927244166,-1.046769832,-2.072692353,-0.533822699,-1.048003212
1999,0,39571U10,-0.902872689,-1.480013608,-1.415948025,-0.062764213,-0.797786729,-0.208528005,-0.897846302,-1.543571456,-1.225048754,-0.646468098
1999,0,39762410,-0.234466175,1.133139739,0.293672531,-0.331707831,-0.361634506,-0.198239727,0.273157462,0.487449029,1.018181962,1.034749153
1999,0,39788710,-1.002757347,0.187009784,0.111534158,-0.379063089,-1.087103822,-0.343479267,-1.035763729,0.291049823,-0.622520998,-0.587913588
1999,0,39788810,-0.631182891,-0.497981704,-0.703168811,-0.336035767,-1.011655275,0.594927638,-0.585538571,-0.486650653,0.337784536,0.900889672
1999,0,39823110,0.287949135,0.115718771,-0.003381485,-0.257367554,-0.748222873,-1.090318164,2.52619592,0.242345604,0.000941292,-0.078371977
1999,0,39843310,0.392325283,0.828237534,0.336953167,-0.374503632,0.813263439,0.006203412,-0.064098575,0.365250929,1.110189509,0.60315984
1999,0,39850220,-1.797546231,-1.049618405,-0.120550669,-0.365464361,2.531796042,0.424735248,-1.127451109,-0.122462843,-0.189095193,-0.939671359
1983,1,39885610,1.618371015,1.485390003,1.192489415,2.119960324,-0.780361999,-1.465669144,2.876476871,1.053269499,-0.64043266,-0.117923854
1999,0,39890510,-0.441589611,0.227843637,0.49763035,-0.397932417,1.991319434,0.601174588,-0.689767164,0.377619643,1.462049274,0.701147096
1999,0,39899X93,-1.121297558,-0.136197548,0.079209042,-0.362863489,0.257939586,0.128985714,-1.017213689,-0.014436327,1.065891982,0.799833415
1996,1,39921510,-1.208229365,-1.924703537,-1.172199843,-0.416897011,2.160382643,1.130711723,-0.867634464,-2.208174586,0.719758159,-0.453065646
1999,0,39944910,-0.644937773,0.703837276,0.445470942,-0.305842249,-0.376952605,0.042208519,-0.71509396,0.414997504,2.126027001,2.454384198
1999,0,39945510,-0.404703783,0.705136453,0.403287979,-0.315994369,0.776466631,-0.240383283,-0.615485569,0.423656455,0.508220231,0.18338158
1999,0,39945C10,-0.385220828,0.400084142,0.97308736,0.385978367,0.462874682,-0.54868016,-0.571806937,0.753825153,1.233509753,1.826447933
1999,0,40009520,-0.75941694,-1.364653795,0.810442662,-0.245334505,3.079634667,-0.265178539,-0.784246624,0.783666175,0.638283644,0.212446377
1999,0,40013130,-0.196476349,-0.063541479,-0.112072677,-0.4009567,-0.535678767,-0.250244998,0.066489135,0.026140816,1.294699623,0.870355135
1999,0,40048840,0.020648686,0.798917909,0.211757081,-0.070017299,-0.47819066,-1.246477259,0.859502717,0.500262603,0.836152351,0.870967451
1999,0,40048P10,0.183699691,0.318802766,-0.159488233,-0.380873442,1.834824888,0.196624958,-0.430145816,-0.237344548,1.225365593,0.557344248
1999,0,40049110,-0.506841936,0.378989284,0.2772959,-0.411926437,-0.901254646,0.338173366,-0.484625313,0.694081271,0.508684338,0.190481083
1999,0,40049C10,-0.488783105,0.070106719,0.762103583,-0.01341429,-0.880650053,-1.146987751,-0.197199331,0.511148126,0.075330029,0.450373344
1999,0,40049J20,0.615732342,0.652495194,0.336723417,0.391609719,-0.908945,-0.022387726,1.15695588,0.277625008,1.351022051,2.4845845
1999,0,40050A20,-0.483222037,0.485308991,0.386198935,-0.122499166,-0.304017655,0.228620528,-0.678031586,0.550926659,1.16435636,1.796251359
1999,0,40050B20,-0.571818069,0.160381618,-0.194521587,-0.305722681,-1.058808181,0.361130639,-0.592371696,0.263629436,0.77514672,1.525893083
1999,0,40051D10,-1.537181768,0.088200685,-0.049724977,-0.4134951,-1.057709348,0.857038321,-1.058978025,-0.680064783,0.657043609,0.596162078
1999,0,40065W10,-0.365914922,0.3126982,0.103490639,-0.248202419,-1.192090789,-1.224663216,-0.302534661,0.433887967,0.495595279,0.907821506
1999,0,40091040,0.082978725,-2.241779108,-2.064231759,0.019904645,-0.744109954,-1.000365026,-0.049448126,-2.208174586,-1.603620288,-1.383144831
1999,0,40133930,-1.005575357,0.650517831,0.765219408,-0.330657087,-0.817160149,0.064230004,-0.925698028,0.393200075,-0.027641977,0.207001107
1999,0,40161710,0.106269567,0.849341649,0.858026731,-0.125884796,0.339241094,0.045319086,-0.28253959,1.043764545,0.867550346,1.20484827
1999,0,40171F10,1.243514158,-2.241779108,-2.064231759,2.750533731,-0.888500314,-0.841994396,0.794910223,-2.208174586,-1.163612879,0.19215313
1984,1,40218210,-0.431971687,0.166997852,0.439313635,0.095722077,-1.037527577,-0.723030808,-0.13881515,0.29252729,0.12893686,1.063380654
1983,1,40227410,-4.382767927,-2.241779108,-2.064231759,-0.424375687,0.099101355,4.283333292,-1.197835916,-2.208174586,-0.893870386,-1.906742718
1999,0,40230710,0.328259465,0.799785054,0.534978145,-0.046505657,0.053235551,-1.028458085,0.300154009,0.579569099,0.257569239,0.248171984
1992,1,40257110,-1.604492838,-0.233797961,-0.17195644,-0.425767621,-1.088004208,1.144707657,-1.148490992,-0.905069224,0.106984866,-0.527657726
1999,0,40262910,-0.322131221,0.38886985,0.12213144,-0.38356946,-1.077380075,0.258585752,0.565112159,0.160470626,0.055655698,0.286709494
1999,0,40263530,-0.877186848,-2.241779108,-0.182436727,-0.24590305,-1.040967881,-0.764666041,-0.854681629,0.241468754,-0.727749065,-0.377726991
1999,0,40274110,-0.787296968,0.684795523,0.271943903,0.391315913,-1.061597763,-1.342783658,-0.849959867,0.519255533,-0.253371675,0.348769599
1999,0,40299Y93,0.460312427,0.72178772,0.222847541,-0.387726894,-0.128818072,-0.324609425,0.031374361,0.3154519,0.414371162,-0.147952865
1999,0,40377710,0.01661473,1.063230762,-0.503694626,-0.343161765,0.675380924,-0.573026836,-0.075436615,-0.175496393,0.769280332,0.254092853
1999,0,40391810,-0.883292035,-0.313262183,-0.864476914,0.468260767,-1.291611698,-1.166370676,-0.949224634,-0.58191551,-1.527446261,-0.252301575
1993,1,40407310,-2.003573362,-2.241779108,-0.883504638,-0.426654179,1.884450027,5.110424207,-1.063591683,-2.208174586,0.625465819,-0.590163469
1999,0,40411900,-0.696848641,0.600645625,0.490543063,-0.328030995,-0.262324667,0.286253656,-0.73655554,0.372001341,2.179175451,2.476684492
1999,0,40416010,0.405120987,0.65363823,-0.263931856,-0.174666279,-0.064818096,-0.627872614,0.396112228,0.044770902,-0.376048705,-0.375059138
1999,0,40416510,0.16521297,-2.241779108,-0.445584,-0.0788821,0.511844042,-0.676318603,-0.294307302,0.421536515,-1.145838502,-1.27888667
1999,0,40420K10,-0.521636018,-0.874062775,-0.383411738,-0.364828948,-1.305081305,-0.35073983,0.197993805,-0.165732039,-0.458725236,0.307686771
1999,0,40422Y10,-0.583345595,-0.038941491,-0.654151237,0.958083647,-1.352636133,-1.429262301,-0.012619032,-0.333223028,0.192915701,2.008429241
1999,0,40425110,-0.42300708,0.918384547,1.045897511,-0.219108047,0.855666684,-0.25096619,-0.566316042,0.751291711,1.32811523,1.354646966
1999,0,40425J10,0.688234247,0.4806094,0.340271662,-0.307535207,-0.392972144,-0.693081503,0.011936866,0.49249329,0.23662782,0.082086726
1982,1,40427610,0.660637971,-0.034220682,-0.080949253,-0.355404837,1.720940126,-0.051507739,-0.332464417,-2.208174586,-0.550096114,-1.293850059
1983,1,40429410,0.087336442,0.528156859,0.429664651,-0.379957203,-0.575957364,0.066922989,0.484482862,0.567271779,-0.79641287,-1.115278198
1999,0,40460910,0.136647045,-0.560944556,0.591459231,1.138784444,0.09020339,-0.699254898,-0.302291362,0.152361974,0.564035189,1.400462299
1999,0,40490610,0.724668242,-2.241779108,-2.064231759,-0.235366978,-1.146972428,0.010381285,1.304141137,-2.208174586,-0.968827372,-0.171063635
1999,0,40502410,0.371475696,1.204145079,0.459643782,-0.171773002,-0.478030719,-0.369171195,-0.06256473,0.474411057,0.589766629,0.980937086
1999,0,40521710,-0.531897695,0.240328065,0.411021177,-0.321006704,-0.55194598,0.247968179,-0.534893607,0.373506334,0.470970069,0.680746626
1999,0,40562010,-0.354141214,0.51397945,0.058169051,-0.389819759,-0.088970767,0.343289894,-0.563885655,0.106151307,0.071689658,-0.383862604
1999,0,40575210,-0.327026586,-0.382797648,-0.129585582,-0.399330393,0.800876374,1.781888651,-0.669668338,0.66432557,-0.063291044,-0.643773337
1999,0,40609230,-0.230213508,-2.241779108,-0.320729703,-0.312968563,-0.931241301,-0.857154268,0.000539122,0.338545981,-1.083520423,-1.151988865
1999,0,40621610,-0.049103411,0.639053867,0.10515582,-0.246734811,0.179283605,0.17567057,-0.449298342,0.384663564,2.164881768,2.4845845
1999,0,40626R10,-0.199688755,0.366300613,0.385031645,-0.403441669,-0.52356999,0.178444444,-0.554843412,-0.708271847,-0.096444259,-0.612252267
1994,1,40676410,-1.141767562,-0.445818058,-0.458941165,-0.368189496,0.849702498,0.103115153,-1.005778711,-1.910524604,0.030594088,-0.539202102
1999,0,40851T10,-0.054379431,0.444805439,0.314447016,-0.411219061,0.866475236,0.088711086,-0.494003682,0.381178395,0.379183075,-0.684019068
1999,0,40885910,0.995637567,0.789389817,0.108444639,-0.365721209,0.274863413,-0.548957834,2.392650332,0.446272786,0.348713487,-0.243857858
1999,0,40910910,-3.022066926,-2.241779108,-1.840368686,-0.412371788,1.408302224,3.032748705,-1.087877779,-2.208174586,-1.204503535,-2.136737475
1999,0,40990010,0.799166651,1.485390003,0.25914162,-0.398863512,0.83052462,0.239568267,0.057168814,0.345211231,0.715434265,-0.039039194
1999,0,41025210,0.055487859,0.866613102,0.707478138,-0.356161931,1.100015889,0.097687304,-0.505514332,0.606153633,1.148550265,0.742448557
1985,1,41033510,0.284548316,0.643485491,0.008732882,-0.366748467,0.344553098,-0.173076285,-0.188861828,0.508400316,0.511440245,0.045939819
1999,0,41043F20,-0.239529557,0.183550209,0.259791548,-0.406388821,-0.856084167,0.496136677,0.091501916,0.211771894,0.677579031,0.492251404
1999,0,41078W10,-0.611769977,0.665136244,0.459904916,-0.403683353,0.515035648,0.20957857,-0.733942152,0.432115656,0.620422184,-0.158774125
1999,0,41131010,0.260586008,0.559068736,1.57272015,-0.152659831,1.473236375,-0.545530414,-0.1885123,1.145079199,0.055902541,-0.163344897
1999,0,41134910,-0.142591224,-0.194940075,0.214772049,-0.367374377,-0.962471343,0.35832481,-0.470484294,0.538612347,1.546226027,1.967929362
1994,1,41138110,1.836172906,0.38762558,1.792626982,0.7294313,0.263624624,-1.280874631,2.876476871,1.316611388,-0.017905483,0.12517276
1999,0,41232430,0.790170635,0.98487327,0.078286457,-0.316421779,-0.54225879,-0.74925786,1.058829062,0.280268202,0.414291221,0.292693891
1981,1,41282010,0.368801037,1.107921431,0.261475313,-0.367855408,0.772511884,-0.479721837,0.313968457,0.487837779,-0.140519266,-0.895453837
1999,0,41282210,-0.09125705,1.034872688,1.229902785,0.230568165,0.007006344,-0.241435768,-0.344616994,0.950483877,1.474092095,2.239674408
1999,0,41308610,0.33842997,0.465336387,0.475176098,-0.345225857,0.214714179,0.095443122,-0.124186895,0.187690421,1.258230733,1.121893165
1999,0,41316010,1.494155441,0.086752777,0.864039069,4.167864395,-0.256898365,-0.949146963,0.896468899,0.957162096,0.426411792,1.703313267
1999,0,41321630,-0.618148632,0.495466174,0.528701365,-0.287197079,-0.413521655,-0.554651789,-0.648072622,0.543037333,0.707275069,0.747963512
1999,0,41335320,1.100837374,0.188023217,-0.463528192,-0.387273849,0.72570721,-0.094091008,1.491997795,-0.105011847,0.310211838,-0.418374297
1999,0,41387510,-0.50371324,0.850594516,-0.0059683,-0.282333117,-0.712304733,-0.203102028,-0.633321894,0.23357218,1.317838546,1.73660023
1999,0,41399X93,-0.669668194,0.307872307,0.569299573,-0.364723727,-0.661129552,0.476843043,-0.616554922,0.403850863,1.536235041,1.759728672
1999,0,41457430,0.619324406,0.967535852,1.483073442,-0.322561171,1.293344576,-0.257330311,-0.264617648,1.116025229,0.826752936,0.412786427
1999,0,41586410,-0.393817604,1.246236433,0.495104962,-0.348404285,-0.210265193,0.243792682,-0.557131371,0.475955214,1.310999464,1.338299342
1999,0,41590220,0.272355687,0.443463821,0.103810988,-0.41415527,-0.538713445,0.197985885,0.355101226,0.253920304,0.920849561,0.310440091
1999,0,41616710,0.377629293,0.636482156,0.246465359,-0.391941433,3.690139185,0.141236779,-0.362282862,-0.050879366,1.033126272,0.013056693
1999,0,41618720,-2.922252966,-2.241779108,-2.064231759,2.284552982,-1.334897365,0.957663053,-1.231583709,-2.208174586,-2.026089933,0.747407187
1999,0,41619610,-0.470960805,1.262780564,0.846451941,0.070317162,-0.15820606,-0.858446663,-0.554259916,0.741070366,1.023437027,1.405807845
1999,0,41754V10,-0.373769844,-0.908647299,-0.506220291,-0.417331779,-0.97792092,1.621441729,-0.169776126,-0.656511045,0.176661364,-0.03761429
1999,0,41766040,-0.442042082,-0.468990848,-0.702952501,-0.377022393,1.106391248,-0.004478683,-0.679393756,-0.45823315,-0.427052592,-1.196779022
1999,0,41805610,-0.703855974,0.794945382,0.518835059,-0.33842228,-0.305681139,0.153846948,-0.762829368,0.394612744,1.669460925,1.806607626
1999,0,41836510,0.12562828,0.499246232,0.043012578,-0.410651633,0.66328278,0.33071346,-0.439740804,0.05738825,0.778319546,-0.12331333
1999,0,41913110,0.706389146,0.362274465,0.893276749,0.017067045,1.014395655,-0.028741042,-0.324552761,0.857626965,-0.027398334,0.206887282
1999,0,41914140,-0.588587085,-1.167329974,-0.813440585,-0.410677231,-0.171034726,-0.080517062,-0.726266083,-2.208174586,0.101729242,-0.753175592
1989,1,41914810,-2.418123281,-0.215136676,-2.064231759,-0.416566076,0.66392452,1.770797464,-1.051622951,-2.208174586,0.094870131,-0.804954967
1999,0,41959610,0.629641353,0.792728866,0.71021315,-0.355097522,0.394304716,0.165646458,0.139345123,0.562204914,0.916576327,0.654936979
1999,0,41987910,-0.771251004,-0.11198966,-0.009297296,-0.397418975,0.936089739,0.597343375,-0.785708188,-0.693138416,0.813688516,0.148290075
1999,0,42008910,-0.232690608,0.258365442,0.407147393,-0.409273672,-0.36735244,0.472488151,-0.2427262,0.314433926,0.433416653,-0.136266949
1999,0,42026110,0.812763165,0.496310796,1.06901958,-0.013847845,0.187410098,-1.026448106,0.768564764,1.043292594,0.166063458,0.143786771
1999,0,42078130,-1.126647939,0.109732425,0.45474705,-0.414580161,-0.443022062,1.188441931,-1.012778701,0.269869504,1.42705043,1.009913939
1999,0,42190610,1.542201073,1.194149095,0.357956392,-0.014279947,1.306193137,-1.245801966,2.876476871,0.487975766,0.518894391,0.09606869
1993,1,42192010,0.248451497,-2.241779108,0.624657316,-0.427117541,0.559813297,5.110424207,-0.242244258,0.271847114,0.261490234,-2.159251285
1999,0,42192430,-0.345926852,0.362392093,0.643719124,-0.391668303,-0.704707295,-0.051266818,0.284805299,0.189008067,1.654165889,1.554923515
1990,1,42192710,0.90173917,0.454938224,0.8087038,-0.366730611,0.125318907,0.299807063,-0.008983616,0.600284279,-0.494399743,-0.89427816
1991,1,42192920,-2.71721639,-2.241779108,-2.064231759,-0.400549908,0.556204501,1.860255561,-1.059320247,-2.208174586,-1.292977293,-1.975320629
1999,0,42193310,-0.216871976,0.879665142,0.943829139,-0.23304476,-0.367679983,-0.355577364,-0.033596648,0.767211117,1.218093447,1.517631819
1999,0,42210P10,-0.846919314,-2.022670289,-1.957563826,-0.392223547,-1.248889091,1.265485359,-0.810491093,-2.208174586,-0.886123904,-0.2973896
1999,0,42217V10,-1.814372612,-1.991925955,-0.173812024,-0.381758064,1.240711475,0.579261684,-1.0348948,-1.533521553,-0.346650642,-1.035027
1999,0,42218Q10,-0.610656249,-2.241779108,-0.187198463,-0.283306953,0.220309203,1.481547845,-0.737694017,0.426666085,-0.307878669,-0.12704268
1999,0,42219D30,1.411391349,-1.416526699,-2.064231759,0.325135203,-1.363863457,-0.106916425,2.876476871,-2.208174586,-2.130847213,0.885259304
1999,0,42221110,1.959369285,0.102304829,-1.586043265,2.977137551,-1.267452442,-1.263458163,2.876476871,-1.30259462,-0.97816905,0.740987651
1999,0,42222G10,-0.210088231,0.2827171,0.322887825,-0.401957298,1.270464765,0.70610083,-0.592011909,0.369382219,1.952782652,1.318247055
1999,0,42222L10,-0.258444268,0.358117227,1.297753375,-0.355437956,-0.87690162,0.00176066,0.176257482,0.51740848,0.220805057,0.390891057
1999,0,42224510,0.351611293,0.383646938,0.744420928,-0.065586477,0.002619931,-0.870745266,0.230889584,0.649119535,-0.089927025,-0.043193016
1999,0,42231710,-0.654067221,0.211085822,0.112818273,-0.365955567,-1.188441054,0.334755162,-0.29975986,0.169576007,0.933517803,1.632619684
1999,0,42234710,0.709784303,1.304830472,1.008047319,-0.05322046,-0.180339225,-0.731332997,0.25206872,1.00242459,0.564862435,0.84295578
1999,0,42236030,-0.615331562,-2.241779108,-1.465864117,-0.137912852,0.981273128,-0.067282385,-0.734612611,-1.040582189,-0.109118492,-0.078152361
1999,0,42270410,-0.406645951,-1.712924723,-1.137547436,-0.380206997,-0.689206486,-0.071848398,-0.285380585,-0.869006193,0.379692298,0.228377037
1999,0,42280610,-0.002295591,0.426742142,0.620193003,-0.258769335,-0.794029916,-0.456593343,0.429591362,0.509994063,0.321470355,0.657709623
1999,0,42281910,-0.228437352,0.346224982,0.497413696,-0.156698136,0.027431639,-0.093387221,-0.57359334,0.229311773,0.749539314,1.07565869
1989,1,42290110,-2.733164013,-2.241779108,-0.039526055,-0.408578816,3.146562948,2.764943434,-1.11412561,-0.74179395,-1.136630492,-2.213994822
1999,0,42291010,-0.132881433,-2.241779108,-2.064231759,0.645516794,-0.764540509,-0.089719051,-0.525522153,-1.802330891,-1.425693576,-0.383066423
1999,0,42291510,0.00675318,0.003220307,-0.843728587,-0.264551159,-0.4834066,-0.017054249,-0.111840215,-0.44578389,-0.368284467,-0.176571664
1999,0,42307410,-0.367994955,0.928188402,1.076122786,-0.324545476,-0.175693663,0.892711868,-0.522093816,0.779509224,1.98618279,2.327299298
1983,1,42308010,-0.620009144,1.424961654,-0.120330983,0.159220418,-1.359186063,-1.423957279,2.876476871,2.000564954,-0.794253957,0.656953213
1999,0,42327L10,0.57495898,0.206985339,-0.946755401,-0.137121693,0.741305354,-0.972211995,0.352880456,-0.501135091,-0.063387344,-0.364681786
1999,0,42330P10,-0.234165617,0.700759678,0.474706765,-0.07003768,-0.631755415,-0.454187725,-0.364840533,0.572929353,0.373193309,0.937702422
1999,0,42332530,-0.455326795,0.604044725,0.946411246,-0.150541117,-0.79601847,-0.228618622,-0.486629062,0.741650201,1.551734516,2.332884579
1999,0,42345210,-0.490191314,1.406505794,0.196652336,-0.11892155,-0.811722058,-0.900068777,-0.134888507,0.36967639,0.865100193,1.332637411
1999,0,42349810,0.85567741,-2.01386111,0.687140702,-0.328670247,1.465165816,-0.353437745,-0.011205274,1.03663059,-0.473536707,-1.128708062
1999,0,42350110,-0.516537981,-1.09714424,-1.701572814,-0.339156303,-0.019834621,0.208602059,-0.715344707,-2.208174586,-0.578715404,-0.804758631
1999,0,42363310,-0.0286478,-0.259002949,0.277851148,-0.361026079,0.190633083,0.39603984,-0.466055966,0.432894957,-0.533289166,-0.896707758
1999,0,42366C10,1.410804295,-2.241779108,-2.064231759,6.6953604,-1.325699998,-1.296355041,2.50145687,-2.208174586,-1.795488073,0.660603702
1999,0,42628110,-0.33911777,0.939112186,1.8027441,0.41830007,-0.183639855,-0.565077288,-0.577567959,1.315732372,0.427319718,1.126199008
1999,0,42703A10,0.474080245,0.814983056,0.35814671,-0.108918413,4.036249207,0.001544091,-0.240150924,0.379018731,0.203599745,-0.061625519
1999,0,42705610,-0.867877716,0.734324395,0.434444291,-0.391867391,-0.755826871,0.996905656,-0.85189679,0.303215451,1.564511555,1.713885626
1999,0,42739810,0.368936884,0.762159687,0.940381722,-0.284620941,-0.446203207,-0.334749029,0.496318788,0.804787889,-0.01126324,0.049868074
1999,0,42774L10,0.435412283,0.430121702,0.165848742,-0.379873545,-0.221553032,0.28928195,-0.146501496,0.197024649,0.328337277,0.037226614
1999,0,42786610,-0.202282069,1.399891883,0.93542484,-0.240742714,-0.035702784,0.438446958,-0.363306113,1.023337849,1.644189558,2.066792921
1999,0,4.28E+14,0.528614772,-2.241779108,-2.064231759,-0.240593613,-0.565269414,-0.513875426,-0.056023954,-2.208174586,-0.081121736,0.083191994
1999,0,42809H10,-0.643810157,0.607953645,0.30361543,-0.358948825,-0.347972461,0.239265852,-0.695899797,0.48901208,1.871173791,1.958480831
1999,0,42823610,-0.080249234,1.021045014,0.514613666,-0.146043743,-0.020013411,-0.144982055,-0.511556044,0.768174771,2.179175451,2.4845845
1999,0,42829110,-0.448363207,0.130663191,0.285461189,-0.416744072,-0.346140144,0.789150247,-0.487560293,-0.006878393,1.153363735,0.525014013
1990,1,42833910,-1.34143031,-1.437224021,-1.898986977,-0.270879233,-1.269816401,-0.47968932,-1.173993492,-2.208174586,-1.905285146,-1.134318708
1999,0,42835810,2.023422271,0.410992463,1.002137176,6.6953604,-0.805522641,-1.348816337,2.876476871,0.896214063,-0.15616846,1.21287105
1999,0,42839610,-0.652211578,0.100178772,0.321511139,-0.39656969,-0.665427454,0.264234979,-0.719249542,0.288101818,-0.019812507,-0.32347234
1999,0,42839Y10,0.303281496,0.323911735,-0.034381352,-0.333495544,-0.513195057,-0.120736022,-0.333193138,0.359912069,-0.595366521,-0.684536111
1999,0,42840B10,0.582037726,0.837921988,0.478626226,-0.254852569,-0.209131257,-0.78105234,0.228608545,0.547641208,-0.339183659,-0.52358784
1999,0,42856710,0.713708106,0.118384035,0.980138917,-0.18714591,0.991369199,-0.551848757,0.020759659,0.801757243,0.404804585,0.247779272
1999,0,42866010,-0.234071711,-0.196140235,-0.356479862,-0.36024975,-0.420610569,0.847638122,-0.570698247,-0.530943949,0.220153314,0.259985286
1999,0,42883910,1.160729143,1.33266692,-0.486765644,-0.159339745,0.11349434,-1.15688082,1.800115671,-0.008863827,-0.477601353,-0.855514199
1999,0,42906010,-0.671787644,0.678215085,0.488702519,-0.334560947,-0.867967065,0.381836539,-0.645142269,0.565922908,0.172690659,0.531973272
1999,0,42969510,-0.178620989,0.279040666,-0.054148753,-0.415163693,0.177950087,0.470868847,-0.421580477,-0.007079576,0.623220903,-0.263370698
1985,1,42970230,-1.353197511,-1.46707814,-2.064231759,-0.366896698,-0.586422999,0.287042048,-0.973575976,-2.208174586,-1.70865512,-1.97344426
1999,0,42979J10,-0.628555305,-0.638349072,-0.375768752,-0.404732684,-1.001673579,0.274062646,-0.10433719,-0.302234506,-0.403551457,-0.592492358
1981,1,42980410,0.385284621,-2.241779108,-2.064231759,0.773921208,-0.658778118,-0.722202308,-0.101890126,-2.208174586,-1.460548342,-0.678320967
1988,1,42999Y93,-1.728932507,-2.1273174,-2.064231759,-0.220252595,1.712559975,1.592991058,-0.943698772,-2.208174586,-0.803200346,-0.799591081
1991,1,43077110,-1.53105531,-0.687373137,-0.443155314,-0.4237952,1.785618117,2.08323173,-0.919353662,-2.208174586,0.878160895,-0.42441425
1999,0,43123220,-0.291407435,0.642970086,-0.314069,-0.381076342,-0.471148701,0.132681881,-0.494530941,0.201315438,0.870600679,0.703251236
1999,0,43129410,-0.87988461,0.410396165,0.689380061,-0.333197487,-0.570364417,0.759079342,-0.832963771,0.519725225,0.509912908,0.7888528
1999,0,43236D10,-2.701904514,-2.241779108,-1.601836267,-0.425359066,-0.315324286,2.09822484,-1.068579584,-2.208174586,-0.571551384,-1.689595827
1991,1,43307810,-0.181636822,-1.975823242,-2.064231759,-0.417638509,-1.327194398,1.156733647,-0.569813353,2.000564954,-1.992027092,-1.643020735
1984,1,43323610,0.628019765,0.705356106,0.070058564,-0.323346158,1.709569449,-0.332660437,-0.045665353,0.939263274,0.593895058,0.059487901
1999,0,43324510,-0.332287797,-0.099485856,0.489889936,-0.394969563,-0.628814748,0.898284228,-0.566653989,0.358205569,0.589375546,0.485489935
1999,0,43355010,0.440545791,0.466481158,-0.99106693,-0.393519619,-0.097253325,-0.768962321,-0.054581408,-1.022816874,0.146311701,-0.71018644
1999,0,43357850,-0.097318547,0.491263617,-0.070882075,-0.384904385,-0.458466826,0.307843331,-0.514036051,0.126412049,2.179175451,2.4845845
1989,1,43365620,-0.671001217,-2.241779108,0.098657969,-0.19155076,0.266767014,0.63676577,-0.76121079,0.071521595,-1.327895608,-1.206879646
1982,1,43366310,-0.314005107,0.239751204,-0.396664155,-0.415946146,-1.162330988,0.757739572,-0.68553178,2.000564954,-1.148803339,-1.340282811
1999,0,43414910,0.179676496,0.096918091,0.365287112,-0.420675096,-0.349759876,0.351701688,-0.003169958,0.059163975,0.440229183,-0.515973458
1984,1,43479410,-1.171693032,-0.212036535,-0.044789867,-0.415272931,-0.876207148,0.942983462,-0.889555328,0.146737154,-1.599318386,-2.163175834
1986,1,43486210,-2.611238498,-1.949911595,-0.438497028,-0.421480821,1.136965714,3.370316058,-0.984645585,-0.666538845,-0.611801214,-1.718350235
1999,0,43490220,0.299494643,0.687377395,0.360622579,-0.352958488,0.636319474,0.129041389,-0.479082924,0.426066112,0.102870721,-0.309338029
1982,1,43510810,0.093056337,-2.035247004,-1.397002173,-0.421094043,-0.714426252,0.430964106,-0.50255477,0.789686154,-1.684507661,-2.213994822
1999,0,43556C60,-1.006604963,0.067099798,0.268129094,-0.42200033,-0.726243792,0.573936339,-0.992271118,0.295983729,1.566006793,0.925690738
1999,0,43575830,-0.633387371,0.668723158,0.482187154,-0.399566031,0.352775371,0.434286733,-0.738106741,0.45178531,0.893563584,0.302428999
1999,0,43623310,-0.995322484,-1.431077375,-2.064231759,1.036263838,-1.196680476,-0.99913051,-0.996969706,-2.208174586,-0.724281447,0.678522452
1999,0,43643410,-0.583439462,-2.00058749,0.597120915,-0.378767212,-1.075301041,1.030101054,-0.425047171,0.296668279,-1.381533386,-1.128988728
1999,0,43644010,0.89623409,0.527525584,-0.554394218,-0.272825939,-0.837607903,-1.181036984,1.06899528,-0.025721249,0.116016658,-0.006198655
1990,1,43706210,-0.759618436,-0.072156941,0.052742164,-0.424974734,1.075344506,0.924984407,-0.782198569,-0.743752271,0.057391309,-1.489505933
1999,0,43707610,-0.232537746,0.926020848,1.308853352,1.357253936,1.169196793,-0.773628328,-0.388232176,1.011979599,2.179175451,2.4845845
1999,0,43730510,-0.43859794,0.193367177,0.571089632,-0.413089144,-0.41142295,0.940805573,-0.505070155,0.15364811,0.612063324,0.082861514
1999,0,43741P10,-4.382767927,-2.241779108,-2.064231759,-0.417033534,3.491935377,5.110424207,-1.133907075,-2.208174586,-0.613696448,-1.260304358
1999,0,43741Q20,-4.382767927,-2.241779108,-2.064231759,-0.378977621,-1.300639114,5.110424207,-1.166629936,-2.208174586,-2.614156652,-1.263586376
1999,0,43760Q10,1.284230462,0.447843036,-0.434782881,1.96041256,-0.799881626,-1.269829079,2.077754085,-0.068189122,-0.108122019,0.821614701
1991,1,43779430,-4.382767927,-0.965279388,-2.064231759,-0.358314611,0.558216656,3.068873476,-1.233402895,-2.208174586,-0.635164791,-0.712841912
1999,0,43812830,-0.580948263,0.714068165,0.396710114,-0.337372175,0.030598671,0.217450683,-0.718036911,0.468817065,2.179175451,2.4845845
1999,0,43851610,-0.453414889,0.828310271,0.747752582,-0.230963648,-0.237011437,0.324184609,-0.642536615,0.547584754,2.179175451,2.4845845
1999,0,43910410,0.230325698,0.610633752,1.146090773,0.083133329,0.075985229,-0.049816306,0.29032958,0.859392738,0.526724757,1.103205778
1999,0,44043J20,-0.684113632,0.179956335,0.069269528,-0.367865875,-0.88167547,-0.026554378,-0.71256236,0.169832233,0.138347983,0.214151758
1999,0,44045210,0.044015913,0.979406033,0.774005078,-0.193923248,0.87684423,-0.085745057,-0.21712124,0.755354443,1.577688349,1.730322859
1996,1,44090010,0.326851156,-0.610693886,0.007016382,-0.368574082,1.289582066,0.129491187,-0.459122312,0.17231002,-0.003556456,-0.653383833
1999,0,44133910,0.609754991,0.640471896,1.34087312,0.062926767,0.770116956,-0.873900866,0.218109911,1.116552717,0.392414371,0.432939814
1999,0,44134210,-0.221698314,-2.241779108,-2.064231759,-0.40209022,0.866935084,0.056088151,-0.586453087,-2.208174586,-1.054602381,-2.122111196
1980,1,44176710,0.825008916,0.830935385,1.497449529,-0.352434406,0.806922819,-0.361011062,-0.087727274,0.928097471,-0.000813725,-0.603979138
1999,0,44199Z93,-0.41939612,0.777128272,0.53687901,-0.294429145,-0.376403396,0.166460599,-0.565029152,0.600141711,1.064424007,1.336753034
1999,0,44330410,-0.776731689,0.392394873,0.305039249,-0.388621599,-1.087131501,-0.162170947,-0.809018166,0.419040633,1.191197845,1.408986598
1999,0,44332010,-0.590713351,0.261786226,0.283504382,-0.397804005,1.946843541,0.529425826,-0.713352928,0.277238725,1.200479793,0.401470883
1999,0,44351020,-0.265998854,0.748786595,0.704666841,-0.221286538,-0.204438685,-0.431475753,-0.460175278,0.803166144,1.245245377,1.480008585
1999,0,44379310,-4.382767927,-2.241779108,2.142463254,-0.1536889,4.036249207,5.110424207,-1.171213234,2.000564954,-1.544152557,-1.539105442
1999,0,44414410,-0.331764352,-2.241779108,-2.064231759,-0.364068854,0.183293306,0.148379155,-0.616290234,-1.897224503,-0.497421249,-0.932546191
1999,0,44420410,0.169696937,0.423471824,0.230816087,-0.394698444,0.552590538,-0.180990753,-0.226008006,0.263425795,1.885115099,1.272026485
1999,0,44485910,-0.812961569,0.242882836,-0.06792427,-0.405577338,0.958225148,0.651817568,-0.794482972,-0.399760898,2.014835697,1.371634933
1999,0,44485Q20,0.715359933,-2.241779108,-1.297294715,-0.350546086,0.956664539,0.04052796,-0.340744075,-1.120200379,-0.7569798,-1.346596432
1999,0,44490310,1.964378173,-0.309361298,-0.84166834,0.213162374,-1.327266946,0.462715723,2.876476871,-0.412624531,-0.372785678,1.795037195
1999,0,44553210,-1.187352544,0.086516597,0.105262093,-0.397625498,1.193112679,0.524144887,-0.916064364,0.161335223,0.357989848,-0.426205228
1999,0,44554210,-0.554643836,-1.57428539,0.515790637,-0.395221399,-1.047129106,1.584127997,-0.493009413,0.250469389,-0.128272857,0.147019112
1999,0,44565810,-0.67740501,0.653701958,0.272960887,-0.386018127,0.674994887,0.353310518,-0.730802097,0.301945407,1.381093817,0.917872216
1999,0,44566110,0.208223537,0.207857117,-0.225458599,-0.417959507,0.164292447,0.203659164,0.082838049,-0.171666996,0.68113097,-0.347576514
1999,0,44732410,0.789642794,-0.147758041,0.092012153,-0.389734627,0.055685409,-0.147478402,0.107804652,0.285947048,0.134871899,-0.4867161
1999,0,44805510,-0.801794455,0.297813774,0.090281021,-0.356859864,-1.099939829,-0.344135209,-0.980250931,0.218324462,1.134021668,1.558434119
1999,0,44805810,-0.5191325,0.610653917,0.218527859,-0.301696283,-0.173119198,-0.014336761,-0.652009938,0.26574424,1.123227349,1.249014058
1999,0,44840710,0.576401231,0.355346494,0.018934504,-0.279165588,-0.505562473,-0.452307508,1.548114488,0.269970179,0.881639669,1.052413655
1999,0,44845110,0.279591775,0.325551476,0.450127813,-0.401996506,1.628843642,0.760613452,-0.31934553,0.300527476,1.009126693,0.215301476
1999,0,4.49E+14,0.31369544,0.53838209,0.522698423,-0.375981889,3.887995485,0.10093917,-0.435271385,0.405101003,0.394186924,-0.574123435
1999,0,44857K10,-0.987880555,-2.241779108,-2.064231759,-0.212177575,-0.681145504,0.867490682,-0.846443449,-2.208174586,-1.842626478,-1.39962956
1999,0,44893750,1.778186784,-2.241779108,-2.064231759,-0.071166939,-1.305575043,-1.155584068,2.335696828,-2.208174586,-1.668057106,-0.730173915
1999,0,44894730,0.372392269,0.03560361,-0.1593186,-0.249823771,0.229679539,-0.185069717,0.051140348,-0.184556742,0.973838346,1.054844178
1999,0,44896010,0.120297576,0.043546021,-0.450744066,0.131616056,-0.667752685,-0.940028615,-0.100564724,-0.097443432,-0.158167587,0.323944667
1999,0,44900110,0.668710463,-0.402817476,0.448578889,-0.154193305,-0.621186573,-0.649602972,1.281540407,0.608185413,-1.227135172,-1.059198114
1999,0,44902020,0.493028088,-2.241779108,-2.064231759,-0.246692239,-0.613922828,-1.007361512,0.223146213,-2.208174586,-1.26362965,-1.488680282
1999,0,44913M10,1.140298516,0.65872671,0.167662678,-0.020763554,-0.307571071,-1.065312291,1.363679327,0.334304862,0.56563793,0.722203786
1999,0,44913S50,-1.247365055,-2.241779108,-2.064231759,0.006924211,1.073846427,0.522547003,-0.925442486,-2.208174586,-0.25355116,0.064420789
1999,0,44914V10,2.023422271,-0.973193922,-2.064231759,3.188078479,-1.330369231,-1.505889267,2.876476871,-1.563141878,-2.024003149,-0.715066543
1999,0,44919P30,-0.623343001,0.111996626,-0.035139688,-0.126403592,-0.983751267,-0.963072396,-0.597809754,0.095333216,1.563014701,2.222692638
1999,0,4.49E+14,1.318741087,-0.890737743,-2.064231759,6.6953604,-1.363863457,-1.391694613,2.876476871,-2.208174586,-2.763557265,0.00872674
1999,0,44926L30,-0.833514585,0.208109329,0.656671697,-0.412360886,0.711360695,0.999148536,-0.849167246,0.368632151,0.539577787,-0.311274391
1999,0,44929310,0.005700535,-0.122503424,-0.122886622,-0.417139777,-0.38857232,0.392153603,-0.098335118,-0.318890414,0.566936632,-0.20600166
1999,0,44929Y10,0.355334343,0.139545908,0.551052268,-0.092059129,0.840919806,-0.533235124,0.02270193,0.516397406,0.35322598,0.373395418
1999,0,44930G10,1.046070041,0.891894591,1.008329395,0.659092893,-0.6731899,-1.324360298,2.202113588,0.94037428,-0.114753933,0.303368867
1999,0,44934B10,-0.124818801,-1.577463721,-0.610521492,0.027039503,-1.017888968,0.131564268,-0.175833999,-0.410692395,0.459193046,1.6422916
1999,0,44934S10,0.629028544,-2.241779108,-2.064231759,0.320344114,-0.054931657,-0.127281621,-0.148928545,-2.208174586,-0.889442311,-0.293956767
1999,0,44948910,2.023422271,0.06949387,-0.175571043,2.582197071,-0.982189713,-1.491058721,2.876476871,0.201442528,-0.961552157,-0.298980368
1999,0,44949K10,-0.861820667,-1.116433079,0.231551217,-0.39378499,0.250381858,0.908667094,-0.808783781,0.208240221,-1.046207951,-1.672722754
1999,0,44949L10,0.397258529,0.317588382,-1.497380949,-0.401506776,0.519766022,-0.150384729,-0.167311457,-1.330912461,0.364562024,-0.508082137
1999,0,44952030,0.625997223,-0.684790449,0.755450894,0.102194862,-0.317779083,-0.937824755,0.495936405,1.946806241,-0.295740469,-0.029910142
1999,0,44957510,-1.430322523,-0.574007558,0.109637093,-0.378945659,-0.222537403,0.609537324,-0.932214929,-0.193852668,-0.236382667,-0.517699184
1999,0,44963320,1.368792695,-2.241779108,-2.064231759,0.513744451,-0.585852997,-0.662215533,0.574027895,-2.208174586,-0.933983239,-0.211121506
1997,1,44965810,0.241426389,-0.491480603,-0.385540814,-0.424084581,0.616401489,0.572119053,-0.528183901,-0.779851342,-0.805649441,-2.213994822
1999,0,44969330,-1.096382993,-2.241779108,-1.106757451,-0.361956641,0.766047068,0.864845773,-0.852051285,-1.17795277,-0.233607336,-0.613185431
1999,0,44981C20,-0.175833892,0.650283233,0.55847665,-0.342051656,-0.122315974,-0.072505135,-0.328499863,0.568770561,0.304672723,0.130568345
1999,0,44982L10,0.358939952,-2.241779108,-2.064231759,1.911077633,-1.212124818,-0.37638583,-0.320187012,-2.208174586,-1.116715333,0.792934204
1999,0,44991810,-0.979480919,-0.39915777,-2.064231759,-0.306918079,-0.482892975,0.50396223,-0.846322147,-1.598543078,-0.227643129,-0.02598951
1999,0,44993210,-0.301800064,0.129191635,0.038895373,-0.280639885,-0.67430372,-0.132356412,-0.411630165,0.085062444,-0.057555397,0.199078547
1999,0,44993410,-1.004382318,1.037271791,1.523704813,0.209508847,-0.288232601,0.137248926,-0.861555435,1.371641188,1.230270264,2.166060152
1994,1,45004010,-0.256462561,-0.772035747,-2.064231759,-0.416977237,4.036249207,0.675341389,-0.671784793,-2.208174586,0.336081298,-1.258119153
1999,0,45004720,-0.729913678,0.332715027,0.279467336,-0.285227888,-1.122650978,-0.720790039,-0.761215521,0.446854103,0.461309225,0.99113734
1992,1,45005230,-1.385398568,-1.341400597,0.654765524,-0.388261724,-0.156312496,1.225447154,-0.946041898,0.877698967,-0.480391004,-0.796766659
1999,0,45031T87,0.228021967,-0.103071089,-0.395568422,-0.249198764,-1.036450023,0.616937727,0.97625697,-0.334503884,0.539521114,1.452398054
1999,0,45032C10,1.170036438,-0.497838605,-0.741140419,2.173644825,-1.008570967,-1.105085261,1.168629704,-0.478808927,-0.300642887,1.011570146
1999,0,45068B10,-0.245016795,1.347694751,1.74937255,-0.093849987,1.356008439,0.092401818,-0.6226039,1.30106577,0.641137496,0.801982988
1999,0,45070D10,0.154325386,-2.241779108,-1.507034424,-0.37498549,-0.415650433,0.523482158,-0.460030177,-0.428887899,-1.851282313,-2.213994822
1999,0,45090910,1.845230584,-0.371006754,-0.228682854,4.484456919,-1.029823015,-1.318235614,2.876476871,0.216699619,-0.527443317,0.830908895
1999,0,45091110,-1.089619954,0.509024084,0.421210701,-0.374527112,-0.221417316,0.701361458,-0.897077797,0.454578355,1.705261847,1.709987148
1999,0,45091310,-0.147122691,0.206102286,0.344567757,-0.277533779,-0.970187109,-0.395406219,-0.260940991,0.611347976,0.149871102,0.595526964
1999,0,45103T10,1.114649436,0.477578787,0.358718479,0.05168219,-0.465993631,-0.916500969,0.584695469,0.51528819,0.099794899,0.448874854
1999,0,45105510,-0.569740775,-0.413701504,-1.439941226,-0.392773196,0.27803233,-0.132795131,-0.71500728,-2.208174586,0.158883992,-0.554137849
1999,0,45110710,-0.742481706,0.319969,0.250847788,-0.393299438,-1.097083836,0.446458736,-0.772034929,0.357764506,0.931685158,1.235165253
1999,0,45167R10,-0.215705694,0.659885464,0.765960703,-0.287656452,-0.37514753,0.078597555,-0.083600034,0.60170045,0.929695735,1.184680802
1999,0,45168D10,0.653705173,0.411354687,0.686735789,0.061686077,-0.259433133,-0.977495801,0.304763021,0.712381757,0.688168618,0.986143363
1999,0,45168K30,-2.454994259,-2.241779108,-2.064231759,-0.370950717,-0.735777215,3.008169046,-1.101546917,-2.208174586,-0.882189818,-0.592242864
1999,0,45168Q20,1.810646305,-2.241779108,-2.064231759,1.639727091,-1.16225634,-1.087804223,1.596551861,-2.208174586,-1.536471417,-0.222000348
1999,0,45169510,1.093535713,-2.241779108,-2.064231759,-0.414095821,-1.363079198,5.110424207,1.244649659,-2.208174586,-2.763557265,-1.496300655
1999,0,45169U10,1.094504104,0.634842879,1.22764897,0.424288456,0.545226376,-0.591638204,0.827020101,0.976965213,0.799296842,1.323262346
1999,0,45171310,-0.644036323,0.257140609,0.233044109,-0.406240214,-0.304336105,0.673354701,-0.730583339,0.153567892,1.773910324,1.43856343
1999,0,45172410,-0.634478914,-0.173408586,-0.633441072,-0.375195452,0.32327137,-0.093124701,-0.555034976,-0.818716302,-0.038471495,-0.603868107
1999,0,45172K10,1.311165803,1.308808874,1.207625029,0.794265058,0.443115618,-1.375535982,2.876476871,0.977094243,-0.732006643,-0.839402403
1991,1,45173510,0.461372397,0.200840114,-0.527123135,-0.393992158,0.600504718,0.867622432,-0.433115846,-0.253420741,-0.100393634,-0.71014238
1999,0,45230810,-0.311564126,0.945032079,0.916623517,-0.115647155,-0.212900767,-0.20575279,-0.465185138,0.728102154,1.983019354,2.4845845
1999,0,45236010,0.494318513,-1.592113576,-0.288862968,-0.254439585,0.224115187,0.21671114,-0.385997394,-0.350074351,0.005818144,0.070596707
1999,0,45244C10,0.697835081,0.008890372,0.045335039,0.126678287,-0.262019885,-0.891176793,0.712278833,0.457796468,-1.021791748,-0.816180277
1986,1,45245010,0.133763784,0.702274474,-0.609501124,-0.321837677,-0.755053732,-0.800935538,-0.06260019,0.931315377,-0.882131395,-1.077122225
1999,0,45245A10,0.434076602,-0.134694008,0.151832388,-0.228970086,0.039308935,-0.528456243,-0.173611731,0.372146423,1.234392631,1.329932295
1999,0,4.52E+14,-0.211203627,0.294246887,0.493542327,-0.306487892,-0.950879669,0.812767135,-0.329685083,0.424635938,0.466840714,1.140426453
1999,0,45245W10,1.395363467,-1.946255521,-1.915342113,1.849439466,-1.363249979,-0.920056098,0.904970384,-1.453702033,-1.339203763,1.302979968
1999,0,45247Q10,-2.184289263,-2.241779108,-2.064231759,2.040792868,-1.33306482,0.972179243,-1.053416582,-2.208174586,-2.412543521,0.257843709
1999,0,45251910,1.537703744,-2.241779108,-2.064231759,5.597217909,-1.312748488,-0.832584723,0.694738915,-2.208174586,-2.03669185,0.387120804
1999,0,45252110,2.023422271,-0.104341291,-0.60513887,6.6953604,-1.226709487,-1.479664404,2.876476871,-0.368681707,-0.815057,1.008377406
1999,0,45252530,1.103489077,-2.236675888,0.88582586,-0.068634274,0.062342452,-0.794955868,1.13056378,1.058672265,-1.010569252,-1.053670445
1999,0,45252610,-0.063028577,0.515466963,0.292712067,-0.36702757,-0.536214946,0.223958226,-0.285757601,0.295732521,0.078481688,-0.016021813
1999,0,45253H10,0.943969859,-2.241779108,-2.064231759,1.657851246,-0.842617953,-0.835176272,0.330583096,-2.208174586,-1.156080673,-0.021984033
1999,0,45255G10,0.457452109,0.368998465,0.353832235,0.002858712,-0.734220413,-1.019856029,1.094431105,0.478131285,0.121752182,0.510102195
1999,0,45256B10,-0.421717982,-0.448120354,-1.060400363,0.379801433,-1.357147454,-1.154744806,-0.339006527,-0.842663358,-1.556120541,0.282323033
1999,0,45284840,0.517071452,-1.856018302,0.943995022,-0.367120609,1.540679843,0.215871815,-0.188747997,1.033896415,-0.405109506,-1.111052721
1999,0,45289210,-0.856038187,0.05672808,0.067316434,-0.416070392,-0.636564134,1.205966466,-0.877538664,-0.153087789,0.176831172,-0.329065777
1999,0,45290710,0.736270857,-2.241779108,-2.064231759,0.404160597,-0.925529826,-0.841371637,0.218211671,-2.208174586,-0.88125608,-0.050640072
1991,1,45291810,-2.37181982,-1.577652753,-2.064231759,-0.384823453,-0.929116735,0.28703493,-1.208926575,-2.208174586,-0.515911215,-0.535575129
1999,0,45292410,-0.914120584,-1.561571712,-1.23256994,-0.408103417,-1.065293507,0.070671414,-0.868469713,-2.031696928,-0.918958005,-1.201429324
1999,0,45303840,-0.697855196,0.520955123,0.603684595,-0.264943081,-0.31906785,0.039761358,-0.743323237,0.511801728,1.971721895,2.382437312
1999,0,45309620,-0.2398558,0.228971084,0.061908487,-0.415958956,0.290629514,0.551170498,-0.336016359,0.021606362,1.349540587,0.510977618
1999,0,45314210,-1.79894619,-1.907166483,2.142463254,-0.34339152,-0.339238857,4.910415791,-0.93704597,1.564778763,1.367270226,2.035431035
1999,0,45320V10,0.098525668,0.446791199,0.22888391,-0.380930094,0.659446245,0.279553351,-0.513629828,0.269544224,-0.020995757,-0.61655338
1999,0,45337C10,0.093815513,-0.283500757,-1.014725093,1.7442551,-0.578683844,-0.909262722,-0.190085541,-0.681427028,0.363235562,1.475558734
1999,0,45384610,0.074225771,1.303290723,2.142463254,1.059388713,-0.735865452,-1.494051061,2.373024671,2.000564954,-1.413681301,-1.341706534
1999,0,45407210,-0.254355176,-2.241779108,-2.064231759,-0.262630238,-1.311909702,0.718923491,-0.673303068,-2.208174586,-1.455306685,-0.076284185
1999,0,45567S10,-0.174128948,0.237473241,-0.660320073,-0.399570079,0.130362961,0.329510802,-0.60181378,0.344301487,0.932871636,0.384152639
1999,0,45578L10,1.078260106,0.211045336,-0.316676831,0.085325402,-0.182609323,-0.704963953,0.213749354,1.04702228,0.414229033,0.827067724
1999,0,45606110,0.341647888,0.22995999,0.05253568,-0.414729661,1.281150102,-0.044457195,-0.171698271,0.06100548,0.854691406,-0.354463452
1999,0,45631410,-0.866785863,0.302734688,0.081545487,-0.415059178,2.899707472,0.873863011,-0.805537298,0.21837994,0.083413464,-1.234914806
1999,0,45646310,-0.243132275,0.983613342,0.369389995,-0.300361137,-0.669459307,-0.764405878,-0.285827492,0.712216527,0.891739351,0.951157579
1999,0,45648H10,0.115784364,0.898098796,1.132453067,-0.16844079,0.647073423,-0.629642936,-0.201601403,1.016828232,-0.137167608,-0.289776243
1999,0,45661M10,-0.111494377,1.074174248,-1.109118896,-0.363740996,-0.096283983,-0.829741242,-0.352580444,-0.243097309,-0.392830251,-1.082125955
1999,0,45663L40,-0.93170975,0.077566881,-0.522367377,-0.277445566,-1.077502596,-0.135089324,-0.971940921,-0.141541347,-0.989800201,-0.459839877
1999,0,45665B10,1.28467972,0.8337798,0.839283016,0.101069128,0.506778416,-0.775343698,0.437088846,0.871895924,0.724798285,0.950869564
1999,0,45666430,1.261776216,-2.241779108,-0.342990857,3.954032286,-0.504384294,-0.904185595,0.641907237,0.027639798,-0.945809495,0.28527086
1999,0,45666Q10,1.127815452,0.289961827,-0.100384962,3.452683935,-0.348605533,-0.351409102,-0.005656476,-0.029022143,-0.002633746,1.46741766
1999,0,45669610,-1.507178343,-2.241779108,-2.064231759,-0.262245553,2.110512537,1.340677451,-0.905539167,-2.208174586,-0.745267533,-0.923848008
1999,0,45669R50,0.599123931,-2.241779108,-2.064231759,2.909387069,-1.360863712,-0.619224515,0.301789493,-2.208174586,-2.144711845,0.669353564
1983,1,45670420,0.174906433,-0.298460448,-1.536723386,-0.360637529,-1.089506045,0.204966156,-0.419746275,-1.144584392,-0.749760364,-0.431516223
1999,0,45670G10,-0.469431467,0.260109919,0.400653844,-0.306652281,-0.743102932,0.720534113,-0.413563618,0.438520513,0.572488873,1.065688751
1990,1,45675110,-0.854531448,0.02819125,0.29410949,-0.315395301,-0.063591481,-0.305263392,-0.826518761,0.31819068,-0.664622448,-0.929396527
1999,0,45678810,1.222841036,0.95880645,1.744381741,6.6953604,-0.379614591,-1.113867056,1.1443741,2.000564954,0.464221702,2.4845845
1999,0,45678T20,0.754222092,-0.059409595,-0.346437964,6.6953604,-1.261323387,-1.441399522,2.876476871,-0.291274446,-0.210721571,2.289767272
1985,1,45679610,-0.189358407,-1.386120723,-2.064231759,-0.110907482,-1.31214093,0.279668263,-0.447688452,-2.208174586,-2.191058824,-0.704177659
1999,0,45679710,0.765296916,0.618187285,-0.295036386,-0.380450135,2.70996929,-0.336237558,-0.048264096,-0.02179612,0.041268469,-1.024861418
1999,0,45682020,1.657493637,-1.061929347,-2.064231759,6.6953604,-0.320669661,-1.237310332,2.3180023,-2.208174586,-0.695240554,0.69036343
1999,0,45703010,-0.713751166,0.372129983,0.332061309,-0.400453192,0.982598809,0.658263287,-0.754679931,0.256855108,1.335061391,0.691761147
1999,0,45715310,0.146282712,0.399159111,-0.010764296,-0.410617135,2.464242839,0.714884255,-0.521524405,0.261479069,2.179175451,1.513794412
1999,0,45763810,-4.382767927,-2.241779108,-2.064231759,0.089391305,0.185258392,5.110424207,-1.178823818,-2.208174586,-2.535012456,-1.421801757
1999,0,45764220,0.478842072,0.222654828,1.040494885,0.212472189,0.610566175,-0.840073069,0.085869246,1.006875409,-0.327518605,-0.201543474
1999,0,45764710,-0.189348038,0.999011228,0.28323702,-0.309454647,-0.726067419,-0.393186583,-0.42104897,0.357288058,0.196966596,0.337386052
1999,0,45765A10,-0.312679608,-1.325930268,-0.647755779,-0.208941773,-0.178373784,0.384495469,-0.629758381,-0.771855291,-0.676128566,-0.423557853
1999,0,45765U10,0.46524937,0.503358115,0.879581993,-0.00664808,3.202457186,-0.261095491,-0.29201449,0.705906533,1.263020955,1.269192253
1999,0,45765Y10,0.682979381,-2.241779108,-2.064231759,0.632658494,1.22239055,-0.085334133,-0.315442682,-2.18960174,-0.757790135,-0.279456219
1999,0,45766010,1.910357018,-2.241779108,0.777055956,2.642785648,-0.657343638,-1.139590862,1.952990124,1.132628503,-1.02279004,-0.049252521
1999,0,45766110,0.081102172,-1.506284843,0.40465058,-0.425532648,0.292401541,3.346639412,-0.195837733,0.15507936,0.803400622,-0.239335711
1999,0,45766710,0.493019813,0.726775627,0.90677558,-0.160902869,-0.144297611,0.054113405,0.377892981,0.665656587,0.66956134,1.077847906
1999,0,45766J10,-0.800831338,-2.241779108,-2.064231759,0.150651337,-0.796840347,0.050606976,-0.793908705,-2.208174586,-0.879221164,0.017859085
1999,0,45767M10,1.409190957,0.427798606,0.947541893,-0.030482943,1.087775929,-0.88717715,0.683005873,0.738233303,0.509537576,0.401719187
1999,0,45768S10,-0.561811556,0.23702521,0.542736871,-0.413086117,-0.690713206,0.303180302,-0.654508629,0.446205432,0.835711457,0.357409071
1999,0,45768V93,-0.669393027,0.061048191,-0.24398835,-0.347645188,-1.241714092,0.510826803,-0.564617953,-0.164458286,0.536022502,1.482121256
1999,0,45768W10,0.150532338,-2.241779108,-2.064231759,0.25657184,-0.402347473,-0.592021977,-0.345038369,-2.208174586,-1.043390346,-0.535781266
1999,0,45769T10,0.821254986,0.54353084,2.000111321,0.354391029,0.08858922,-0.990744765,0.572821882,1.701842534,0.297173718,0.626512876
1999,0,45770X10,0.585675019,-2.157963207,0.432204697,-0.078812574,0.526986251,-0.113592627,-0.330874399,0.679700752,-0.311782269,-0.141806314
1999,0,45773H10,1.435060957,-2.196262665,-2.064231759,3.724295419,-0.969432211,-1.145912313,1.575169496,-2.208174586,-0.997227317,0.358336339
1999,0,45773L10,1.459271269,-1.199143318,-2.064231759,1.968084575,-1.149705721,-1.114333773,1.592027803,-2.208174586,-1.437132648,-0.092862298
1999,0,45774W10,-0.064743382,0.349933221,0.541761713,-0.375971858,0.448618032,0.032279639,-0.256595495,0.507818256,0.579751977,0.085258909
1999,0,45792710,1.543638715,-2.241779108,-1.246275633,1.707850846,0.299614818,-1.405613499,2.876476871,0.724326829,-1.264548156,-1.209046638
1991,1,45794810,-3.873382435,-2.241779108,-1.130703786,-0.427117541,-0.080720074,1.974305534,-1.233402895,-0.638252406,0.039174764,-2.146579876
1999,0,45795820,-1.149349408,-2.241779108,-2.064231759,-0.33015326,1.606227078,0.70378623,-0.904868078,-2.020359359,-1.653486351,-2.208779631
1999,0,45798310,0.35758272,-0.391386905,0.122599158,-0.379938652,-0.974550643,-0.376811479,0.644412983,0.914524199,0.245384512,0.219843869
1999,0,45798520,0.612591052,-2.241779108,-1.45151316,-0.211659902,-0.653360141,-0.314070321,0.209116084,-0.479595893,-0.154869279,0.187976865
1999,0,45799Y93,-0.245852297,0.403236622,0.459620558,-0.267898611,0.06918586,-0.722476123,-0.284757368,0.479788526,0.642414995,0.476012985
1999,0,45807N10,2.023422271,-0.327118632,-2.029821703,1.938363258,-1.20728477,-1.29093953,2.876476871,-1.53890597,-0.797213713,0.556738826
1999,0,45809K20,1.736912554,-0.9680313,-2.064231759,6.6953604,-1.170722084,-1.439590988,2.876476871,-1.906048832,-0.418724092,1.178761838
1986,1,45810860,-4.308755659,-2.241779108,-2.064231759,-0.41415629,3.065382823,5.110424207,-1.098256747,-2.208174586,-0.420379501,-0.865529741
1999,0,45810H10,1.566061764,0.590218343,0.772607246,1.10433141,-0.315876773,-0.990165559,1.201047468,0.697375048,-0.183008069,0.530166902
1999,0,45810N30,-0.297774562,-0.952334099,0.182349541,-0.358748797,-0.104358168,-0.557474763,-0.493646671,0.166502946,-0.123787031,-0.615098205
1999,0,45810X10,-1.380784378,-2.241779108,-2.064231759,0.184532291,-0.770018239,2.944159492,-0.983471021,-2.208174586,-1.740430249,-0.495524104
1999,0,45811810,1.087255194,0.508774272,0.453693305,0.080538935,-0.695880144,-0.35307139,1.070900286,0.857196286,0.95698977,1.8228435
1999,0,4.58E+34,-0.089573941,0.24037124,0.564118347,-0.328878854,-0.012931227,-0.224356309,-0.20285835,0.485097398,1.111412755,1.012789861
1999,0,45811H10,0.233160881,-1.579904915,-2.064231759,-0.167514608,-0.741305161,-0.861335434,0.316033078,1.336470349,-0.700046084,-0.523428711
1999,0,45811M10,-2.078783572,-2.241779108,0.561448147,-0.318745612,0.513561308,0.383950258,-1.118066866,0.246431199,-0.358012549,-0.574082902
1999,0,45811V10,0.281874266,-0.234611932,-2.064231759,-0.337756389,0.402099407,0.164036261,-0.422797741,-2.109006279,-0.647222444,-1.005507367
1985,1,45812410,-0.447355029,0.273830054,0.399788135,-0.419203914,-0.991432298,0.339837257,-0.627422825,0.371396209,0.771946497,0.350223867
1999,0,45812C10,-3.655471012,-1.041571708,0.215887784,-0.427117541,-0.52187083,2.297641655,-1.198673733,-2.208174586,1.470026056,-1.036320543
1999,0,45812J10,-0.698267627,-2.241779108,-2.064231759,-0.378533014,-0.037131015,3.257573356,-0.765831281,-2.208174586,-0.942530457,-1.023480931
1999,0,45812P10,0.363115492,-0.335463542,-0.976178941,-0.039702712,-0.605236887,-0.790862984,0.003426706,-0.400473924,0.112081319,0.51519963
1999,0,45812Y20,0.209171807,-2.241779108,-2.064231759,-0.057978858,-0.769190211,-0.530680984,-0.325748029,-2.208174586,-0.915384292,-0.430011383
1999,0,45814010,0.038955736,1.120218972,1.372995933,1.159753826,-0.620616913,-0.840735538,0.0090758,1.216535308,2.179175451,2.4845845
1999,0,45814710,0.095924071,-1.076959481,-1.341852961,-0.321145896,0.6481572,-0.154203155,-0.48133182,1.403547753,0.027725458,-0.320937407
1994,1,45815W10,-3.245459502,-2.241779108,-2.064231759,-0.42275068,3.899588533,5.110424207,-1.068290236,-2.208174586,0.057282031,-0.835154634
1999,0,45816A10,0.380717219,0.228740437,0.248474384,0.313243863,1.157862611,-0.352023122,-0.317640452,-0.408868236,0.430679408,0.818877362
1999,0,45816D10,-0.758627993,-1.647711695,-0.508207011,-0.046331066,-0.67660825,-0.847382328,-0.786103463,0.235443617,-0.793879691,-0.494799814
1999,0,45817G10,1.947265427,-0.795068444,-2.064231759,4.888115019,-1.363863457,-1.247682666,2.876476871,-1.991181898,-2.763557265,0.066641465
1999,0,4.58E+14,-4.382767927,-2.241779108,-0.612277565,-0.391554799,-1.282556084,3.660854595,-1.175432605,-0.280477282,-2.763557265,-2.213994822
1999,0,45819Y10,-4.382767927,-2.241779108,-2.064231759,0.154482484,-1.363863457,4.474717263,-1.233402895,-2.208174586,-2.189476035,0.774498215
1999,0,45820C10,-0.278201996,-0.071039234,0.137617969,-0.347762671,-0.933158613,-0.814112602,0.591953138,0.023707635,-1.022706753,-1.214295222
1999,0,45822P10,-0.642221031,0.448011879,0.254323854,-0.394480191,-0.694811352,0.45338169,-0.645530426,0.342896048,1.134695723,1.056739341
1999,0,45822X10,-3.87100014,-2.241779108,-2.064231759,0.282600839,-1.018321018,2.04766,-1.222177181,-2.208174586,-2.218980491,-0.830443288
1999,0,45833410,1.184907395,1.072930138,0.571598581,-0.249381995,-0.248105216,-0.677870918,0.299730538,0.480578807,0.129907199,0.081434976
1999,0,45839M10,0.31669245,-1.046141817,-1.59898271,2.474267828,-0.712116038,-0.844642961,-0.065865438,-1.336847755,-0.47228799,0.788050406
1999,0,45840F10,1.401535401,-2.241779108,-2.064231759,1.285293511,-1.363863457,-1.261084985,2.169824114,-2.208174586,-2.763557265,-1.011856705
1999,0,45840J10,-0.301287007,0.17461844,-0.226873685,0.26243238,-0.729038179,-1.064560348,-0.363223315,-0.031704952,0.216077431,0.786495378
1999,0,45857P30,-0.912705383,0.798762121,0.513992249,-0.338259463,-0.694034281,0.081806567,-0.893065889,0.44523379,1.907357063,2.254452618
1999,0,45865R20,-0.754431634,0.132594176,0.447074111,-0.363087108,-0.292128842,0.457456054,-0.785139193,0.258342295,0.517489718,0.442350085
1999,0,45866510,-0.068665189,0.42468451,0.318424311,-0.39980659,-0.027009342,0.278531515,-0.222829133,0.266227081,1.178943558,0.693241109
1999,0,45866V10,0.490921883,0.025390753,-0.432413893,-0.383572736,-0.862435938,0.992029752,0.01241672,-0.240280566,0.197657556,0.353437499
1999,0,45867G10,1.679299496,-1.711827749,1.281334762,6.6953604,-0.747401491,-1.209875626,2.876476871,1.508392485,0.046828151,1.817534027
1999,0,45867J10,-1.49353045,-1.052457576,-1.783565139,-0.107591835,0.066801032,0.919457112,-0.9597607,-1.826343801,-0.807097184,-0.380294672
1999,0,45873810,1.245582383,-2.241779108,-2.064231759,6.353299988,-1.209766533,-0.634901206,0.332129346,-2.208174586,-1.934905492,0.239957997
1999,0,45874210,-0.216423037,-0.569626166,-2.064231759,2.539604415,-1.052209397,-1.146889977,-0.163296069,-2.071573986,-0.113911489,1.297149535
1999,0,45875110,1.54945579,-0.43756192,0.47650903,2.945931314,-0.091173348,-0.824917069,1.059447267,0.67847349,-0.318732123,0.746040839
1999,0,45878610,0.009345071,0.193008853,0.119098588,-0.390129424,-0.124896977,0.266823406,-0.425667171,0.217697072,1.393250695,1.086956446
1999,0,45884750,-0.113450964,-0.362644824,0.335298884,-0.379017809,-0.387589477,0.377604463,-0.231174386,0.577649591,0.536709695,0.36667436
1999,0,45885A30,1.74016908,-0.299265699,-1.625989647,6.6953604,-1.322149431,-1.185594041,2.876476871,-1.227397533,-0.63935447,2.312505411
1999,0,4.59E+24,0.770754519,-1.684445861,2.142463254,0.665782873,1.009306811,-1.039796104,0.515369931,2.000564954,-0.828961482,-0.737496109
1999,0,45903910,-1.108253571,-2.241779108,-2.064231759,6.6953604,-1.363863457,-0.880139208,-1.199158139,-2.208174586,-2.763557265,-0.308984598
1991,1,45917320,-0.460877072,-1.316335673,-1.240141292,-0.426125498,0.038964791,2.643494422,-0.110785004,-2.208174586,0.115328073,-1.066837805
1999,0,45920010,-0.615839314,0.479391759,0.586583603,-0.243875689,-0.246340935,0.72657514,-0.730901993,0.69711044,2.179175451,2.4845845
1990,1,45935610,0.277823766,-1.936495475,-2.064231759,-0.406708514,0.040958232,1.25256572,-0.46496125,-2.208174586,-0.530415614,-1.173423661
1999,0,45937P10,-0.143238464,-0.157786378,0.122053565,0.611962476,-0.122013013,0.480392799,-0.632146553,0.210027956,-0.625353829,0.321677935
1999,0,45950610,0.321406001,1.485390003,1.180747527,0.040541654,-0.216306976,-0.434308781,-0.121426202,0.878371211,1.241871648,1.840418141
1999,0,45950T10,0.005765044,0.27130566,0.423749708,-0.256785235,-0.179959317,0.000672996,-0.432246433,0.433543289,0.395805026,0.574564737
1999,0,4.60E+14,-0.252589414,0.200959982,0.275907041,-0.38731712,0.244815494,-0.219946968,-0.394327779,-0.333864431,0.933322324,0.355632287
1999,0,45964K10,-0.858385138,-0.840690414,-0.659850565,0.249903591,-1.320406541,-1.006695375,-0.92417662,-0.457512962,-1.573106153,-0.118958593
1999,0,45972C10,-0.603700734,-0.7944392,-1.993440741,-0.29163109,-1.298818806,-0.309911498,-0.540602021,-1.690955925,-1.123744314,-0.124379112
1999,0,45982420,0.445664219,-2.241779108,-2.064231759,-0.294719532,-0.627850557,0.193507773,-0.451391071,-2.208174586,-0.954828861,-0.789825777
1999,0,45990210,0.642396211,0.984691839,0.629368319,-0.363145574,-0.783219132,1.024969169,1.092222263,0.347230276,1.068515429,1.432291782
1989,1,46009410,-0.883920111,-2.241779108,-2.064231759,-0.366196805,1.655696955,1.458122095,-0.800061175,-2.208174586,-1.786240119,-2.213994822
1999,0,46010T10,-4.382767927,-2.241779108,-2.064231759,0.461660591,0.461026773,5.110424207,-1.187442484,-2.208174586,-2.175508278,-0.800733265
1999,0,46014610,-0.443535299,0.458366517,0.153078464,-0.347813718,-0.460182578,0.240790203,-0.437941283,0.154977874,2.179175451,2.4845845
1999,0,46018710,-1.996037351,0.780843453,-0.874291866,-0.372069338,-1.26297732,-0.341680602,-1.233402895,2.000564954,-2.520188745,-2.213994822
1999,0,46018M10,-0.068360188,0.33439988,-0.938230308,-0.379989208,-0.781930818,0.403880961,-0.114273876,0.516000178,1.808331023,2.012139852
1999,0,46025410,0.00397729,0.333783144,-0.040251253,-0.287267426,-0.508588701,-0.269431031,-0.164091284,0.061242577,0.857046617,1.066308191
1993,1,46026310,-0.643443861,0.458601226,-0.022053144,-0.393837262,-0.447482851,0.511974244,-0.719663182,0.125054927,-0.193144155,-0.546107588
1999,0,46032120,-0.591674797,0.428338542,0.387929945,-0.42174587,-0.804673168,0.68404983,-0.536458938,0.246432603,0.706647702,0.05599483
1999,0,46033520,-0.851701192,0.3563748,0.214444872,-0.102523731,-1.168286741,-0.292170768,-1.009458728,0.348836916,0.618379461,1.788211813
1999,0,46034D10,0.345982284,-0.307346681,-2.027929517,0.187957441,-0.628778872,-0.633115292,-0.002477767,-1.637547697,-1.009762398,-0.445966889
1984,1,46038010,-0.550290598,-2.241779108,0.168946158,-0.416937406,1.601127793,0.576316355,-0.709222061,0.170661906,-0.640020065,-1.999961791
1984,1,46046810,-1.114040632,-2.241779108,-2.064231759,1.37611798,-0.664222605,0.802932141,-0.855772615,-2.208174586,-1.994917662,-0.653663052
1999,0,46048V10,-2.582036823,-0.316319869,0.144195633,-0.427117541,0.093083931,1.698782748,-1.085102182,-1.206914131,0.51172347,-1.40699956
1999,0,46058810,1.087946398,0.087120466,-0.746229659,-0.026479695,4.036249207,-0.7515767,0.268908538,-1.659117731,0.212923595,-0.350392122
1999,0,46058Y10,-0.736951737,-1.042682668,-1.138202429,0.729942322,-0.294587679,-0.440751465,-0.773489267,-0.744923875,-0.492799097,0.327579826
1999,0,46059310,1.330133753,0.146782598,0.7612067,0.077564712,0.143186688,-0.807504707,1.313162272,0.528632136,0.062423578,0.26719664
1999,0,46059C20,1.300270967,0.11959107,-0.323941646,4.232264467,-1.363863457,-0.691429368,2.876476871,0.019150297,-0.529046548,2.4845845
1999,0,46059T10,-0.569835747,-0.061716443,-0.54861013,0.471130253,-0.644948715,0.199444848,-0.723931283,-0.695069966,0.541863855,1.738676507
1999,0,46061510,-1.177875805,-2.241779108,-2.064231759,-0.333317406,0.648242724,1.55793882,-0.845336449,-2.208174586,0.192064747,0.153224813
1999,0,46069010,-0.699079703,0.369852346,0.274578438,-0.276901257,-0.805204614,0.845887469,-0.765904232,0.358639436,1.687324202,2.478131589
1999,0,46072H10,-0.726512148,0.465272104,0.505613721,-0.371661275,1.036103013,0.346659486,-0.761148266,0.47238399,1.596727529,1.211167484
1987,1,46078510,-0.669177608,-2.241779108,-2.064231759,-0.246821557,-0.228675889,0.290859547,-0.74933573,-1.264863019,-1.390696333,-1.309040684
1999,0,46088S10,-1.326540195,0.170211096,0.260455427,-0.391878982,4.036249207,0.507027554,-1.00202635,0.286062563,1.19904479,0.233419014
1999,0,46091910,-0.4752841,0.334543923,0.314953788,-0.33309094,-0.587667603,0.383993771,-0.52945448,0.180666866,0.874522653,1.131048967
1999,0,46093410,0.110764689,-0.212749497,0.065155568,-0.417990563,-0.098175127,1.156743124,-0.368859981,-0.050133021,0.535520638,-0.242749275
1983,1,46102710,-2.981631445,-0.006171384,-1.201115683,-0.421592763,2.109892968,1.517795089,-1.136757455,-0.894741173,0.553238246,-0.770852821
1999,0,46114210,0.009039353,0.498061159,0.819935237,-0.030689646,-0.309820956,0.311240564,-0.362044935,-0.208478917,0.60143825,1.303840736
1999,0,46114710,0.979574971,0.597754562,1.158767885,0.792671611,-0.1439854,-1.018501361,0.641518293,0.970057047,-0.237507457,0.281624742
1999,0,46114810,1.010300157,0.332064988,-1.535443919,-0.389021462,-0.864231887,0.482697361,0.468302601,-0.568525267,-0.150489176,-0.186187917
1999,0,46114Q20,1.184509591,-2.241779108,-2.064231759,6.6953604,-0.549274965,-0.734252844,0.421234693,-2.208174586,-0.17342768,1.605898967
1999,0,46114T50,1.359138437,-0.421476366,-1.572699673,6.6953604,-1.150742622,-1.337789786,2.876476871,-1.129302596,-0.522624971,1.685763314
1996,1,46115740,-0.941842748,-1.586413165,-2.064231759,-0.404838299,0.638511242,1.476814611,-0.81082854,-2.208174586,-0.54367552,-1.276531587
1999,0,46118M50,-0.414598076,-0.534198086,-1.767466979,1.168873727,-0.542518412,0.261379257,-0.680303825,-1.292736035,0.17205704,1.536122415
1999,0,46119910,0.22317631,-2.241779108,-2.064231759,1.325392798,0.409649384,-0.137225506,-0.453188849,-2.208174586,-1.319709298,-0.534751185
1999,0,46120210,0.364202743,0.330407713,-0.132858542,-0.024493785,-0.967501167,-0.545893126,-0.24109156,1.183061025,1.031860104,1.955959947
1999,0,46120310,0.064560993,0.563073841,0.494093411,-0.368812641,-0.338371057,0.42149626,-0.069766539,0.401889199,1.045964273,1.005781531
1999,0,46121410,-0.651112874,-0.295820741,0.053568568,-0.345127007,-0.36859717,0.120831941,-0.679712869,0.133794016,-0.393494029,-0.517870555
1999,0,4.61E+24,1.029640548,0.867297727,-0.926993069,-0.149730851,-0.835093538,-0.632075511,0.153713787,-0.544751244,-0.031827502,0.440820095
1999,0,46121H10,-0.228120096,0.664064565,0.132999442,-0.377155162,-0.011218989,-0.106727441,-0.568764027,0.249298981,0.195253203,-0.265315024
1999,0,4.61E+14,-0.398080101,-0.044298675,-0.192436796,-0.261780296,0.293962174,-0.472019193,-0.625114871,-0.077255152,0.675089365,0.573855335
1999,0,46127H10,-0.152168186,-2.241779108,-0.865301018,-0.412518062,1.070596983,1.502539037,-0.624169248,-2.208174586,-0.253144444,-1.195025065
1999,0,46129F10,-1.007681991,0.210806989,0.066994068,-0.401396525,-0.339157387,0.516883842,-0.895829126,0.043023171,0.226790561,-0.227738813
1989,1,46185610,-0.40485319,-1.339499662,-2.064231759,-0.199822539,-1.125501455,-0.245977759,-0.28951393,-2.013634077,-0.674498852,0.117963262
1999,0,46185R10,1.956392408,0.206913295,0.449675774,6.6953604,-0.808956983,-1.399040083,2.876476871,0.439767418,0.033389878,1.291229269
1999,0,46185W10,-0.176634465,0.208989992,0.135935248,-0.421840123,2.860677771,0.772654709,-0.658973168,0.011556905,0.462895857,-1.091805897
1999,0,46191910,-1.078851888,0.329119425,0.937507029,-0.17623553,-1.006544972,-0.567677821,-1.034640101,0.756650995,-0.479120547,0.09168619
1999,0,46204410,0.797821303,0.069021486,-0.80335416,0.123719578,-1.019502952,-1.247793333,1.698961133,-1.164318129,0.261548999,0.824320768
1999,0,46205A10,-0.29469243,-0.186685124,-1.089918827,-0.354463485,-1.213433367,-0.454747392,0.08888656,-0.511564294,0.545177447,1.104178849
1999,0,46205P10,0.83505757,-0.733166788,-1.443608982,5.039985094,-0.442293931,-0.951926653,0.484620532,-1.153113865,-0.403971002,0.929133397
1999,0,46206P10,0.987110709,0.533319917,0.091938283,1.783669509,-0.552354414,-0.929948285,0.465746845,0.364800909,0.205488155,1.279565315
1999,0,46261300,-0.808202236,0.717698479,0.590397142,-0.370022597,-0.971609362,0.469406328,-0.877316752,0.491907639,1.025771553,1.400208411
1999,0,46261R10,1.379303075,-2.018127596,-2.064231759,0.844512116,-1.363863457,-1.375640386,2.876476871,-2.208174586,-2.423792164,-0.161604988
1999,0,46262210,-0.130433507,0.741092046,0.297768713,-0.343139235,-0.758269245,-0.387619438,-0.029252747,0.448076336,1.013027547,1.129894789
1999,0,46262V10,0.96071463,-2.241779108,-2.064231759,0.415162977,0.037887881,-0.621748063,0.223546503,0.431334096,-0.439595723,0.054333555
1999,0,46268410,1.600158423,0.403856463,0.186539676,0.269853462,-0.451754807,-1.138711354,1.629860198,0.442150766,-0.33816008,-0.049811399
1999,0,46270W10,-0.133061774,-1.784265199,0.960950162,-0.400113919,-0.286799941,0.269310711,-0.450750343,-1.439193681,-0.353829166,-0.934561437
1999,0,46366450,-0.359912544,-2.241779108,-2.064231759,0.156194928,-0.183430326,0.072783721,-0.655243045,-2.208174586,-0.6870846,-0.076041318
1989,1,46399594,-0.511115729,-0.040212893,-0.348707163,-0.421144584,0.823242401,1.147417592,-0.719353725,-0.557174885,0.542653485,-0.611304874
1999,0,46417340,-0.27720095,0.502237249,0.254513494,-0.413977575,0.246679147,0.681605919,-0.663260823,0.247738534,0.265573238,-0.606288104
1999,0,46419210,1.051151801,-0.248744289,-1.632151678,-0.367296492,0.98826299,-0.81258509,0.62769058,-1.552716399,0.117826733,-0.797291786
1999,0,46426P10,-0.304225892,-2.241779108,-2.064231759,-0.298960646,-0.9279971,5.110424207,-0.505096816,-2.208174586,-1.292812672,-0.310047067
1999,0,46427820,-4.382767927,-2.241779108,-2.064231759,-0.396982806,-1.244484513,5.110424207,-1.226078885,-2.208174586,-2.32573685,-1.331217563
1999,0,46433010,0.631802305,-2.241779108,-2.064231759,-0.304832997,-1.00716317,1.420393942,0.759955267,-2.208174586,-0.244125306,0.51172344
1999,0,46459210,-0.559363623,0.160741941,0.396185331,-0.406140819,-0.785620987,1.062105106,-0.532583676,0.272217549,0.94734025,0.847853972
1999,0,46489530,0.519180853,-0.150709736,-1.850537525,2.763012242,0.133255653,-1.135231215,0.511821644,1.977755793,-0.632665842,0.08040695
1999,0,46490410,0.976050773,-2.241779108,-2.064231759,1.181639204,-1.004262489,-0.920827423,0.580658059,-1.807672828,-1.361463916,-0.258970311
1999,0,46511720,-0.711627764,0.165720554,-0.000489867,-0.409681818,-0.926802352,0.719758709,-0.752012384,0.307949939,0.72688033,0.58978191
1999,0,46514140,0.835682453,0.136321424,-0.1808465,-0.28166633,-1.27492524,-1.177994577,0.988807024,0.72574404,-1.22602105,-0.802344265
1995,1,46530610,0.648223352,-0.994592861,-1.100954864,-0.141171555,-0.469071126,-0.332992044,-0.012443634,-1.819570577,-0.584271117,-0.275321961
1999,0,46564720,-3.014041974,-2.241779108,-2.064231759,-0.149705378,1.896723921,1.365685327,-1.16788405,-2.208174586,-0.470380897,-0.356583716
1999,0,46564T10,-0.24220337,-0.428926105,-2.064231759,-0.250274142,-0.262847449,0.091850408,-0.547551592,-0.068816418,0.099500247,0.315266485
1999,0,46564U10,0.009652867,-1.978464686,-2.064231759,-0.039309231,-1.363863457,-0.436940636,0.214366266,-2.208174586,-2.332476186,0.099987523
1999,0,46574110,-0.006229682,-0.421941449,-1.136265311,-0.3889772,-0.239165115,0.686666427,-0.416556657,-2.208174586,0.446029763,0.170667907
1999,0,46574310,-0.795432281,-2.241779108,-2.064231759,1.577102839,-1.100774256,-0.230271926,-0.817441732,-2.208174586,-1.680549344,-0.0832618
1999,0,46575420,1.436648425,0.190344215,0.177469809,1.424462957,-0.628937402,0.26262275,0.931149578,0.295290891,0.875330879,2.43779707
1999,0,46578080,-0.090198636,0.187318491,0.148879325,-0.415461364,-0.495177228,-0.037281365,-0.340073807,0.875679214,1.06171252,0.34628192
1999,0,46579N10,0.041878172,-1.808010318,-0.478572296,-0.363804852,-1.266853144,-0.850853472,1.230998981,-0.128561225,-0.296633385,0.091433382
1999,0,46593310,0.189751051,0.379264565,0.517017739,-0.392851981,0.13272985,0.47095924,-0.135931747,0.395823175,0.386181846,-0.1090432
1999,0,46600W10,0.77086036,-0.200636654,1.010406286,-0.101933656,-0.002965603,-0.058291843,-0.001107833,0.837685749,0.078932104,0.425799674
1999,0,46603210,-0.504048173,0.892820185,0.597885839,-0.290469298,0.149329282,-0.438297226,-0.566889257,0.555871057,0.604490583,0.464779996
1999,0,46609610,-1.061373819,0.22556469,-0.067322365,-0.380713921,-0.025766118,-0.323675769,-1.167802003,0.081649451,0.088274541,-0.47973019
1999,0,46612J50,-0.500179933,0.035012916,-0.085159959,1.384716764,-1.301689776,-1.266370227,0.324435685,-0.160721447,0.596701699,2.381799815
1999,0,46612K10,1.023398681,0.108276118,-0.215910722,0.715691844,-0.559689891,-1.27816664,1.77115083,0.1263464,0.325363603,0.816086293
1999,0,46621210,0.4144508,-2.043742343,-0.706572965,0.117119149,-0.022685658,-0.173691831,-0.351293941,-0.603316334,-0.36886034,0.123937686
1999,0,4.66E+14,1.051435782,0.701085661,1.255917145,-0.332148628,1.306183272,-0.619060032,0.124669661,0.876377088,-0.493258895,-1.2448707
1999,0,4.66E+24,1.258065901,-1.051759473,-1.705006784,2.024829648,-1.232220497,-1.340153967,2.876476871,-1.849274667,-0.835036074,0.528538711
1999,0,46631310,0.15083695,0.627316547,0.844724553,0.206897982,1.081567151,-0.373884595,-0.372902429,0.771175226,1.372326149,1.810255573
1999,0,46636710,-1.255778038,0.041202075,1.020591344,-0.329618423,0.599949546,0.64404584,-1.077945269,0.720706709,1.246635479,1.210757221
1990,1,46640110,-0.938058729,0.110774777,-0.917995166,-0.372188758,2.851539341,0.916253897,-0.815585607,-0.579424888,-0.59024139,-1.376926334
1999,0,46977220,1.146203367,0.662612397,-0.704642166,-0.371053966,1.221188184,-0.551925968,0.227279173,-0.343937666,-0.026290296,-0.903990102
1999,0,46978310,1.104751656,0.457927078,-0.215112012,-0.407286941,0.805845193,-0.021504229,0.409940462,0.010290445,0.319901161,-0.683568187
1999,0,46981410,-0.36608456,0.627136196,0.408447218,-0.358116648,1.28939766,0.301859355,-0.649135779,0.469239673,1.51614623,1.159108248
1999,0,4.70E+14,0.815619329,0.362276124,0.531875653,0.084204074,-0.4863412,-1.025566866,0.551901856,0.738044064,0.425570861,0.778196283
1994,1,47073710,1.339704988,0.121303869,-1.532394951,-0.427117541,3.992285156,0.100445494,0.185364794,0.074431098,0.939048818,-1.376135412
1999,0,47091610,0.316031371,0.000925423,0.353282896,2.519077168,-0.869300741,-1.239439444,0.709601436,0.697707094,-0.469884899,0.603011744
1999,0,47104010,-0.718052136,0.137493713,-0.031988219,-0.408984239,-0.432362904,1.026218102,-0.761960515,0.183259237,2.173260484,1.950891476
1999,0,47110910,-0.22883294,0.699712978,0.622223626,-0.384988233,-0.238044379,0.318790276,-0.35230767,0.684122506,0.671370016,0.386643541
1999,0,47214R15,0.774827953,-0.198058916,-1.239355105,-0.111357657,-1.350961513,0.97092605,1.354907184,-1.073798179,-0.390727131,1.825412153
1999,0,47215Q10,0.007529087,1.022487506,0.086923766,-0.198918844,1.331728857,-0.303521769,-0.351442147,0.666218435,1.456228707,1.435615582
1985,1,47261010,0.301187872,1.143196715,0.488873319,-0.113273415,-0.140875311,-1.018783076,0.297323652,2.000564954,-0.368476332,-0.465744417
1987,1,47585410,-0.384539729,0.061007543,-0.551274907,-0.413426857,0.901188795,0.849694839,-0.699162984,-0.602000617,-0.49203395,-1.558226974
1999,0,47615310,-2.048933986,-2.241779108,-0.046469226,-0.407068247,3.372272723,2.389884613,-0.968624542,0.208505921,0.221090762,-0.727066109
1999,0,47733C20,1.117123567,1.03354338,1.167801038,-0.112809902,3.190263623,-1.100323746,0.994151113,0.657878928,-0.304924892,-1.037488885
1984,1,47741210,-2.325271044,-2.241779108,-2.064231759,-0.363657439,0.705305386,1.012945347,-1.233402895,-0.569385935,-1.140871047,-1.601579778
1999,0,47758P30,0.526832492,0.606564327,0.412138666,-0.405585971,0.687566624,0.353302079,-0.026856199,0.339244227,1.225565969,0.480181387
1999,0,47777N10,-0.427359427,-2.241779108,-0.911766499,-0.285522383,0.593260571,0.59265749,-0.649622035,-1.308197809,-0.696591949,-0.811553863
1999,0,47785310,-0.773860992,-1.412611565,-0.232009876,-0.425963405,-1.363863457,0.760883906,-0.83120034,0.070783387,-2.482068851,-1.708460266
1999,0,47816010,-0.113636278,1.059614466,1.180807966,0.218295774,-0.312755796,-0.260502036,-0.376218249,1.058621704,2.179175451,2.4845845
1999,0,47836610,-0.903426647,0.459611298,0.479240298,-0.372212839,0.742640597,0.637256779,-0.829086051,0.436716837,2.179175451,2.000962028
1999,0,47916710,-0.1592484,0.59574642,0.341907741,-0.403204275,-0.015947006,0.155817413,-0.482377321,0.268312461,0.697043168,0.067702982
1984,1,47973010,-2.012401984,-1.091137418,-0.845200362,-0.351637541,-1.348209594,0.073533243,-1.233402895,-2.208174586,-2.596131362,-1.494294392
1999,0,48007410,-0.206838123,0.608080077,0.92812262,-0.291126367,-0.101480501,0.081684391,-0.408251086,0.560655288,1.552452461,1.764725168
1999,0,48020Q10,-0.995762837,0.029366535,0.293876196,-0.39122686,-0.471302656,0.368949632,-0.866638236,-0.562176309,0.978968354,0.777542932
1994,1,48023710,-0.12620848,0.285496226,0.146104606,-0.402996161,0.741787664,0.763131616,-0.567834614,-0.197678961,-0.163233779,-0.957616507
1999,0,48081510,-0.308762664,0.180417318,0.339211597,-0.334376586,-0.862299329,0.280956491,-0.581313374,0.391164966,-0.060765963,0.243713261
1999,0,48083810,0.25801381,-0.10133723,0.341967146,-0.392235581,1.20703364,-0.139845471,-0.305770766,0.221488376,0.446269536,-0.425647901
1999,0,48113810,-0.674700987,-1.234230877,1.105142583,-0.378527929,-0.605787704,2.372771242,-0.667034818,0.57310104,0.797708385,1.080218952
1999,0,48116510,-0.395667245,-1.450241454,-0.362788414,-0.427117541,-0.639979165,3.273122106,-0.607221269,-2.208174586,1.1416773,-0.079305765
1988,1,48139010,-0.723708432,0.171463324,-0.661398906,-0.419047084,0.325713152,0.857373157,-0.773273653,-0.769151394,-0.212940807,-1.29863565
1999,0,48190588,-0.984323767,-2.241779108,-2.064231759,0.419746782,-1.1877991,-0.703629247,-0.967988129,-2.208174586,-1.772760472,-0.5863185
1999,0,48203R10,1.270996557,-0.057942971,-0.382681539,6.6953604,-1.153489826,-1.290902051,2.23876356,-0.001152715,0.194685575,2.4845845
1999,0,48207210,-0.52281509,0.434386139,0.766161666,-0.251391032,-0.780011692,-0.335676236,-0.147112559,0.879381844,-0.288564018,0.026828063
1999,0,48207D10,-0.191415397,-0.263066795,-2.064231759,5.953420819,-1.113464073,-1.068255017,-0.26613891,-2.010776467,-0.540010499,1.319403216
1999,0,48248010,0.449995283,0.919349471,-0.052684801,0.613189492,-0.777207828,-0.941313367,0.094882002,0.278432695,1.029802558,2.001758665
1990,1,48248410,0.624667933,-0.14382729,-0.382152068,-0.422430579,1.153778566,0.844258679,-0.355906986,0.028188448,0.532561966,-0.805331838
1999,0,48251630,-0.663776401,0.406599943,-0.116480076,-0.420004238,-0.554996277,0.729147118,-0.725802666,0.372543438,1.809644166,1.223815914
1999,0,48256410,0.084805101,1.098620634,1.602617975,-0.173348084,0.42881765,-0.433847796,-0.20955073,1.202135874,-0.216325812,-0.256437647
1999,0,48265M10,-0.47365182,-0.249915452,-0.376202958,-0.37871826,-0.547576503,0.673222326,-0.696110173,-0.131061892,-0.965497345,-1.173085942
1999,0,48268610,1.746096867,1.406895269,2.142463254,-0.057909569,0.823746914,-0.897070319,2.622346075,1.657572286,0.600425746,0.516118621
1999,0,48268K10,-0.860101157,0.81936957,0.005537948,-0.145029966,-0.874834408,-0.224040857,-0.879348104,0.210683124,2.024976807,2.4845845
1999,0,48268R10,0.116534952,0.215296755,0.432031853,-0.398193108,0.557696027,0.131812143,-0.532532344,0.460298806,-0.134588091,-0.949060993
1999,0,48272430,-0.56142385,-0.721245554,-2.064231759,-0.286105643,1.069815961,1.122134831,-0.739534779,-2.008014552,0.08426183,0.059776976
1999,0,48273010,0.07812818,0.96648049,0.935560159,-0.343405641,0.437979145,0.033164751,-0.440646788,0.92998597,0.133291572,-0.202442202
1999,0,48273810,0.505751066,0.021567872,-1.549377841,-0.158551943,-0.076423123,-0.798335114,0.854088088,-0.782854322,-0.401303974,-0.455558025
1999,0,48274020,0.113305607,0.824020763,1.453149706,0.33855722,-0.20195705,-0.692469905,0.057077763,1.258486187,0.33444949,0.928378524
1999,0,48282T10,0.406023928,0.542504151,0.183385383,-0.327358083,-0.79619843,0.285031344,-0.05526454,0.380315345,0.511323769,0.863125436
1999,0,48300770,-0.40949766,-0.13513938,-0.211173377,-0.416929464,-0.655904652,1.270634901,-0.503466126,0.003367982,1.380943924,1.012353338
1999,0,48305910,-0.530326854,-0.863573303,-0.531909932,-0.427117541,-0.079893127,2.264379279,-0.730913234,-0.0392283,0.607955881,-0.865417207
1999,0,48354810,1.009092309,0.843519977,0.448164088,-0.341485751,0.703593137,-0.371935193,0.125100537,0.424995876,1.090416856,0.693711845
1999,0,48360030,1.095316432,-2.241779108,-2.064231759,6.6953604,-1.153042648,-0.67389432,0.205804268,-2.208174586,-0.593246485,2.043225602
1984,1,48399Y00,-0.85323942,0.179560813,-0.377046777,-0.386510481,-1.164264854,0.754965241,-0.893658173,0.511300912,0.348619147,0.839754699
1999,0,48517030,-0.417469347,0.838723407,1.081898374,-0.124284531,-0.714720092,0.114052911,-0.381744316,0.806221574,1.333489663,2.168057119
1999,0,48590610,1.363207146,-2.241779108,-2.064231759,0.29197078,0.253302101,-1.019143412,0.958709751,-2.208174586,-0.5295744,-0.403279292
1999,0,48602610,0.043214153,0.545965712,0.198779129,-0.414184443,-0.076335036,0.240245835,-0.238977466,0.255426272,0.871726008,0.070405112
1999,0,48658710,0.497011893,1.485390003,1.288908281,0.171534317,-0.47277779,-0.945990659,0.735841264,1.069337626,0.652656274,1.150745825
1996,1,48659010,-1.179629352,-2.241779108,-2.064231759,-0.364997146,0.611060917,1.031238185,-0.859021392,-2.208174586,-1.040679755,-1.474881551
1988,1,48661510,-1.175877719,-1.489924813,-2.064231759,-0.380184139,1.688207024,1.080930251,-0.858024478,-2.208174586,0.055523985,-0.54952434
1999,0,48758410,0.297419227,1.108700083,0.83733107,-0.245192968,0.149849039,-0.351826463,-0.237578411,1.326039698,0.188187158,0.15456826
1999,0,48783610,-0.759765128,0.477362519,1.315896898,-0.227458645,0.265500988,0.92709377,-0.784115186,0.579628459,1.868067202,2.352140533
1999,0,48815220,0.138949037,1.141679516,0.749287635,-0.300650554,3.298873224,-0.283366439,-0.449038334,0.658768714,1.672898175,1.185317749
1999,0,48836010,0.155021614,0.566842971,0.714252278,0.039452717,-0.375508913,-0.366296219,-0.06109226,0.614417942,1.019761226,1.680742383
1985,1,48851810,-4.382767927,-2.241779108,-1.01599295,-0.427117541,-0.467687007,5.110424207,-1.145605913,-2.208174586,-0.246410884,-1.250327821
1999,0,48880L10,0.034789351,0.244015662,0.251342299,-0.285162809,-0.660110237,-0.778994798,-0.267845086,0.391865928,0.247246925,0.265513814
1989,1,48908410,-1.566257912,-2.241779108,-0.808125034,-0.278089839,-1.095262065,-0.507031686,-1.142865981,-0.513253775,-1.378457435,-0.997497466
1999,0,48917010,-0.159399351,0.491695762,0.377913374,-0.381538628,-0.325041278,0.246529647,-0.261327652,0.241447695,1.352528422,1.20020308
1999,0,49005710,0.490480207,-1.036221717,0.492839036,-0.014286103,-0.727645619,-0.610326078,0.936093551,0.859086735,-0.536086057,-0.018940696
1999,0,49059310,2.023422271,-2.241779108,0.646371894,3.508207238,-1.210446588,-1.505889267,2.876476871,1.423923761,-1.366585045,-0.77498394
1996,1,49178210,-4.382767927,-1.917504961,-2.064231759,-0.380517069,4.036249207,3.709997076,-1.139795608,-2.208174586,-0.633445073,-1.493786139
1999,0,49254520,-0.303602395,-2.241779108,-2.064231759,4.032450327,-1.203519278,-1.505889267,2.360541797,-2.208174586,-1.82334449,-1.010125487
1999,0,49256410,-1.040533892,0.267539992,0.388223628,-0.350709023,-1.037351607,-0.15117104,-1.041909547,0.571246563,-0.549489747,-0.317433854
1999,0,49285410,0.191127613,0.976162888,0.608345797,-0.278648303,0.775382845,-0.516429684,-0.260753515,0.713168034,0.069353607,-0.280715093
1999,0,49291410,-0.580954404,0.102914915,-0.201119537,-0.407838754,-0.898906147,0.675925705,-0.354822887,-0.191266098,0.812556342,0.689246949
1984,1,49308610,0.235830246,-0.859216479,-2.064231759,-0.254868266,-1.132474772,-0.949021632,-0.003123531,-2.208174586,-1.659250557,-1.410121388
1999,0,49314310,0.916017474,1.039148047,0.527342647,-0.238555774,0.355070532,-0.810784172,0.306500299,0.63968541,0.031738085,-0.259418042
1999,0,49314410,0.584114628,0.355831875,0.153920865,-0.358474635,0.621118356,-0.132256121,-0.012306952,0.314181059,0.413782329,-0.062551318
